meter,total_consumption,avg_consumption,std_dev,peak,missing_pct,segment,volatility
MAC000002,4214.9250004,0.24057791098173514,0.23967487367618978,2.994,0.0,Industrial,0.9921224697332148
MAC000003,7008.3410035,0.4000651332058454,0.6398232492030319,3.757,0.01141552511415525,Industrial,1.595310078661574
MAC000004,618.246,0.035290027969632966,0.07177270137473604,0.69,0.005707762557077625,Residential,1.9777527158368278
MAC000006,1053.8650000000002,0.060152111872146134,0.05459270004930438,0.774,0.0,Residential,0.8927361358090813
MAC000007,3419.0919992999998,0.19518707537249527,0.23343887990190995,3.7839999,0.017123287671232876,Commercial,1.189878994111542
MAC000008,5200.733999399999,0.35881978745687865,0.24964694768071613,3.5810001,17.271689497716896,Industrial,0.6938110587112561
MAC000009,3012.3720003999997,0.1720274113642853,0.16744849159655928,2.4349999,0.05136986301369863,Commercial,0.9677570176671003
MAC000010,9309.049997099999,0.5313384701541095,0.4156485424276607,4.1890001,0.0,Industrial,0.7807974920680303
MAC000011,5245.4999996999995,0.2994177749700325,0.25018622640240634,2.582,0.005707762557077625,Industrial,0.8327943525557471
MAC000012,807.8789998,0.04611444716022604,0.08233747171828601,1.345,0.005707762557077625,Residential,1.7476056004281253
MAC000013,1770.194,0.10104423768479937,0.054628071613698086,0.432,0.005707762557077625,Residential,0.5353371523283529
MAC000018,3723.3339999000004,0.2125190639212329,0.1520795501526053,2.0880001,0.0,Commercial,0.7122527954164664
MAC000019,2309.4749999,0.13181934930936073,0.12805934926471718,1.641,0.0,Commercial,0.9641618478828967
MAC000020,2203.9560003,0.1258109373387373,0.13961638343894875,2.0090001,0.01141552511415525,Residential,1.1009806123111097
MAC000021,8088.857000000001,0.461719104971745,0.23701400955260604,2.7160001,0.005707762557077625,Industrial,0.5122200639782938
MAC000022,4485.1880001,0.2560184942119984,0.18432981365375048,1.294,0.005707762557077625,Industrial,0.7171850189959809
MAC000023,5020.1329997,0.2865536274730293,0.2931451049797845,2.2550001,0.005707762557077625,Industrial,1.0194449903341234
MAC000024,7525.710996200001,0.4295742334722302,0.6368595947113364,5.0250001,0.005707762557077625,Industrial,1.47909360384987
MAC000025,1833.4479997999997,0.10468470936393741,0.22701604918384924,1.783,0.03424657534246575,Residential,2.148050087379182
MAC000026,4351.7249995,0.24857057174273148,0.22549185794392448,2.6289999,0.07420091324200913,Industrial,0.903519418853484
MAC000027,3174.7220001,0.1812055936130137,0.11081592727890006,1.437,0.0,Commercial,0.608191686553059
MAC000029,1144.4590002,0.06536777474297464,0.1052983079724372,2.05,0.0684931506849315,Residential,1.5865878942036329
MAC000030,4222.480998999999,0.2411330591628119,0.2855240000032509,3.0710001,0.05136986301369863,Industrial,1.1792028770894214
MAC000032,4710.1109962,0.26885729757406246,0.5451731421826167,3.2309999,0.005707762557077625,Industrial,2.0202275316753058
MAC000033,2746.9490002,0.15679827616873107,0.1159285710556676,1.854,0.005707762557077625,Commercial,0.7346631019701831
MAC000034,8807.1339995,0.5028050924583238,1.0380824935639619,6.5279999,0.0228310502283105,Industrial,2.0604843204315864
MAC000035,8158.127001400001,0.4656996804087225,0.368790208931064,3.217,0.01141552511415525,Industrial,0.7902088311011652
MAC000036,965.3520000000001,0.05510314515668703,0.060586071251765725,0.419,0.005707762557077625,Residential,1.079905076311829
MAC000037,29.675999999999995,0.0016939323020720358,0.032835757077597755,0.862,0.005707762557077625,Residential,12.18878330845291
MAC000038,4468.6989993,0.25510641087514985,0.2623555780819191,2.6489999,0.017123287671232876,Industrial,1.024400666837722
MAC000039,3342.1370006,0.19085928848152592,0.22240421525980292,2.223,0.05136986301369863,Commercial,1.1592048371492745
MAC000040,11500.526999400001,0.6564227739383562,0.44370260114065224,5.1719999,0.0,Industrial,0.6749121246326893
MAC000041,3109.4630008,0.17750102756022376,0.20177903384614534,1.573,0.01141552511415525,Commercial,1.1304082480873556
MAC000042,3536.3719993000004,0.2019283960086793,0.1864997277729524,2.8559999,0.039954337899543384,Commercial,0.9190420436032805
MAC000043,1290.914,0.07369071811850668,0.07227998323944404,2.2130001,0.01141552511415525,Residential,0.9677237688994007
MAC000045,7434.340003300001,0.42435869646098523,0.4793663942368965,3.543,0.005707762557077625,Industrial,1.1269697745109226
MAC000047,1772.413,0.10124602993259454,0.06304635715468365,1.112,0.07990867579908677,Residential,0.6166142313422518
MAC000049,12792.9839999,0.7301931506792237,0.6738724228813735,6.171,0.0,Industrial,0.9216065854219182
MAC000053,3286.0979993,0.18760550349965746,0.19999810683978575,2.4619999,0.0228310502283105,Commercial,1.0604044056442339
MAC000054,3548.487,0.20255077344597294,0.12116796097404185,1.349,0.005707762557077625,Commercial,0.5952714348501487
MAC000055,4578.5739978,0.26137888895358796,0.21337768322375575,2.4579999,0.017123287671232876,Industrial,0.8132425747922882
MAC000056,2051.3900002,0.11710183812079004,0.10852851091169101,1.5420001,0.01141552511415525,Residential,0.9189400659513207
MAC000057,2794.953,0.1595292808219178,0.10793922689809705,1.757,0.0,Commercial,0.6723958790909852
MAC000058,1247.492,0.07121201050348214,0.07909755546059469,1.043,0.01141552511415525,Residential,1.0953517968701414
MAC000059,6353.2360003,0.3626690261616623,0.19221456148938942,2.0880001,0.01141552511415525,Industrial,0.528542569374451
MAC000060,3870.4500001,0.22091609589611874,0.207013119631347,2.036,0.0,Commercial,0.932844094951328
MAC000061,2214.4469999999997,0.12640259147211597,0.09417662350737546,1.152,0.005707762557077625,Residential,0.7392049284020057
MAC000062,4428.169000100001,0.2527926585659645,0.13093220697958752,2.7160001,0.017123287671232876,Industrial,0.5159022633649439
MAC000066,2503.3520000999997,0.14290170111314077,0.10740520791497728,1.619,0.01141552511415525,Commercial,0.7463790009718605
MAC000067,2432.448,0.13885420710126725,0.09110351919637097,1.022,0.01141552511415525,Commercial,0.6514177948926747
MAC000068,6762.7419999,0.3862658213331049,0.28932042369394556,2.2060001,0.0684931506849315,Industrial,0.7470848387756067
MAC000069,1878.3770001,0.10723166067819832,0.1288811311602914,2.3510001,0.017123287671232876,Residential,1.1907895559644925
MAC000070,1598.6199998000002,0.09125585111314077,0.12306350096595468,1.454,0.01141552511415525,Residential,1.333937083459693
MAC000072,1571.97,0.08972943661167875,0.13270919149904462,1.433,0.005707762557077625,Residential,1.4626916737843185
MAC000073,1491.3430006000003,0.08519525853184806,0.1546663721983504,1.919,0.08561643835616438,Residential,1.794372159591622
MAC000074,4838.5530001,0.27626772867991317,0.2191213871791528,2.6429999,0.03424657534246575,Industrial,0.7902881024863648
MAC000077,2279.895,0.13013842114275928,0.08657166925508619,0.658,0.005707762557077625,Residential,0.6601548844395722
MAC000078,1721.9340006,0.098289514275929,0.17766018603094114,2.5109999,0.005707762557077625,Residential,1.7893146857100874
MAC000079,5598.618001,0.3285766770937261,0.3724804197046244,4.04,2.7454337899543377,Industrial,1.13017833358001
MAC000081,4693.0380006,0.26791334135982187,0.24276542852662478,2.323,0.017123287671232876,Industrial,0.9027645385648247
MAC000083,5472.8649982,0.31239596998687136,0.27796636789531953,2.812,0.005707762557077625,Industrial,0.8869494011265173
MAC000084,4862.3989997,0.27755003137736173,0.15542642698789189,2.1070001,0.005707762557077625,Industrial,0.5579838789439234
MAC000085,9430.652002,0.5383099493121754,0.5010268427240702,3.658,0.005707762557077625,Industrial,0.9290146480017091
MAC000086,1989.9209999,0.1135864489925224,0.1266770416222686,1.834,0.005707762557077625,Residential,1.1055150302330705
MAC000087,5785.790000700001,0.3302957127761603,0.19510334590111755,1.876,0.017123287671232876,Industrial,0.5889099628431925
MAC000089,2446.9590000999997,0.13967458188823562,0.178937053814554,2.0009999,0.005707762557077625,Commercial,1.2719927894061025
MAC000090,5772.436998700001,0.32953342459896107,0.3784446109113583,2.3199999,0.017123287671232876,Industrial,1.1449511085619504
MAC000091,2253.0909997999997,0.1286010844634703,0.10088164821442813,1.653,0.0,Residential,0.7784012659466819
MAC000092,1628.9009993,0.09299503307261932,0.1464807762843211,1.615,0.0228310502283105,Residential,1.558388475390524
MAC000093,4144.9469994,0.23665127030545247,0.22128484333189846,1.886,0.028538812785388126,Industrial,0.9311325920853767
MAC000094,4261.8179996,0.24326833721102803,0.1996891828767975,1.997,0.005707762557077625,Industrial,0.8174992516704375
MAC000096,10549.675000399999,0.6021847708430845,0.40293965392714354,3.6830001,0.005707762557077625,Industrial,0.6680202707438153
MAC000097,7013.8169988,0.40035487178491924,0.4028610882378355,3.918,0.005707762557077625,Industrial,1.00375282962486
MAC000098,3890.6320004000004,0.22329155190541783,0.18493282449419507,1.7920001,0.547945205479452,Commercial,0.8245197954320631
MAC000099,1508.8770001,0.08612311644406392,0.07567129854475785,1.521,0.0,Residential,0.8685559198670476
MAC000100,4214.8199988,0.240571917739726,0.2588726406347352,2.767,0.0,Industrial,1.0716172767798668
MAC000101,3992.8030011,0.22795175845512675,0.266631722630191,2.6400001,0.0228310502283105,Commercial,1.1645759981461306
MAC000102,1225.6069999000001,0.06995473743721461,0.06872798213451743,1.176,0.0,Residential,0.9686172427222698
MAC000103,7780.7679995,0.49574820003185727,0.3241522145683971,3.072,10.416666666666668,Industrial,0.6525483424954709
MAC000104,2538.3099997,0.14491379308632107,0.194717171845463,2.918,0.0228310502283105,Commercial,1.3344672064708123
MAC000105,18509.696998500003,1.05727406171817,0.7583661400282437,5.316,0.07420091324200913,Industrial,0.7166065648410506
MAC000108,1207.076,0.06890489781938577,0.0571284054588273,0.348,0.01141552511415525,Residential,0.8172303692715599
MAC000110,5550.1520017,0.3168799315843563,0.3266744742407871,2.9849999,0.028538812785388126,Industrial,1.0276662405600683
MAC000111,3502.7689994,0.1999297374086758,0.16712408808515725,2.826,0.0,Commercial,0.8317538769547066
MAC000112,4632.518999299999,0.2644282778297848,0.2779373187538057,3.8770001,0.005707762557077625,Industrial,1.0471277628227793
MAC000113,9737.879998800001,0.565202855580707,0.36760469006209906,2.869,1.6609589041095891,Industrial,0.6492455600300313
MAC000115,3128.2930002999997,0.17856572865460354,0.20976078258883588,4.0040002,0.005707762557077625,Commercial,1.1681559959156393
MAC000116,10716.1899956,0.6116546801141552,0.40496394313169637,3.5599999,0.0,Industrial,0.6609986935156358
MAC000117,2796.494,0.1596172374429224,0.15901367195483304,2.0120001,0.0,Commercial,0.9900162304269541
MAC000118,2894.6139999,0.16524598960438433,0.18801311745866994,1.676,0.017123287671232876,Commercial,1.1309332508175678
MAC000119,5023.6899985,0.28680577748915276,0.34817256908696453,1.936,0.0228310502283105,Industrial,1.2097483661532367
MAC000121,3750.6770001,0.21469244419576416,0.15900485807362327,1.497,0.28538812785388123,Commercial,0.7371832549187918
MAC000122,1886.0339997999997,0.10769337062753381,0.14633785054934959,1.573,0.039954337899543384,Residential,1.3463364849620352
MAC000123,2710.1139999,0.15468687214041096,0.09540621762358115,1.675,0.0,Commercial,0.6128083653548909
MAC000125,3948.8620001,0.22545600914073652,0.23267976414003283,1.974,0.028538812785388126,Commercial,1.02748328482389
MAC000126,1809.7539998000002,0.10331415195524349,0.14456232456315854,1.7589999,0.017123287671232876,Residential,1.385836167514296
MAC000127,3221.774,0.18390170671842,0.14357400833392564,1.5369999,0.005707762557077625,Commercial,0.7764882806223591
MAC000128,1874.7340001,0.10701147326331412,0.11307446543342894,1.9299999,0.005707762557077625,Residential,1.0468745774606008
MAC000129,3769.9919994,0.2169779568,0.27401399464950155,2.7160001,0.8276255707762556,Commercial,1.2570720391737407
MAC000130,1324.0650001,0.07557880016553456,0.06116274185754158,1.365,0.005707762557077625,Residential,0.7986902605594595
MAC000131,3700.6280000999996,0.21122305936643834,0.20750328408894586,1.599,0.0,Commercial,0.9777603089335216
MAC000132,5085.508998799999,0.2903516413816728,0.2629713705112027,2.724,0.028538812785388126,Industrial,0.9025910039981833
MAC000133,7990.579997999999,0.45616144305531764,0.5408850617873878,5.4990001,0.017123287671232876,Industrial,1.183137970193911
MAC000137,4944.4800011,0.28223528746503795,0.2268134532046509,2.0580001,0.005707762557077625,Industrial,0.800795180694596
MAC000138,2912.8289988,0.16627634426304375,0.30165561481783654,4.323,0.01141552511415525,Commercial,1.8033369640328822
MAC000140,1863.7239995999998,0.10637694061643835,0.15225554078048445,2.4909999,0.0,Residential,1.4179537981470076
MAC000143,3241.8800002000003,0.18504937497574064,0.1529837832746661,1.673,0.005707762557077625,Commercial,0.8222751798796097
MAC000145,4814.938998599999,0.2748252853082191,0.2452282351126175,2.8540001,0.0,Industrial,0.8890709016709214
MAC000148,1778.0910000000001,0.10151818441335998,0.06942428587737119,0.393,0.028538812785388126,Residential,0.677189966586298
MAC000149,590.263,0.033700428204396234,0.03728059728653509,0.471,0.028538812785388126,Residential,1.074355540137455
MAC000150,3441.0770001,0.19643092819385774,0.22502450169070176,2.5139999,0.01141552511415525,Commercial,1.1397631756547781
MAC000151,1350.7680001,0.07712063945760778,0.059502617678535465,1.1160001,0.028538812785388126,Residential,0.7616760191885603
MAC000152,3109.9729998000003,0.17750987441780824,0.23276689376486326,2.925,0.0,Commercial,1.3039440788584316
MAC000153,11417.136999200002,0.6518491007250928,0.6201036372589018,4.0939999,0.028538812785388126,Industrial,0.9498422170914811
MAC000155,5228.4429992000005,0.29851230369397663,0.21314528297673901,2.0710001,0.028538812785388126,Industrial,0.7116411591375487
MAC000156,4203.253,0.23995278871952958,0.13246845617247638,1.9630001,0.017123287671232876,Industrial,0.549769342270076
MAC000157,4098.3379998,0.23399017983442763,0.15074724380038818,2.0039999,0.028538812785388126,Industrial,0.6415044403413095
MAC000159,3213.8940001,0.18346238155611372,0.1391111991346698,1.2970001,0.01141552511415525,Commercial,0.75414400465361
MAC000160,2538.6319998,0.144998400719671,0.21541407235743268,2.273,0.0684931506849315,Commercial,1.4754550138603608
MAC000162,1702.7780001,0.09719052511986302,0.09439350090064344,1.3,0.0,Residential,0.961330034495849
MAC000163,4694.231997299999,0.2679815035280013,0.3407830398830937,2.8959999,0.017123287671232876,Industrial,1.2669385642259143
MAC000164,5449.6649992,0.3114094285257143,0.2343898372615687,1.772,0.1141552511415525,Industrial,0.7502649275589203
MAC000166,3492.3599997,0.19938113722881937,0.1497135887413164,1.888,0.0228310502283105,Commercial,0.7471441215065835
MAC000167,2940.2630008,0.16787113906936912,0.18271864027604606,1.957,0.028538812785388126,Commercial,1.082000401507262
MAC000168,805.4079998,0.04597077624429224,0.0906780845548786,1.1849999,0.0,Residential,1.9305213114483615
MAC000169,2384.8430001,0.13613671652585912,0.12247746601146899,1.3430001,0.01141552511415525,Commercial,0.8931048453998391
MAC000171,1306.7859993999998,0.07460953465029974,0.14915909226746787,1.817,0.028538812785388126,Residential,1.972755062669554
MAC000174,7844.1219984,0.447851669905795,0.35049219214998584,3.5940001,0.028538812785388126,Industrial,0.7808641821997613
MAC000175,2999.9349999999995,0.17171923297080707,0.07143204181889012,1.175,0.28538812785388123,Commercial,0.4135731764797933
MAC000176,3026.642,0.17326780398442865,0.1010294918283613,2.425,0.2968036529680365,Commercial,0.5797369882355813
MAC000177,1601.1399999999999,0.09139970316246146,0.10132673781835114,1.258,0.01141552511415525,Residential,1.0966132395489816
MAC000178,3825.4370006,0.21837178905126156,0.25588626889702637,5.0539999,0.01141552511415525,Commercial,1.1664502076756658
MAC000179,2261.059,0.1290558789954338,0.13066901065409284,1.793,0.0,Residential,1.0047143709565067
MAC000180,3998.9860018,0.22825262567351598,0.32190128071039603,4.0770001,0.0,Commercial,1.4041334521892157
MAC000181,4326.1689986,0.24692745425799087,0.35407114398647954,4.5949998,0.0,Industrial,1.4281239850833
MAC000182,2155.9090003,0.13330297411117295,0.1678637636239268,1.831,7.688356164383562,Residential,1.249888654624826
MAC000183,3886.3890008999997,0.2294343822480666,0.2538101260913992,2.382,3.3162100456621006,Commercial,1.1014420834915521
MAC000185,2161.5989996999997,0.12343530149040656,0.17037194397010208,1.84,0.045662100456621,Residential,1.369160856521387
MAC000188,1676.498,0.09570144993720744,0.08354601936253948,0.996,0.01141552511415525,Residential,0.8639582903543808
MAC000189,4687.5419965,0.2675995887709083,0.33234326173974266,2.4990001,0.017123287671232876,Industrial,1.2373185798999942
MAC000190,2312.5460003,0.1320323151755638,0.10991379110524833,1.61,0.028538812785388126,Commercial,0.826218734599892
MAC000191,5620.553000299999,0.3209543741605756,0.39881910501585216,4.0469999,0.045662100456621,Industrial,1.2387441731633069
MAC000192,2759.2280001999998,0.1575441361310951,0.1740813265323914,2.3329999,0.03424657534246575,Commercial,1.0979991488833687
MAC000197,9.303,0.000531114409682576,0.016577778072320224,0.824,0.0228310502283105,Residential,10.827262788126365
MAC000199,2102.3329999,0.12000302528112333,0.1158564741696094,1.1849999,0.005707762557077625,Residential,0.9574675831487925
MAC000200,1584.5049998000002,0.09046560090208394,0.142028728094821,2.7160001,0.028538812785388126,Residential,1.5528103100406683
MAC000201,3174.1469985999997,0.18119345807740608,0.17012908748901515,1.536,0.01141552511415525,Commercial,0.9337826356901063
MAC000203,2175.2440002000003,0.12419320583499859,0.1415755095609233,1.714,0.028538812785388126,Residential,1.1308561723989734
MAC000205,4186.5739994000005,0.23897334319310465,0.273379186026038,3.543,0.005707762557077625,Industrial,1.1392064734708969
MAC000206,3971.6269998000002,0.22672986240794657,0.21342561282918499,2.3710001,0.017123287671232876,Commercial,0.9371876422902434
MAC000207,4958.6600003,0.28323870453532873,0.2666256412372842,2.5669999,0.07420091324200913,Industrial,0.9380342542482446
MAC000208,3219.847,0.18789956816059758,0.1893009760783613,1.783,2.191780821917808,Commercial,1.002124980600392
MAC000209,1022.9380000000001,0.05839687161043558,0.040678806488887935,0.344,0.017123287671232876,Residential,0.6848644614768057
MAC000210,1843.262,0.10532925714285714,0.07761466829595087,0.771,0.1141552511415525,Residential,0.7299464924472556
MAC000211,3234.7629998,0.1846852983043106,0.1660707673551609,2.109,0.028538812785388126,Commercial,0.8943668070209608
MAC000212,907.843,0.05195987866300366,0.05784895179216832,0.847,0.273972602739726,Residential,1.092316547027515
MAC000213,2755.0310003,0.15728653803950673,0.19114292921811904,2.138,0.0228310502283105,Commercial,1.2075753982970534
MAC000214,2830.991,0.1615954677778412,0.14452850500312756,1.27,0.005707762557077625,Commercial,0.8888839706196544
MAC000215,1995.1260000000002,0.1139030600593743,0.07645197925831414,0.98,0.0228310502283105,Residential,0.6653606894264505
MAC000216,9262.160003,0.52869227712769,0.4712986556476991,5.2059999,0.005707762557077625,Industrial,0.8897593489626918
MAC000217,1818.562,0.10382883242934626,0.08241437704880722,0.819,0.028538812785388126,Residential,0.7861804347039142
MAC000218,5582.6159989,0.3186606540841372,0.2440539814571205,2.562,0.005707762557077625,Industrial,0.7634783272165976
MAC000220,2207.7500001000003,0.12603470914540163,0.121731278552436,1.4450001,0.017123287671232876,Residential,0.9582521137046457
MAC000221,4184.0860011,0.23884495953305174,0.2853328149243279,2.845,0.01141552511415525,Industrial,1.1896552484564835
MAC000222,4312.0360003,0.24619103627176703,0.2927932648342216,1.552,0.028538812785388126,Industrial,1.1844817241363013
MAC000226,4991.4629987,0.28498218662289465,0.3509408820499615,4.7849998,0.028538812785388126,Industrial,1.2271424531511939
MAC000227,5634.514999200001,0.3217332838006053,0.2956329470558849,2.5550001,0.039954337899543384,Industrial,0.9160286896176973
MAC000228,2329.4779995999997,0.13296107303652965,0.16127627937253244,1.59,0.0,Commercial,1.2039040574761166
MAC000229,2610.7279987999996,0.14914184511853754,0.25610510740657433,3.267,0.08561643835616438,Commercial,1.7057543631782226
MAC000230,4175.5539998,0.2383443118785319,0.25912988281539445,2.487,0.005707762557077625,Industrial,1.0826657244601818
MAC000231,1337.4009999999998,0.07636182482585359,0.09129675752118586,1.276,0.03424657534246575,Residential,1.1801267321020503
MAC000232,929.1610000000001,0.05304338642461609,0.045351468670469755,0.724,0.017123287671232876,Residential,0.839167781125809
MAC000233,926.0640002000001,0.052936092385960906,0.06321060869481668,2.372,0.14840182648401826,Residential,1.1719538049306264
MAC000234,4098.8740009,0.23424814269630817,0.21610627037538396,2.575,0.12557077625570776,Industrial,0.9186311436871353
MAC000235,1440.8249999,0.08224356412466464,0.132028861987274,2.319,0.005707762557077625,Residential,1.5860548905564524
MAC000237,9692.6249998,0.5839986141953365,0.501934262681264,3.973,5.268264840182649,Industrial,0.8580093191702218
MAC000238,3049.089,0.17406456585031682,0.18185877191055852,2.187,0.017123287671232876,Commercial,1.0388097158739185
MAC000239,2736.596,0.15621623472999202,0.12113295614459614,1.337,0.01141552511415525,Commercial,0.7704863072992022
MAC000242,844.0599999,0.048190693685412504,0.08256031005249095,1.4809999,0.028538812785388126,Residential,1.6783725511269667
MAC000243,5153.7419993,0.295868993587462,0.34820275018749897,3.5880001,0.5764840182648402,Industrial,1.172917204924984
MAC000244,2583.2969997,0.1474821306063028,0.08302202766309903,1.8839999,0.0228310502283105,Commercial,0.5591381759144484
MAC000245,10746.0390019,0.6135334856922638,0.6238559101236005,4.743,0.028538812785388126,Industrial,1.0151699210024903
MAC000246,6882.5110018,0.39288223551775314,0.47119422455993687,3.516,0.01141552511415525,Industrial,1.1962819900739066
MAC000248,4489.519,0.25625108447488587,0.2799656030292168,3.2360001,0.0,Industrial,1.0882970759897745
MAC000249,14898.251998099999,0.8506481670720566,0.5465531925652055,5.2420001,0.03424657534246575,Industrial,0.6417593716478491
MAC000250,2520.7029994,0.14391681412503568,0.13611075546262177,1.618,0.028538812785388126,Commercial,0.9392336995842597
MAC000251,3994.4279990000005,0.2280184952049321,0.2761611253180239,3.5050001,0.01141552511415525,Commercial,1.205846388392812
MAC000252,9460.665001700001,0.5402081311996803,0.5531889456102763,3.677,0.039954337899543384,Industrial,1.0221371663135188
MAC000253,4203.215999,0.2402249527919072,0.19968321624004098,1.661,0.1312785388127854,Industrial,0.8277883938992737
MAC000254,3736.3710002,0.2133727942550397,0.2789216854742626,2.484,0.05136986301369863,Commercial,1.3011057976994458
MAC000255,6068.3989993000005,0.34636980589611877,0.24793704646228074,3.1040001,0.0,Industrial,0.7137553185507047
MAC000256,8673.6190012,0.4950978367030082,0.34582290632800455,2.829,0.005707762557077625,Industrial,0.6970861002464588
MAC000258,2890.8329993,0.1650207215035963,0.22728688593592686,2.319,0.01141552511415525,Commercial,1.3690272146600893
MAC000260,3301.3890005000003,0.18843544523401828,0.2528317276960054,1.693,0.0,Commercial,1.334659030593091
MAC000262,5993.6750010999995,0.3421437950165544,0.2616965612446322,2.5780001,0.01141552511415525,Industrial,0.7626440140991245
MAC000263,1654.402,0.09445629460462461,0.07026866877194357,1.027,0.028538812785388126,Residential,0.7361344693191059
MAC000264,2680.0299999999997,0.15299594679454243,0.0672208506886906,0.874,0.017123287671232876,Commercial,0.4365105191916187
MAC000267,3671.9329997,0.2095852168778539,0.18573318077760728,1.767,0.0,Commercial,0.8819858465437221
MAC000268,1554.4770005999999,0.08875118473308592,0.10082844883008305,1.594,0.028538812785388126,Residential,1.123421926183372
MAC000269,1083.4140000000002,0.06185988352175404,0.054338866328698,1.029,0.03424657534246575,Residential,0.864444273268385
MAC000270,7033.0670011,0.40143076490296803,0.20163146689972594,1.964,0.0,Industrial,0.5010339280306819
MAC000271,3175.106,0.18124820184952622,0.17695012532767113,1.659,0.01141552511415525,Commercial,0.9709293344565919
MAC000272,3985.3139981999993,0.22748524448884064,0.2407995632174549,2.1329999,0.005707762557077625,Commercial,1.0538954660120983
MAC000273,1257.0380021,0.07175693584313278,0.32292716614726535,5.8319998,0.01141552511415525,Residential,4.438438238294021
MAC000274,12568.797,0.7178887936943112,0.4913165026478471,3.3989999,0.0684931506849315,Industrial,0.6834388113396669
MAC000275,2876.0639991,0.1642808019135203,0.17654143803084937,1.551,0.07420091324200913,Commercial,1.0681303332689598
MAC000276,5548.3390005,0.3167402523548553,0.18494036073095846,1.5319999,0.017123287671232876,Industrial,0.5820488885506874
MAC000277,4118.0469993,0.2350483447089041,0.20968941545524547,1.929,0.0,Industrial,0.8883324969460618
MAC000279,1708.0979996,0.09757772062839189,0.0744369655336688,1.846,0.08561643835616438,Residential,0.7551094208626875
MAC000280,6431.2599998,0.36708105021689497,0.2303479070142213,1.988,0.0,Industrial,0.6258075684105084
MAC000281,3159.021,0.18030941780821919,0.1438184999408203,1.378,0.0,Commercial,0.7932213432671487
MAC000282,2167.1280008000003,0.12372983161861263,0.13339976363083028,1.819,0.028538812785388126,Residential,1.0695096906626778
MAC000283,2324.0959998000003,0.13266902613312023,0.15765476950004698,2.1659999,0.01141552511415525,Commercial,1.1794412966175087
MAC000285,1226.127,0.06999240780911063,0.06813348288466219,0.931,0.01141552511415525,Residential,0.959729145514606
MAC000287,225.37900009999998,0.013729227588937621,0.05666895580774153,2.372,6.301369863013699,Residential,3.847381369156297
MAC000289,2303.6649991,0.1314952336948456,0.16210523122329626,2.2869999,0.005707762557077625,Commercial,1.2234797184979989
MAC000291,6845.1809976,0.39072897982761573,0.33958572650747415,3.329,0.005707762557077625,Industrial,0.8668894669393933
MAC000294,4741.066000299999,0.2706705869091116,0.15670523077769227,2.438,0.0228310502283105,Industrial,0.5768207466276745
MAC000295,3647.2540003,0.20817659819063927,0.17440973661242498,1.839,0.0,Commercial,0.8337918205050429
MAC000296,7261.6079971,0.4144990009190022,0.49555237850864464,3.539,0.005707762557077625,Industrial,1.1926680387018502
MAC000297,3375.8219997,0.1926949026599692,0.30968265478555534,2.6700001,0.005707762557077625,Commercial,1.5988167501196575
MAC000299,5497.5419999999995,0.32915471201053764,0.2947881185888139,2.007,4.668949771689498,Industrial,0.8928787258362832
MAC000300,3147.5360009,0.17966413613219934,0.3129009539968228,3.3929999,0.005707762557077625,Commercial,1.7319483584050148
MAC000301,3175.7880001999997,0.18126643836757989,0.21280679954852086,2.723,0.0,Commercial,1.16755888497338
MAC000302,2781.2830003999998,0.15964200438526,0.12827452416660362,2.0510001,0.5593607305936072,Commercial,0.7985117258557668
MAC000304,4263.4870006,0.2433774974654641,0.24048222867421148,2.4909999,0.01141552511415525,Industrial,0.9840604440603083
MAC000305,2000.1610000000003,0.11417747459755681,0.14056825060531106,0.745,0.01141552511415525,Residential,1.2204491468186163
MAC000306,2566.5220004000003,0.14649098175799088,0.1827070939369332,1.727,0.0,Commercial,1.2387679013265118
MAC000307,15498.522005100001,0.8846188359075343,0.7589478294479651,6.256,0.0,Industrial,0.8569689336725053
MAC000308,1460.6140003,0.08337313775329643,0.09801783963266215,2.007,0.005707762557077625,Residential,1.161718554538795
MAC000309,6195.4310011,0.35372143882957463,0.5053086681812875,3.8929999,0.028538812785388126,Industrial,1.4245224924904025
MAC000310,2150.8079999,0.12311436748139669,0.13015297042660684,1.67,0.28538812785388123,Residential,1.0486535367963363
MAC000311,5341.7509987,0.3049118670414978,0.38251565317417363,3.1240001,0.005707762557077625,Industrial,1.250411292878299
MAC000312,8206.7150013,0.46841980601027394,0.7671493703716611,3.9300001,0.0,Industrial,1.6342501116258203
MAC000313,5190.905000199999,0.2962845319748858,0.15095660360479768,2.1140001,0.0,Industrial,0.5077849244357937
MAC000314,2012.121,0.11484708904109589,0.095855983740128,0.975,0.0,Residential,0.8274354110539955
MAC000315,1705.7740002,0.09736708717392545,0.1521533037924416,1.818,0.005707762557077625,Residential,1.5467907830127705
MAC000316,1436.2509999,0.08198715606233588,0.10947833765459845,1.337,0.01141552511415525,Residential,1.31922026069147
MAC000317,2843.7089998,0.16231215752283107,0.11403789119922705,1.638,0.0,Commercial,0.6982817013074152
MAC000318,3202.6029987,0.18280740902448772,0.29303966155312017,3.3399999,0.005707762557077625,Commercial,1.594275568696363
MAC000319,2949.4080002,0.16835481478394887,0.14333615328505403,2.3540001,0.005707762557077625,Commercial,0.8463659770636717
MAC000320,4371.4970004,0.24951466897260272,0.4687055690569485,5.283,0.0,Industrial,1.8709705542560784
MAC000321,13369.1279999,0.7632959177790465,0.7333958783284513,4.2690001,0.028538812785388126,Industrial,0.9595705815878397
MAC000322,1808.8010000000002,0.10324206621004567,0.10099872991330669,1.068,0.0,Residential,0.9688864926161026
MAC000323,5636.352999799999,0.3217096461073059,0.3676091682005123,3.3269999,0.0,Industrial,1.139132878842663
MAC000324,1128.8890000000001,0.06443798161995548,0.12471280043624001,2.036,0.005707762557077625,Residential,1.9058167343934171
MAC000325,174.733,0.011167188598453379,0.021126159749444016,0.569,10.690639269406391,Residential,1.7363222061117263
MAC000326,6184.6680013000005,0.35304646656581806,0.490692172839196,5.3130002,0.01141552511415525,Industrial,1.385954159065093
MAC000327,5221.1679965,0.2980969452754782,0.3841972291967,2.99,0.028538812785388126,Industrial,1.2845240824604265
MAC000329,3596.0269997,0.20527611597785136,0.17518132522846955,1.867,0.01141552511415525,Commercial,0.8492564657717301
MAC000330,2041.149,0.11650393835616438,0.05764311079740219,0.67,0.0,Residential,0.4905632236996265
MAC000331,6800.296001799999,0.38814474896118717,0.7436810467401282,3.6919999,0.0,Industrial,1.9110653522252772
MAC000332,2887.1129997999997,0.16479896111650205,0.12988210852737272,1.291,0.005707762557077625,Commercial,0.783371063683013
MAC000333,1633.9470000000001,0.09328311258278146,0.07944435966689928,0.918,0.0228310502283105,Residential,0.8426149444010599
MAC000334,1939.099,0.11072340547022212,0.07749121517582153,0.967,0.039954337899543384,Residential,0.6935987571241321
MAC000335,2253.307,0.12862809681470486,0.11816630807046484,1.245,0.01141552511415525,Residential,0.9115794412948612
MAC000337,1130.5140000000001,0.06453073805582511,0.039240876619301146,0.223,0.005707762557077625,Residential,0.5988163384619926
MAC000338,3584.2679999,0.22905598158870144,0.2216348085834855,2.0309999,10.684931506849315,Commercial,0.9633951138889686
MAC000340,3473.9450001,0.1982958502254695,0.14482283995020942,1.623,0.005707762557077625,Commercial,0.7266726315995385
MAC000341,3912.0230001,0.22330172955648153,0.156192708128688,1.993,0.005707762557077625,Commercial,0.696350886092285
MAC000343,1771.6519998000003,0.10112746160168962,0.08250384649426695,1.503,0.005707762557077625,Residential,0.8078517295969099
MAC000345,3523.1840002999998,0.2011064558650608,0.19554369061358784,2.8440001,0.005707762557077625,Commercial,0.9675281760625466
MAC000346,3543.5979999,0.20228325150702137,0.19053887199046513,1.848,0.01141552511415525,Commercial,0.9373072822179054
MAC000347,2173.952,0.1240981847242836,0.10446045358455679,1.251,0.01141552511415525,Residential,0.8350277329346355
MAC000348,1736.0620001,0.09910160977851352,0.07805872352273444,1.222,0.01141552511415525,Residential,0.7797948873694285
MAC000349,2138.6670004000002,0.12207003426940641,0.16733700535060816,1.938,0.0,Residential,1.359689272404842
MAC000350,3293.3170014,0.18797471469178084,0.24904426978193722,2.2509999,0.0,Commercial,1.3178708600678681
MAC000351,2121.0140001,0.12109700257493577,0.1564818372968317,2.329,0.028538812785388126,Residential,1.2816189914309535
MAC000353,2240.2500002,0.12790465316585783,0.11263478346898687,1.194,0.028538812785388126,Residential,0.8737836897482901
MAC000355,3708.9949991000003,0.21170062780251142,0.19749867837756843,2.1819999,0.0,Commercial,0.9285288925472391
MAC000357,3924.4049992,0.22399571913242008,0.27062307322864254,2.3829999,0.0,Commercial,1.2027920987659713
MAC000359,4867.029999599999,0.2777985159589041,0.26006891748432137,3.0799999,0.0,Industrial,0.9328203078478957
MAC000360,3559.4229998,0.20317500997773846,0.15294620665399236,1.454,0.005707762557077625,Commercial,0.7490936656286601
MAC000361,2437.5819997,0.139521607217675,0.18916534097668009,2.085,0.2796803652968036,Commercial,1.3461655095052643
MAC000362,1467.7049999,0.08377789827615732,0.07139645065102958,1.408,0.005707762557077625,Residential,0.8421587713635135
MAC000363,1121.0959998,0.06398949770547946,0.07878218277164989,1.9299999,0.0,Residential,1.212229445574058
MAC000364,816.8670000000001,0.04664080164439877,0.05918611146827598,1.03,0.03424657534246575,Residential,1.2423407966569053
MAC000365,1046.795,0.059796355535245066,0.06598283341075858,0.882,0.07990867579908677,Residential,1.0853090260074356
MAC000367,1377.7800000000002,0.07864041095890412,0.07315610553146336,0.981,0.0,Residential,0.9185802113604514
MAC000368,1100.949,0.0628503168350745,0.06347350821015223,1.5319999,0.017123287671232876,Residential,0.9940985629578696
MAC000370,5338.1600002000005,0.30470688967406817,0.22213816939058878,2.7639999,0.005707762557077625,Industrial,0.726637759546156
MAC000371,1326.065,0.0756972827948396,0.08094641268722978,1.163,0.01141552511415525,Residential,1.0554013093756702
MAC000372,5053.6440010999995,0.28846646504366685,0.18880035353127647,2.266,0.005707762557077625,Industrial,0.6522356691743045
MAC000373,4419.8690016,0.25227562794520547,0.33335053528280134,2.29,0.0,Industrial,1.316157176224313
MAC000374,1407.5020000000002,0.08035063081577896,0.07728437004941652,0.909,0.017123287671232876,Residential,0.9500156209535655
MAC000375,1742.698,0.09948609921790262,0.06337771402404975,0.664,0.017123287671232876,Residential,0.6307112577493541
MAC000376,3414.7189997,0.19490405249429224,0.2552651631503625,2.2160001,0.0,Commercial,1.3030111419354113
MAC000377,2211.777,0.12659704653425677,0.10490840151262384,1.058,0.2796803652968036,Residential,0.8221851865862619
MAC000378,1842.9719994,0.1052044753624843,0.12104955370050556,2.1849999,0.01141552511415525,Residential,1.1397782747605865
MAC000380,1385.88,0.0791298389859541,0.06366543803448098,0.9,0.03424657534246575,Residential,0.7945284658021196
MAC000381,4565.4959997,0.2605876712157534,0.19740645327605172,3.0150001,0.0,Industrial,0.754647389758801
MAC000382,2774.4120002000004,0.15836588847536961,0.1524488218233153,1.926,0.005707762557077625,Commercial,0.9565963160734778
MAC000385,974.8870000000002,0.05568873529075746,0.053954448250972405,0.788,0.07990867579908677,Residential,0.9517666600646344
MAC000386,4447.361000100001,0.25455675119340626,0.24041692317240884,2.059,0.2796803652968036,Industrial,0.9407574718715236
MAC000387,3689.7759997000003,0.21062769720858548,0.16073899546280107,1.767,0.01141552511415525,Commercial,0.7595366654884155
MAC000388,3635.0049994,0.2080474473099817,0.33086482061593947,4.098,0.273972602739726,Commercial,1.5827259546744112
MAC000389,3969.1640006000002,0.22656338835549975,0.23596220562293388,2.4649999,0.005707762557077625,Commercial,1.0369075945305994
MAC000390,4192.9959989,0.23932625564497717,0.2121524506481525,1.904,0.0,Industrial,0.8827685101604357
MAC000391,2698.1810007,0.15405852464885234,0.12976479511954925,2.8380001,0.03424657534246575,Commercial,0.8368762402029581
MAC000394,3215.9539995,0.1836953218426915,0.22461872740666516,2.46,0.07420091324200913,Commercial,1.2161581850891556
MAC000396,4144.8649993,0.2365790524714612,0.22930375454365431,2.375,0.0,Industrial,0.965168234144713
MAC000397,3633.1649995000002,0.20737243147831053,0.15219409406999532,1.998,0.0,Commercial,0.7303945775851696
MAC000398,4246.9080001,0.2610590115625768,0.25264599127030424,2.286,7.146118721461186,Industrial,0.9640805319529152
MAC000399,360.6550002,0.023337323683188818,0.09661738204281665,2.6530001,11.792237442922374,Residential,3.969926327994553
MAC000400,1502.3690001,0.08575655003710257,0.08029562306670467,1.3150001,0.005707762557077625,Residential,0.9255280786564841
MAC000403,2452.457,0.1399964036990524,0.1079803064271152,1.031,0.01141552511415525,Commercial,0.7658373092805411
MAC000404,470.98600020000003,0.026884297060334496,0.07475621409559088,1.393,0.005707762557077625,Residential,2.680943110519786
MAC000405,4511.5469994000005,0.2575377896677703,0.11250232515221624,1.457,0.01141552511415525,Industrial,0.43514847596084694
MAC000407,1295.3080001,0.07394576697493864,0.1512881642130234,2.0799999,0.017123287671232876,Residential,2.0186352120942757
MAC000409,11804.154006,0.6738300037675534,0.6732320190915534,5.6339998,0.01141552511415525,Industrial,0.9976320189276136
MAC000411,1379.9979999,0.07877150521719276,0.04907381485748959,1.0599999,0.005707762557077625,Residential,0.6151797527685732
MAC000412,3071.974,0.17538102306462663,0.08972056885105402,1.806,0.0228310502283105,Commercial,0.50867472754243
MAC000413,2214.652,0.12641429305325647,0.18131966287019732,2.7720001,0.005707762557077625,Residential,1.4230716077858672
MAC000414,2226.203,0.12849656565656564,0.11137180835178791,1.164,1.1130136986301369,Residential,0.8600367723044802
MAC000415,6135.937999499999,0.35022477166095883,0.680495991952596,3.7539999,0.0,Industrial,1.937494296699227
MAC000416,3624.5680005000004,0.20692897924754514,0.2999470355266063,4.776,0.0228310502283105,Commercial,1.4425456067358036
MAC000417,1412.74,0.08064044751412752,0.07874520852083534,1.05,0.005707762557077625,Residential,0.96453670843988
MAC000419,2479.8330001000004,0.1471973051641242,0.09316007204943492,1.1720001,3.841324200913242,Commercial,0.6286219033892881
MAC000420,6239.0529984,0.35815459233065444,0.4131953902028941,3.3039999,0.5707762557077625,Industrial,1.1504666765404663
MAC000422,2073.745,0.1184726348263254,0.12373002673644819,1.498,0.091324200913242,Residential,1.0356348708330712
MAC000423,999.5240000000001,0.05706674279189267,0.054994025741780216,0.473,0.028538812785388126,Residential,0.9470830134019249
MAC000424,2510.8910002000002,0.14332387694503113,0.15296440982022633,1.913,0.005707762557077625,Commercial,1.0598690463289462
MAC000425,5185.931000900001,0.29608512708535545,0.17344512586439867,2.3399999,0.028538812785388126,Industrial,0.5838229855733108
MAC000426,2648.6020005,0.1512104362011875,0.19941004505599985,2.1860001,0.0228310502283105,Commercial,1.3100944326342068
MAC000427,483.2710000000001,0.027588685277159335,0.04661960181300437,0.627,0.017123287671232876,Residential,1.6307011449124127
MAC000428,3001.4540006,0.17132564647525544,0.23780558518565248,2.47,0.005707762557077625,Commercial,1.3799779083944967
MAC000429,2361.3209990000005,0.13553673510503964,0.17423854522821555,2.1300001,0.5593607305936072,Commercial,1.2761294247600938
MAC000430,1774.6640000999998,0.10473701605878186,0.10458449259206021,1.283,3.287671232876712,Residential,0.9891000946529366
MAC000431,7722.3449982,0.4408234386459642,0.4258774135120523,3.5469999,0.01141552511415525,Industrial,0.9639086029867928
MAC000434,2445.9059987,0.13962244541043498,0.20244488667950672,2.299,0.01141552511415525,Commercial,1.4396342354069471
MAC000435,2052.0019996,0.11715014841287966,0.11694603263208124,1.779,0.0228310502283105,Residential,0.9898085969677279
MAC000436,1811.227,0.10339233930814021,0.05565760345026163,0.86,0.01141552511415525,Residential,0.5331579292037343
MAC000437,7936.472000600001,0.45304669486242727,0.35209834526657946,3.3859999,0.01141552511415525,Industrial,0.7754672575543416
MAC000438,1290.27,0.08375113592106971,0.10178337402975893,1.564,12.0662100456621,Residential,1.2009676675549417
MAC000440,6405.2519981000005,0.3658262606716546,0.4079816924960167,3.4319999,0.06278538812785388,Industrial,1.1121932539644435
MAC000441,3656.2440011,0.20870163828414864,0.26829545806886307,2.648,0.005707762557077625,Commercial,1.2794151741691162
MAC000442,2116.0499998,0.1207997944739396,0.10826230653316685,1.429,0.017123287671232876,Residential,0.8888545912639512
MAC000443,12435.607998200001,0.7097949770662101,0.5524765062237038,3.744,0.0,Industrial,0.7772656308068437
MAC000444,2219.1179999,0.12808022624379545,0.10282976146231991,1.26,1.1073059360730595,Residential,0.7966344997575697
MAC000445,2835.4950004,0.16185256010046237,0.20175527130891902,2.4549999,0.005707762557077625,Commercial,1.2388830189986444
MAC000446,3211.0879993,0.18379531791540266,0.22767720745197134,2.3599999,0.2796803652968036,Commercial,1.232050736026762
MAC000448,1565.5590003,0.08937369414283268,0.12486837381278366,1.548,0.017123287671232876,Residential,1.3816893842519402
MAC000449,1222.3219999,0.0697712198127747,0.11865894795816812,1.393,0.005707762557077625,Residential,1.6766554013351813
MAC000452,7160.1500005,0.40870768882356295,0.24626617215195282,3.1110001,0.005707762557077625,Industrial,0.6010777412039372
MAC000453,4883.8479986,0.27877435918716825,0.30814009222616456,3.0810001,0.005707762557077625,Industrial,1.1013878938777935
MAC000454,3483.7750002,0.1988569553170843,0.2536969895585645,2.2820001,0.005707762557077625,Commercial,1.2693928472794953
MAC000455,9036.432996300002,0.5157781390582192,0.33823546229097806,2.54,0.0,Industrial,0.6545080697635182
MAC000457,1320.1930000000002,0.07539651627641349,0.0651476617394339,1.671,0.05707762557077625,Residential,0.85275697001314
MAC000459,2389.4060000000004,0.13638940578800163,0.0906092360060563,1.403,0.005707762557077625,Commercial,0.6595067173219357
MAC000460,7071.8349986,0.4862372798817382,0.5968187972941016,4.3790002,16.986301369863014,Industrial,1.2249038034178357
MAC000462,4543.9170006,0.2593559931849315,0.32513398339625227,2.392,0.0,Industrial,1.2488054506404573
MAC000466,3571.8680003,0.2038853816028312,0.12357867174471908,1.665,0.005707762557077625,Commercial,0.6031600242923891
MAC000468,6879.350000299999,0.39267937669387515,0.15486665290823534,3.5739999,0.005707762557077625,Industrial,0.39338269179556123
MAC000471,3463.4800001,0.19773235899177893,0.13658677206335856,1.471,0.0228310502283105,Commercial,0.6872900455481878
MAC000472,1980.3680000000002,0.11304760817444914,0.12535929897841228,2.01,0.01141552511415525,Residential,1.0991839371735055
MAC000473,5285.7309997,0.3017141959986301,0.26122879748081596,2.0580001,0.005707762557077625,Industrial,0.8629552261962572
MAC000474,3472.3580002,0.19823920987668417,0.13661351433694188,1.619,0.0228310502283105,Commercial,0.6856758487523443
MAC000476,2582.8870005,0.14743347225869055,0.20446603641683517,2.016,0.005707762557077625,Commercial,1.3774927804726604
MAC000477,2271.189,0.12964887544240208,0.10829951639084347,1.181,0.01141552511415525,Residential,0.8289356951915627
MAC000479,2277.7040004,0.13002820119883543,0.16294860139485556,2.2939999,0.017123287671232876,Residential,1.2436147325840252
MAC000480,9538.4759995,0.544495718660806,0.587297749835598,4.855,0.01141552511415525,Industrial,1.0766312727025908
MAC000481,4073.836,0.23253815857069465,0.10984621478743788,1.035,0.005707762557077625,Industrial,0.4703566023630617
MAC000482,3383.7230008,0.19330037136818054,0.22590754992142206,2.608,0.08561643835616438,Commercial,1.1626717351628164
MAC000483,2951.0699999,0.16846891590454985,0.14559094720837706,1.739,0.017123287671232876,Commercial,0.8591011893318442
MAC000484,2947.1250013,0.16822449918945145,0.2314362494913628,2.3510001,0.005707762557077625,Commercial,1.3676285088736684
MAC000485,1482.2209998,0.0846113140655326,0.09297578593066132,2.483,0.01141552511415525,Residential,1.0860221799596659
MAC000488,2484.0240001999996,0.14258791115320588,0.19392051216672568,1.094,0.565068493150685,Commercial,1.3505350875939393
MAC000489,1811.5779992999999,0.10341827934577838,0.14672107879793334,2.1730001,0.017123287671232876,Residential,1.4051282947506762
MAC000490,4800.004999600001,0.27398852671956164,0.27825488257368847,2.316,0.005707762557077625,Industrial,1.0118781532200356
MAC000492,3389.24,0.1934608139734003,0.17999691892207542,1.9960001,0.005707762557077625,Commercial,0.9256205157440957
MAC000493,1242.7809996,0.07095118746289107,0.10161900721275516,1.6059999,0.0228310502283105,Residential,1.4123325937485787
MAC000496,1642.2619997000002,0.09373641550799088,0.09038275951055898,1.461,0.0,Residential,0.9540445353131957
MAC000498,5260.3029982,0.30024560492009134,0.26751536843462415,4.6129999,0.0,Industrial,0.8880307764343499
MAC000499,2584.186,0.14751604064390914,0.20561538015249112,2.6989999,0.01141552511415525,Commercial,1.384465807605838
MAC000501,2737.8959987999997,0.1563439926222019,0.16699010800441022,1.9220001,0.045662100456621,Commercial,1.0613059019378617
MAC000502,2128.8559999999998,0.12151004566210044,0.11605401750577932,2.112,0.0,Residential,0.9473020508528114
MAC000503,2133.1879998,0.12177120674734558,0.1593704763028452,2.1199999,0.01141552511415525,Residential,1.2981095529248834
MAC000504,2670.8270006999996,0.15246186783308596,0.2413343307986375,2.987,0.01141552511415525,Commercial,1.5726012866018726
MAC000505,3276.7939993,0.18706365241194267,0.26008143922883487,2.098,0.017123287671232876,Commercial,1.3829436783411042
MAC000506,4138.9890005,0.23624366441210043,0.23218202100264498,1.9529999,0.0,Industrial,0.9786647899660528
MAC000507,3861.0630000999995,0.22038030822488583,0.09506674081671825,1.219,0.0,Commercial,0.42942726739790305
MAC000508,4197.8709994,0.2396181859352703,0.2112188539594868,1.54,0.005707762557077625,Industrial,0.8778174980352802
MAC000509,3395.9970001999995,0.1938907793434199,0.2399075035852465,2.1459999,0.028538812785388126,Commercial,1.2309843718286024
MAC000510,2736.013,0.15616512557077625,0.13911657727235133,1.171,0.0,Commercial,0.8851618752386826
MAC000511,4234.7739995,0.2418350750671007,0.21074966369489506,2.1960001,0.05136986301369863,Industrial,0.8678715940712447
MAC000513,509.5249999,0.02908579745975568,0.07010614358436897,1.608,0.01141552511415525,Residential,2.33020725736609
MAC000514,2476.4439990999995,0.1508555067677875,0.19369284910576093,3.2149999,6.301369863013699,Commercial,1.275507574459909
MAC000515,1810.766,0.10337782598766843,0.18144651501241815,2.3050001,0.0228310502283105,Residential,1.7383626579255913
MAC000516,2947.1239994000002,0.1682244420001142,0.1448232760056145,1.4299999,0.005707762557077625,Commercial,0.8558059006955792
MAC000517,1679.0880003999998,0.0958438267252697,0.1590736494714287,2.2820001,0.005707762557077625,Residential,1.6425791384999167
MAC000518,2581.5409999999997,0.1473734657761032,0.15435558030783272,1.698,0.017123287671232876,Commercial,1.0403179537556708
MAC000519,6827.3640005,0.38971196988983386,0.37701112491620237,3.464,0.005707762557077625,Industrial,0.9649336441432941
MAC000520,2487.2400005,0.1419738569838461,0.1632150249491728,1.915,0.005707762557077625,Commercial,1.1415725111732395
MAC000522,8093.1869969,0.4621509249029237,0.4073595035130364,2.8570001,0.045662100456621,Industrial,0.8795394365204363
MAC000524,5464.1210006,0.3118968548775615,0.4759325550551148,3.5940001,0.005707762557077625,Industrial,1.5210525373971884
MAC000526,4602.8010002,0.26274694600981846,0.1713851577579109,2.372,0.01141552511415525,Industrial,0.6498090702120615
MAC000527,6700.4380023,0.38246692175923286,0.32455208995077045,2.7909999,0.005707762557077625,Industrial,0.846362675721341
MAC000530,8132.824997400001,0.46457357462584264,0.33780126638094843,2.658,0.07990867579908677,Industrial,0.7255593633131386
MAC000531,2480.1019999,0.14159874392806165,0.11801001037839182,1.771,0.028538812785388126,Commercial,0.827566969579519
MAC000532,3422.3879994000004,0.19538638955240925,0.13334556232270386,1.517,0.0228310502283105,Commercial,0.6789959458321738
MAC000533,2590.0889999999995,0.14785300833428472,0.09606499177758805,1.226,0.01141552511415525,Commercial,0.6453681578396544
MAC000535,10780.9690021,0.6153872368342942,0.6118035462196741,4.6799998,0.005707762557077625,Industrial,0.9925636185490124
MAC000536,4298.845,0.2453958785249458,0.14446240519575188,1.4,0.01141552511415525,Industrial,0.5863020358156117
MAC000538,1749.271,0.09990696213375978,0.08417157803470679,1.104,0.06278538812785388,Residential,0.8341503525111679
MAC000539,527.4490000000001,0.030105536529680368,0.03224884325103859,0.46,0.0,Residential,1.0367557306162296
MAC000541,604.0730002,0.03449874358652199,0.07335905200795793,1.428,0.05707762557077625,Residential,2.0665253075551266
MAC000542,2789.3729998999997,0.1592107876655251,0.12791898515903233,1.522,0.0,Commercial,0.7984417717619057
MAC000543,1514.4620001,0.08645669921219387,0.13200622554655417,2.4460001,0.017123287671232876,Residential,1.5093895234517252
MAC000545,2747.479,0.15683748144765383,0.1367910706740776,1.303,0.01141552511415525,Commercial,0.8666577128541156
MAC000547,12199.9330045,0.6963432080194064,0.49421206354346087,4.2859998,0.0,Industrial,0.7087070725864263
MAC000548,8485.1629981,0.4843682496917457,0.27346162226385845,1.997,0.01141552511415525,Industrial,0.563410611298807
MAC000550,7813.8440007,0.4460211199668931,0.3055960069022365,2.4200001,0.005707762557077625,Industrial,0.683627670488744
MAC000551,990.1800000000001,0.05652034933500771,0.06264419215531973,0.963,0.005707762557077625,Residential,1.089078784804834
MAC000552,2763.0240009999998,0.15778790480269544,0.18822479474250117,2.5190001,0.05136986301369863,Commercial,1.1853849635234057
MAC000553,2268.9179991,0.1295118442319767,0.1937404332985064,3.1789999,0.005707762557077625,Residential,1.4844662906927037
MAC000554,3356.6679997,0.19264623506083564,0.1742079336585248,4.2309999,0.547945205479452,Commercial,0.8996195232186975
MAC000555,8004.203999,0.45691311787875327,0.31182441508786274,2.572,0.01141552511415525,Industrial,0.6809685132681172
MAC000556,3732.4219997,0.2130499457560363,0.20271830619535514,1.6720001,0.005707762557077625,Commercial,0.9470607688282415
MAC000557,22522.662008400002,1.2857602333961295,0.38440576408850746,3.596,0.017123287671232876,Industrial,0.2987392321520151
MAC000558,3107.6430001,0.17837464126391916,0.11266655795547967,1.239,0.5593607305936072,Commercial,0.6281075026079638
MAC000559,1702.956,0.0972173317348861,0.06735057451017845,0.85,0.017123287671232876,Residential,0.685730036853119
MAC000560,2433.6600000000003,0.13896305601553133,0.07038243321997387,0.74,0.039954337899543384,Commercial,0.5028643645231904
MAC000562,1386.5000003,0.07915168124108009,0.09096972203386122,1.3,0.017123287671232876,Residential,1.1349696054439913
MAC000563,1731.009,0.09881880458982703,0.07826672926280988,2.2179999,0.017123287671232876,Residential,0.7840880241395556
MAC000564,4938.553001300001,0.28424962595257286,0.3035597761401768,2.4860001,0.8333333333333334,Industrial,1.0641899183091243
MAC000566,4827.214001100001,0.2755259133047946,0.3220036666131312,4.171,0.0,Industrial,1.1644610906978896
MAC000568,2217.6619999,0.12657888127283104,0.11510487124305255,1.614,0.0,Residential,0.9022251182536828
MAC000569,15082.394994000002,0.8610147282068848,0.7428545990309388,5.862,0.017123287671232876,Industrial,0.8617655530969681
MAC000570,3672.8360005,0.2096606918883434,0.16677637860295544,2.023,0.01141552511415525,Commercial,0.791682478149991
MAC000571,1264.6090000000002,0.07218499914378676,0.0509848723715368,0.8,0.005707762557077625,Residential,0.6966574157002678
MAC000572,3096.1739989999996,0.17672226021689497,0.2530013315713356,2.9849999,0.0,Commercial,1.4235770536710983
MAC000573,5447.9349987000005,0.31095519398972604,0.24453804421589045,2.9849999,0.0,Industrial,0.7838883561718933
MAC000574,2905.4870001,0.16631293646823125,0.13829544455176793,3.53,0.28538812785388123,Commercial,0.8265675534182435
MAC000575,2304.1890000000003,0.13152514412923114,0.14094307857426636,1.556,0.005707762557077625,Commercial,1.0635195268063735
MAC000576,4738.8430001,0.2705282297254096,0.355961845926883,3.007,0.017123287671232876,Industrial,1.3109570459280027
MAC000577,6482.6189984,0.3701815325719507,0.37224149096914083,3.5250001,0.045662100456621,Industrial,1.0028556334412588
MAC000578,1801.7269996,0.10283829906392694,0.14840704630885376,1.834,0.0,Residential,1.42921299411394
MAC000579,2080.7049996,0.11876847991323707,0.13362141269736108,1.622,0.005707762557077625,Residential,1.1156642615332464
MAC000580,4667.7239994,0.26642260270547946,0.29034748241984704,2.569,0.0,Industrial,1.0857252882981452
MAC000581,3061.7839999999997,0.17476933614932358,0.11965437977369621,2.8169999,0.005707762557077625,Commercial,0.6807466102736184
MAC000585,1277.1850000000002,0.07291949757350843,0.07828208235413188,1.387,0.028538812785388126,Residential,1.0590180523925385
MAC000588,2880.8449987999998,0.1644411780809407,0.2607846279752573,3.4879999,0.005707762557077625,Commercial,1.5762981804183638
MAC000589,2575.4079999,0.14703174240123315,0.14338041568092713,1.939,0.0228310502283105,Commercial,0.9685788558260781
MAC000591,2818.0320002000003,0.16085575661852847,0.13265553244038572,1.12,0.005707762557077625,Commercial,0.8195910680707909
MAC000592,3349.192001,0.19117483880358468,0.2204654156067534,2.5090001,0.005707762557077625,Commercial,1.1472126995359864
MAC000594,2709.1830001999997,0.15466021580179254,0.1396998045530185,1.726,0.017123287671232876,Commercial,0.8974663425296996
MAC000596,11161.6320028,0.6373340948324101,0.5985181505523396,4.402,0.039954337899543384,Industrial,0.9376252269737779
MAC000597,1378.534,0.08000777713290773,0.07076057987605225,0.699,1.6552511415525113,Residential,0.873503537320335
MAC000599,2375.9739992,0.13636214412304867,0.19460943101636216,2.3039999,0.547945205479452,Commercial,1.416761745084814
MAC000600,4363.4180028,0.249081972987784,0.39413806733541085,2.5209999,0.01141552511415525,Industrial,1.5760354999864932
MAC000601,1864.158,0.10642601050468142,0.10962437126223366,1.265,0.0228310502283105,Residential,1.0204639523261123
MAC000603,593.497,0.033892810233567466,0.05315441220199328,0.846,0.05136986301369863,Residential,1.5233628889787114
MAC000604,4375.1920003000005,0.249725570793379,0.15775028606505814,1.925,0.0,Industrial,0.6291750999544397
MAC000608,1048.6450000000002,0.05985758319538788,0.015116217723044383,0.262,0.005707762557077625,Residential,0.24838675690608056
MAC000610,4678.022999700001,0.2670256863805012,0.20928259094685858,1.633,0.005707762557077625,Industrial,0.7808303516467884
MAC000612,5599.7870004,0.3196225456849315,0.22828814689029306,2.3759999,0.0,Industrial,0.7120152651854579
MAC000613,1446.7669999999998,0.08258745290558282,0.07140723158490779,1.238,0.01141552511415525,Residential,0.8542817026087235
MAC000614,3966.9899993,0.22642636982305936,0.2760846288718447,4.0279999,0.0,Commercial,1.2139517026395932
MAC000615,875.4660000000001,0.04996952054794521,0.05928094627292986,0.547,0.0,Residential,1.1630665863761929
MAC000616,1574.8039999999999,0.09001966388476049,0.08704342401986435,1.133,0.14840182648401826,Residential,0.9563144962836775
MAC000618,3670.7659995000004,0.20951860727739727,0.1571385701155669,1.848,0.0,Commercial,0.7464355391089383
MAC000621,5960.7240007,0.34022397264269405,0.3450639098990083,2.441,0.0,Industrial,1.011253421694188
MAC000622,3510.3890002999997,0.20075426056845475,0.15111625220372418,1.247,0.19406392694063926,Commercial,0.7490114547169664
MAC000623,2544.4290001,0.1452299657591324,0.1662966859161497,1.9220001,0.0,Commercial,1.1372271411871275
MAC000624,2064.8440007,0.11786312008105485,0.2332142272511166,3.546,0.005707762557077625,Residential,1.9620402618750352
MAC000625,5472.1970015,0.31239350353941886,0.28554201757276904,4.1110001,0.017123287671232876,Industrial,0.9111293448903716
MAC000626,1154.531,0.06608270848835213,0.10586718615304463,1.24,0.2796803652968036,Residential,1.5781590895577335
MAC000627,3410.97,0.19470118157429075,0.12660016245404598,1.25,0.005707762557077625,Commercial,0.6469054577781733
MAC000629,5562.9580009,0.3175385581882528,0.2391715015135056,1.568,0.005707762557077625,Industrial,0.7508400329110484
MAC000630,5733.1549994,0.3272535532507563,0.36968905354958265,2.9449999,0.005707762557077625,Industrial,1.126230165335555
MAC000631,1015.1550000000001,0.05796248715313464,0.050442943143653614,0.779,0.03424657534246575,Residential,0.8555090800807901
MAC000632,5307.708998900001,0.3029514268778539,0.2828721534963563,2.875,0.0,Industrial,0.9306492040586191
MAC000634,1013.9539999,0.0578740867522831,0.0662892522622399,2.526,0.0,Residential,1.1259495631950376
MAC000637,1204.2319999000001,0.0687582505367135,0.09408020654336056,1.1569999,0.03424657534246575,Residential,1.3486606361185407
MAC000638,3646.8500007000002,0.20815353885273974,0.18272136401662753,2.6619999,0.0,Commercial,0.8736231049156548
MAC000639,3002.7690002,0.17140070781437297,0.1862074136660651,1.931,0.005707762557077625,Commercial,1.080084971962865
MAC000642,6077.3300003,0.3469191688720174,0.3725021454576185,4.4530001,0.01141552511415525,Industrial,1.070657149088109
MAC000643,3885.0130000000004,0.22179795615437317,0.23603790986900255,2.7590001,0.0228310502283105,Commercial,1.0594258311124525
MAC000644,4620.320000800001,0.26371689502283113,0.20028631388736134,1.701,0.0,Industrial,0.7566057084119515
MAC000645,1509.9230000000002,0.08618773902620014,0.11666454975583186,1.456,0.005707762557077625,Residential,1.3380843574894614
MAC000646,3599.8380007,0.20557580953115184,0.18890411184383277,1.456,0.05136986301369863,Commercial,0.9144541767623853
MAC000647,4065.1770001,0.2320571412318758,0.16827274337979292,1.9450001,0.01141552511415525,Industrial,0.7220235453432132
MAC000648,2973.5439998,0.16974220800319673,0.19439122325809763,1.441,0.01141552511415525,Commercial,1.1385071420328483
MAC000649,2001.5760000000002,0.11424520547945206,0.1064455209465261,1.85,0.0,Residential,0.9236438123710498
MAC000650,5792.792998599999,0.33065774294194866,0.25142600646587054,2.4030001,0.005707762557077625,Industrial,0.7580887581143511
MAC000651,1159.3830000000003,0.06636802335565861,0.0726140634346185,0.992,0.2910958904109589,Residential,1.077871367121227
MAC000652,497.24300000000005,0.0283814497716895,0.032671410630961066,0.775,0.0,Residential,1.1119740817705193
MAC000654,5091.8619979000005,0.29063139257420095,0.3490630232643845,3.086,0.0,Industrial,1.1969322650186605
MAC000655,2321.9120000000003,0.13266552394012116,0.07590252199246801,0.895,0.10273972602739725,Commercial,0.5678541463427058
MAC000656,5524.1739995,0.315504826060883,0.22207108282924096,2.381,0.06278538812785388,Industrial,0.7016356925518832
MAC000657,2535.3439999000007,0.14474446220027407,0.15850566702960797,1.7690001,0.0228310502283105,Commercial,1.0875587630341532
MAC000658,2467.0150000999997,0.14085155581501568,0.17260192359777113,2.1530001,0.028538812785388126,Commercial,1.2167785020479864
MAC000659,3453.6840009,0.19721813618661488,0.25962360753379193,2.3039999,0.045662100456621,Commercial,1.3097873510896405
MAC000660,2094.1430011,0.11955600600022838,0.2184960693881791,3.5350001,0.0228310502283105,Residential,1.8124030202839099
MAC000661,7652.5050003,0.43683668228679073,0.3888973399677862,3.7839999,0.01141552511415525,Industrial,0.8882246639011657
MAC000662,2069.8639997,0.1181564105320242,0.16251566008959134,2.1059999,0.01141552511415525,Residential,1.3638851603868514
MAC000663,2963.4169989999996,0.1691448058789954,0.21881936024794427,1.899,0.0,Commercial,1.2860772276737351
MAC000664,5985.0259989,0.3416305724584736,0.3864977163331527,5.8119998,0.005707762557077625,Industrial,1.1280304427007772
MAC000667,1319.4090000000003,0.07531733074551891,0.06556437851106094,1.143,0.01141552511415525,Residential,0.8591020921536967
MAC000669,6073.553999600001,0.3467036191117708,0.23733984354509896,2.1159999,0.01141552511415525,Industrial,0.6825923875954972
MAC000670,4291.3749987,0.24494149535958903,0.2826128736781059,3.0420001,0.0,Industrial,1.1491061045428708
MAC000671,3600.653,0.20570458180987203,0.12348392111123936,1.6059999,0.091324200913242,Commercial,0.5973932461004687
MAC000674,2733.303,0.15601935041954448,0.10748757746770651,1.6619999,0.005707762557077625,Commercial,0.6845498798747249
MAC000675,2532.6840004,0.1445843466575327,0.18584225871439258,1.892,0.017123287671232876,Commercial,1.2765263778774316
MAC000676,2990.283,0.17067825342465753,0.10099404259047526,1.099,0.0,Commercial,0.5882751051798029
MAC000677,1579.9950000000001,0.09022871338016104,0.1272469735930715,1.599,0.05136986301369863,Residential,1.3948127610088945
MAC000678,3440.6079976,0.19639294466579144,0.2932968199961596,2.927,0.005707762557077625,Commercial,1.4858525997104113
MAC000679,3308.4560001000004,0.18886037219431445,0.21184694979558857,1.437,0.01141552511415525,Commercial,1.1158039318429849
MAC000682,5891.493001,0.33627243156392694,0.3336394220491912,3.9990001,0.0,Industrial,0.9892282642317087
MAC000684,1687.318,0.09631360237456475,0.07369892865707761,0.959,0.005707762557077625,Residential,0.7573342971459106
MAC000685,1849.8690000000001,0.10558613013698631,0.2354525614018658,2.007,0.0,Residential,2.2090356512546063
MAC000686,5127.2349983,0.2926503994463471,0.30803425227997444,4.5159998,0.0,Industrial,1.0489829159461281
MAC000689,4397.1479994,0.2509787670890411,0.26119965621839275,2.5650001,0.0,Industrial,1.036593913193064
MAC000690,2707.2980003,0.15495066393658424,0.17065477641736054,2.2360001,0.273972602739726,Commercial,1.0942869501777535
MAC000691,1404.6789999999999,0.08019405115323132,0.05364511025636934,0.846,0.0228310502283105,Residential,0.6607024713562947
MAC000692,7473.6220004,0.426576598196347,0.42466484947444383,3.6500001,0.0,Industrial,0.9931901120543409
MAC000693,13051.933997599997,0.7453562901947346,0.5736603253497337,3.615,0.05136986301369863,Industrial,0.7686145784341923
MAC000694,2992.5160001000004,0.17082520836282683,0.11016037678683108,1.181,0.01141552511415525,Commercial,0.6411188313778498
MAC000695,739.394,0.042449994258812726,0.05612669445302727,0.963,0.5821917808219178,Residential,1.2917537829511543
MAC000696,2767.7000001,0.15799177988925678,0.1284074219078552,2.089,0.01141552511415525,Commercial,0.8076356022763904
MAC000697,12141.1600014,0.6931864117270911,0.47790905530348643,4.3699999,0.028538812785388126,Industrial,0.6884448430998231
MAC000698,2545.7949995,0.14531622806667047,0.1506152843175134,1.632,0.005707762557077625,Commercial,1.029381951049777
MAC000699,2158.8530003,0.12322923684571038,0.11884047575664537,1.575,0.005707762557077625,Residential,0.9566224406919789
MAC000700,707.5039998,0.04360848125,0.11712877427037631,1.487,7.397260273972603,Residential,2.625706390090927
MAC000701,1550.1089999,0.08863336954085425,0.08789482902784558,1.721,0.1769406392694064,Residential,0.9806038697204588
MAC000702,2044.032,0.11672179077204202,0.1343300452128534,2.638,0.045662100456621,Residential,1.1410805453424662
MAC000703,4289.2740001,0.2448495262073296,0.14109835536266058,1.8200001,0.01141552511415525,Industrial,0.5739216078198566
MAC000705,1568.9470000000001,0.0902939111418048,0.050837939718934806,0.624,0.821917808219178,Residential,0.5568601353924838
MAC000706,4291.541000200001,0.24497893596300951,0.2684729341757987,2.823,0.01141552511415525,Industrial,1.0914468473681496
MAC000707,3601.3210004000002,0.20961067460566907,0.11882943816093632,1.694,1.9349315068493151,Commercial,0.5642137483459623
MAC000711,4506.6309993,0.2729967893930216,0.18880811393594618,1.9119999,5.776255707762557,Industrial,0.6890887822233546
MAC000712,1496.8160001,0.08543957989040471,0.09192921698033121,1.37,0.005707762557077625,Residential,1.0635083730958286
MAC000713,3813.1420004,0.21770722240365403,0.2536106905826572,2.6570001,0.028538812785388126,Commercial,1.1595899202385922
MAC000714,1341.8690003000002,0.07659069636415526,0.10011433176850792,1.992,0.0,Residential,1.2902878368128419
MAC000715,7659.2029973,0.4371691208504566,0.4216043051550043,3.3,0.0,Industrial,0.9621953832271404
MAC000717,1579.0810001999998,0.09022288882413437,0.08867955984229973,1.336,0.10273972602739725,Residential,0.9721196180627667
MAC000718,5879.913999399999,0.35204849715004183,0.2519828067520646,2.497,4.668949771689498,Industrial,0.7137342568688929
MAC000720,5103.688998900001,0.2913729732187715,0.2687704480430481,2.401,0.0228310502283105,Industrial,0.9192725479517476
MAC000721,3766.0399991,0.21499343489752812,0.1558169664975331,2.4449999,0.017123287671232876,Commercial,0.7213967710243415
MAC000723,2467.1039991000002,0.14081643830479454,0.276355626538241,2.457,0.0,Commercial,1.9486854263276046
MAC000724,4241.1540001,0.2420888178606085,0.21519676240717622,2.3970001,0.005707762557077625,Industrial,0.8852598169718111
MAC000726,3755.2310004,0.21435190367030083,0.18664005498053568,1.9960001,0.005707762557077625,Commercial,0.8666747393432733
MAC000727,2471.5899999,0.1410724885787671,0.10882843031311118,1.3049999,0.0,Commercial,0.7660063633838233
MAC000730,6255.8109996,0.3581707889385091,0.47279404288867344,5.1729999,0.3082191780821918,Industrial,1.3163488163554884
MAC000731,1438.5040001,0.08210639269977169,0.08958823421247743,1.1390001,0.0,Residential,1.0779944996063286
MAC000732,1682.424,0.09602876712328767,0.09595883273492167,1.348,0.0,Residential,0.9889730188264011
MAC000733,1961.6840001,0.12731593977803737,0.15153711170820983,1.5880001,12.054794520547945,Residential,1.1809687243092382
MAC000734,3071.1570001,0.175314362375842,0.11052032811708938,1.908,0.01141552511415525,Commercial,0.6268367853181341
MAC000736,4728.3479996999995,0.2699136887601324,0.34706841501002794,3.8610001,0.01141552511415525,Industrial,1.2811032790495984
MAC000737,6304.1389996,0.3598252853652968,0.3085647733294615,2.619,0.0,Industrial,0.8551639417871528
MAC000740,2862.6860001999994,0.1634139742093846,0.16510117903680765,2.5220001,0.01141552511415525,Commercial,1.0041797227439309
MAC000742,3163.661,0.18057425799086757,0.1358532358220979,1.147,0.0,Commercial,0.7481965633527785
MAC000743,5173.6579999,0.295350687897471,0.2780909233947444,2.598,0.017123287671232876,Industrial,0.9383846056431495
MAC000744,2345.1869997999997,0.13388827356702443,0.1946110866469618,2.3989999,0.0228310502283105,Commercial,1.4427576356388148
MAC000745,553.3130006000001,0.0315872010389907,0.08920679169858271,3.6010001,0.017123287671232876,Residential,2.737479404624118
MAC000746,2556.4790000999997,0.14591775114726024,0.1494771603576196,1.875,0.0,Commercial,1.0174206941664523
MAC000747,3215.5309999,0.18354535075632172,0.09516950451463416,1.108,0.005707762557077625,Commercial,0.515697112523297
MAC000748,2071.8110004,0.11826755339650645,0.12299190971529841,2.1919999,0.01141552511415525,Residential,1.0312269029818217
MAC000749,5444.541002300001,0.31076147273401833,0.41009408428300476,2.846,0.0,Industrial,1.3154097608233961
MAC000750,4024.6219982000002,0.22971586747716896,0.2518241183945538,2.7920001,0.0,Commercial,1.0914902435978906
MAC000752,850.4310001,0.048551667052980134,0.0741262652186269,1.322,0.0228310502283105,Residential,1.495938878088034
MAC000753,3092.5879991,0.17654781064680025,0.1736161230959755,1.6059999,0.017123287671232876,Commercial,0.9778556123192859
MAC000756,4005.6719999999996,0.22863424657534245,0.08987049629838363,1.085,0.0,Commercial,0.3913636473595298
MAC000757,1581.6939999,0.09028449111821452,0.10518860242144165,1.574,0.005707762557077625,Residential,1.1523162492653998
MAC000758,1304.8799998,0.08549862402044292,0.0997658096106582,1.402,12.88812785388128,Residential,1.1533803079581906
MAC000760,1282.507,0.0732108117364996,0.07784601299734013,1.493,0.01141552511415525,Residential,1.048984793128905
MAC000761,2737.0980002,0.156262731228591,0.13005017396681967,1.316,0.0228310502283105,Commercial,0.8269611811445892
MAC000762,1427.4019999,0.0815145908229113,0.1287176603280545,1.946,0.05136986301369863,Residential,1.5599381763196514
MAC000763,2391.8429998,0.136590885717549,0.1183766382436706,1.714,0.05136986301369863,Commercial,0.860352323675552
MAC000764,1772.1090000000002,0.10118820304916348,0.08451933927745757,0.795,0.039954337899543384,Residential,0.8270948774468097
MAC000765,3652.6629993,0.20850913342276517,0.23129997493013568,3.1099999,0.01141552511415525,Commercial,1.1040090288732145
MAC000767,1333.9729993,0.07614435751469834,0.15093415633203933,1.7869999,0.005707762557077625,Residential,1.9565158255842858
MAC000768,4174.5959996,0.23834404793605482,0.21551521271158822,1.96,0.028538812785388126,Industrial,0.9004410787318475
MAC000769,961.2849999,0.05486786529109589,0.11152748942198751,1.375,0.0,Residential,1.9962726129033346
MAC000771,2399.3330000000005,0.1369795044530715,0.11205479158879014,2.589,0.0228310502283105,Commercial,0.8121118569961333
MAC000773,2292.209,0.13083384703196346,0.14666126536382876,1.7309999,0.0,Residential,1.112470497263653
MAC000774,2605.7220004,0.16653173134786223,0.2504601336233002,3.5699999,10.690639269406391,Commercial,1.4950011655000794
MAC000776,1588.638,0.09068086077972487,0.05479929163779328,0.796,0.005707762557077625,Residential,0.5977179006800085
MAC000777,1728.4079997,0.09878875169753086,0.17034414179114968,1.566,0.136986301369863,Residential,1.7070475268342755
MAC000778,7241.3660004,0.41334356986129345,0.47549035283620406,3.638,0.005707762557077625,Industrial,1.1475750739787762
MAC000779,1264.3069998,0.07216776070551972,0.18915927338814312,1.8200001,0.005707762557077625,Residential,2.5852817082848496
MAC000780,8926.5409992,0.5095348478337804,0.3650507630743227,3.8369999,0.005707762557077625,Industrial,0.7150359365736688
MAC000781,2221.5280007,0.12681401990524033,0.15734236097556856,1.829,0.01141552511415525,Residential,1.231025838106181
MAC000782,2280.2049998,0.13015611620526288,0.16417660706107134,1.904,0.005707762557077625,Residential,1.2517647808671806
MAC000783,2167.1070004,0.12370744379495376,0.16074919828819156,1.686,0.01141552511415525,Residential,1.2890104503504884
MAC000784,5384.1130006,0.30731238587899545,0.28823426762871923,3.253,0.0,Industrial,0.9348773543656583
MAC000786,2601.5479999000004,0.148515613398413,0.10558787592991609,1.255,0.017123287671232876,Commercial,0.7061996639010333
MAC000787,4635.6050005,0.2646195342219431,0.18396128387781424,1.7640001,0.01141552511415525,Industrial,0.6925743786754107
MAC000790,962.5339999000001,0.05494229122096011,0.07395329833987638,1.92,0.005707762557077625,Residential,1.321956908196281
MAC000792,3499.3590000000004,0.19975790615367053,0.10090369435001684,1.143,0.01141552511415525,Commercial,0.502613801285514
MAC000793,1713.825,0.09863741007194245,0.1214294029523845,1.265,0.8276255707762556,Residential,1.2187129599686233
MAC000794,4027.6749998,0.2306537051769557,0.1534600930160618,1.699,0.3310502283105023,Commercial,0.6624547312931458
MAC000795,4042.9029998,0.23077247558650607,0.22920299524424378,3.233,0.005707762557077625,Commercial,0.9889137813462959
MAC000796,695.1760001000001,0.03970165620217019,0.08396504053674994,1.436,0.05707762557077625,Residential,2.0629391619762383
MAC000798,1598.4650003,0.09125742180292304,0.08777731062218477,2.1470001,0.0228310502283105,Residential,0.9514390160359292
MAC000799,4047.5580013000003,0.23103818718534164,0.2194229810146527,2.589,0.005707762557077625,Commercial,0.9456330601281052
MAC000800,2979.8640012,0.1701126905977051,0.2891143577848923,4.5139999,0.017123287671232876,Commercial,1.6896137672489489
MAC000802,4812.8389997,0.2747211027855471,0.19332763367494316,2.168,0.005707762557077625,Industrial,0.701170972122911
MAC000804,1923.65,0.10981617856938974,0.13740224951991106,1.534,0.017123287671232876,Residential,1.2399114578190757
MAC000806,6996.7839995,0.3994510161852021,0.4682245781780668,3.654,0.0228310502283105,Industrial,1.1692430765652508
MAC000807,3237.4760001,0.18482964147636446,0.18420265149500165,2.4319999,0.0228310502283105,Commercial,0.991244723024611
MAC000808,5876.1330008,0.335434010777486,0.40508090210576253,3.079,0.01141552511415525,Industrial,1.2040426625406753
MAC000809,1202.5590000000002,0.06863921232876713,0.07193502233059804,1.048,0.0,Residential,1.032967202314012
MAC000811,6492.3120017,0.3706503768954099,0.3712136708497865,2.385,0.0228310502283105,Industrial,0.9988249546542333
MAC000812,2366.6539998999997,0.13535338861309693,0.1195159006879411,1.249,0.1997716894977169,Commercial,0.8765158086908112
MAC000815,2878.1129999,0.16428523316970148,0.15487169751857974,1.962,0.005707762557077625,Commercial,0.9369965758500037
MAC000816,2097.8920001,0.11977687696831288,0.08769265947453846,1.436,0.028538812785388126,Residential,0.726071593137365
MAC000818,1725.9999999000001,0.09852722913003768,0.0959790461404518,1.049,0.01141552511415525,Residential,0.9643496255185604
MAC000820,2596.2200003,0.1481945316684742,0.17922583159629585,1.96,0.005707762557077625,Commercial,1.2012895485643824
MAC000823,5581.2420007,0.31865498148444193,0.19890043222448212,1.896,0.028538812785388126,Industrial,0.6222347335267882
MAC000824,3635.6700007000004,0.20752725616188142,0.2857217824471995,3.0280001,0.005707762557077625,Commercial,1.370189143165972
MAC000825,5382.369001599999,0.3072303785375877,0.3340405035797839,2.846,0.005707762557077625,Industrial,1.0837364738824686
MAC000826,3332.254999,0.19020805976368516,0.24139022373889105,3.7950001,0.005707762557077625,Commercial,1.2624479534870352
MAC000827,4962.4010005,0.2832420662385845,0.33773702723161986,3.7920001,0.0,Industrial,1.1882021253959407
MAC000829,706.3060001,0.04031657058622067,0.06264084963250312,1.187,0.005707762557077625,Residential,1.5161192892760131
MAC000831,3793.9779997000005,0.21663781189402162,0.237908316409438,2.4879999,0.039954337899543384,Commercial,1.0931387075573387
MAC000832,4233.8119997,0.24166972999029626,0.1654074842619232,1.6440001,0.005707762557077625,Industrial,0.6816156438981386
MAC000833,4810.2549999,0.27458927959241924,0.42373231186254845,4.8540001,0.01141552511415525,Industrial,1.5375500545203509
MAC000835,5484.301997800001,0.3130488040299104,0.28240908046377816,2.283,0.005707762557077625,Industrial,0.8992522080640726
MAC000836,3524.7269994000003,0.20122899060287738,0.2796562082409587,2.681,0.0228310502283105,Commercial,1.3828690308311298
MAC000837,1834.5679999000001,0.10473071872466748,0.10491338018638263,1.288,0.017123287671232876,Residential,0.992269620899738
MAC000838,2189.9750000000004,0.12504139545506454,0.10696499757240129,0.985,0.03424657534246575,Residential,0.848649740715825
MAC000839,3388.9109995,0.1934420343341515,0.2872888475298135,3.484,0.005707762557077625,Commercial,1.4775038150243962
MAC000840,5060.3000001,0.28886288389656356,0.3124414639873158,2.632,0.01141552511415525,Industrial,1.077894002113114
MAC000842,2227.9589999,0.12716660958333334,0.15762787607867906,1.2539999,0.0,Residential,1.2298669410942804
MAC000843,1614.546,0.09216497317045325,0.09239098398192018,1.165,0.01141552511415525,Residential,0.9916922727266074
MAC000844,5177.1159996000015,0.2957169132118582,0.30988042176832187,2.7780001,0.07420091324200913,Industrial,1.044363863232376
MAC000846,1828.668999,0.10438800085626213,0.169869880521386,1.821,0.01141552511415525,Residential,1.6118521951381373
MAC000848,6078.619000500001,0.3470521838709678,0.42848703093942725,3.0940001,0.028538812785388126,Industrial,1.2310999637292286
MAC000849,2300.7450006,0.13147114289142856,0.18124153076230784,1.852,0.1141552511415525,Residential,1.3681585800980882
MAC000850,5752.0940001,0.32859720080548416,0.2667170001500714,3.0710001,0.08561643835616438,Industrial,0.8092210719577005
MAC000852,1376.8039999000002,0.07858470319063929,0.09315864318504559,1.198,0.0,Residential,1.1705596609676476
MAC000853,1778.2930000000001,0.10150653576117359,0.07242757936630967,0.984,0.005707762557077625,Residential,0.7065654772985028
MAC000854,2508.5919998,0.14319264797077458,0.14308829037337906,1.3279999,0.005707762557077625,Commercial,0.9923410963531278
MAC000855,11341.870998199998,0.6473670661073059,0.38350122180725293,3.8280001,0.0,Industrial,0.5914878189444971
MAC000856,4661.2169984,0.2660815731476196,0.24665970444408636,2.348,0.01141552511415525,Industrial,0.9235369611506452
MAC000858,6410.9000008,0.36606520874778736,0.40574777273113427,2.612,0.039954337899543384,Industrial,1.1053833571296754
MAC000860,3234.7729998,0.18470696053217608,0.13891208174704814,1.597,0.039954337899543384,Commercial,0.7480176367593926
MAC000861,2965.0069998,0.16930320332324558,0.18275619630262563,1.582,0.039954337899543384,Commercial,1.0731224823513361
MAC000862,4047.2780007,0.23102220450368172,0.21374781256916967,2.2579999,0.005707762557077625,Commercial,0.9212386074272384
MAC000864,2995.818,0.17144431727137463,0.0906897503589163,0.945,0.2625570776255708,Commercial,0.5259074453360986
MAC000866,5434.5319997999995,0.3102255965178673,0.24230992775570726,2.7060001,0.01141552511415525,Industrial,0.7785668353335339
MAC000867,4895.2269993,0.27940793375,0.20408313708569883,1.661,0.0,Industrial,0.7278079987125144
MAC000869,1787.6670000000001,0.10204743692202307,0.08172819625802875,1.13,0.01141552511415525,Residential,0.7931123635794378
MAC000870,1324.5159998000001,0.07561317576068963,0.07207816164799107,1.395,0.017123287671232876,Residential,0.9408063421510653
MAC000871,1096.9640001,0.06261567441634797,0.09592019755023483,1.196,0.005707762557077625,Residential,1.5078076029260052
MAC000872,4412.905,0.2518781392694064,0.0945370787126277,0.985,0.0,Industrial,0.3738444097451683
MAC000873,1443.6020001,0.08240207774987156,0.08854121821714141,2.325,0.005707762557077625,Residential,1.061618854181097
MAC000874,1459.6049999000002,0.0833155431188995,0.10878119092481905,1.071,0.005707762557077625,Residential,1.2901677069365345
MAC000875,3480.5669998,0.1986738398196244,0.1328645982991706,1.479,0.005707762557077625,Commercial,0.6654081396901768
MAC000876,4016.9519991,0.22927808214041098,0.21312603537787736,2.865,0.0,Commercial,0.9255159388027417
MAC000880,1950.826,0.11135487185341629,0.04177856776909068,0.48,0.005707762557077625,Residential,0.37184473694738457
MAC000882,3308.1699998000004,0.1888979615028836,0.17295128474022747,1.467,0.039954337899543384,Commercial,0.9107590380194851
MAC000885,5811.670002100001,0.3318110192463603,0.43155815138143094,3.6270001,0.028538812785388126,Industrial,1.2967063180740839
MAC000886,6819.516999200001,0.38970895475170014,0.3606887547464172,3.0190001,0.11986301369863014,Industrial,0.9231648017272573
MAC000888,6192.0930006,0.3534299657876712,0.28154719834210934,2.997,0.0,Industrial,0.7943662373930769
MAC000889,6763.2379977,0.3860956783524576,0.47143736280843507,2.931,0.017123287671232876,Industrial,1.2178833016554187
MAC000890,2750.3840002999996,0.1570033108973627,0.20770690852420054,2.309,0.01141552511415525,Commercial,1.3145731399206235
MAC000891,2216.9880002,0.12654041097031962,0.13948035550615348,2.8069999,0.0,Residential,1.0936169520310894
MAC000892,8567.2819983,0.48905594236214184,0.3950733092599134,3.154,0.01141552511415525,Industrial,0.8061800196842872
MAC000893,3485.621999,0.19900782180987725,0.23961735813459062,2.7609999,0.028538812785388126,Commercial,1.198039936469911
MAC000894,4660.8730003,0.26680823174194285,0.41976963942819573,3.6429999,0.2910958904109589,Industrial,1.5674262015690439
MAC000896,4046.7339995,0.2309911524344997,0.21114954027458627,2.8670001,0.005707762557077625,Commercial,0.9101620387622419
MAC000897,1840.0440001,0.10517542155472992,0.10839134519737936,1.4450001,0.14269406392694062,Residential,1.020870401173846
MAC000899,6739.0880013999995,0.38465114163242003,0.2900741761739255,2.1789999,0.0,Industrial,0.7521672954112687
MAC000900,3646.8799999,0.20816713282150806,0.22453242080639166,2.424,0.005707762557077625,Commercial,1.0734593804371526
MAC000902,6550.159,0.3739102066445941,0.3252048170424959,3.0220001,0.01141552511415525,Industrial,0.8674205483842221
MAC000903,1597.6569998999998,0.09119046803082191,0.07150758914696445,1.416,0.0,Residential,0.7756505707624504
MAC000904,6225.4300007,0.35533276259703195,0.2941171398640034,2.711,0.0,Industrial,0.8254002178200305
MAC000905,2964.688999499999,0.16922706772646837,0.1136044406457207,1.738,0.005707762557077625,Commercial,0.6673700144342938
MAC000906,4692.3899993,0.26786105715835146,0.2676577598109381,2.7939999,0.01141552511415525,Industrial,0.9955244639735807
MAC000907,3808.1489991,0.21738491831830117,0.2735503790344724,2.6860001,0.01141552511415525,Commercial,1.2526065496691774
MAC000908,6494.957000699999,0.37075904787646985,0.2620978754526492,2.368,0.01141552511415525,Industrial,0.7050208379588397
MAC000909,2351.7200003000003,0.13423059362442924,0.13446896420104013,1.439,0.0,Commercial,0.9943679207272849
MAC000911,3813.4549998,0.2182734245206342,0.21539134233191934,1.988,0.2796803652968036,Commercial,0.9822957013728331
MAC000912,2451.4570002,0.14936068970937671,0.12542378300345647,1.369,6.318493150684931,Commercial,0.8341527512668416
MAC000914,2679.9820000000004,0.1529757406244649,0.11076512508339081,1.928,0.005707762557077625,Commercial,0.7193673797844462
MAC000915,1761.6130001,0.1005544266282322,0.10922965006698607,1.525,0.005707762557077625,Residential,1.0755774385576624
MAC000916,11699.2150031,0.6678015299446316,0.5342776649239763,4.5710001,0.005707762557077625,Industrial,0.7988583174566121
MAC000917,4165.9590005,0.2385318637560836,0.16348134728013058,2.0179999,0.3139269406392694,Industrial,0.6825035497014477
MAC000918,1832.41,0.10482295063211487,0.0783017958037931,0.857,0.2226027397260274,Residential,0.7399320784014339
MAC000919,938.648,0.05357579908675799,0.058853452133767546,0.982,0.0,Residential,1.0783800350812904
MAC000920,1113.709,0.06357149380672412,0.06678221518904179,0.79,0.005707762557077625,Residential,1.0342368009780727
MAC000921,3423.1129999,0.19543893804738796,0.194225521345494,2.4630001,0.028538812785388126,Commercial,0.9887322914494682
MAC000922,2456.8289995000005,0.14037418577876817,0.17121319705758187,2.335,0.10273972602739725,Commercial,1.2110640716651608
MAC000923,2321.0779998000003,0.13940408407207208,0.16363682595034207,1.492,4.965753424657534,Commercial,1.1654705561580685
MAC000926,1689.517,0.09645564055720485,0.07419708366404038,0.709,0.0228310502283105,Residential,0.7613421166780789
MAC000927,5115.3059992,0.2920195238454073,0.23138031904153147,3.2019999,0.017123287671232876,Industrial,0.7896413044599863
MAC000928,2910.0730006,0.16611902047037333,0.27330197323055,4.1100001,0.01141552511415525,Commercial,1.6353732355617814
MAC000929,3682.2969996,0.21432378788196263,0.3087647553187749,3.421,1.9349315068493151,Commercial,1.4339556179832544
MAC000930,3636.323999,0.2075645869627262,0.18174316610345168,2.2260001,0.005707762557077625,Commercial,0.8713999281955381
MAC000933,2513.2270000000008,0.15220609253875975,0.08469872778112374,1.099,5.7534246575342465,Commercial,0.5528417726579361
MAC000934,9322.9650013,0.5321630801586849,0.36573428591674706,2.7420001,0.005707762557077625,Industrial,0.6859707649072285
MAC000936,1676.699,0.09574571722247602,0.07355021169581875,1.347,0.045662100456621,Residential,0.7602425596440927
MAC000940,5433.1949989,0.3170817040501897,0.32170995270177016,3.589,2.1974885844748857,Industrial,1.0114066562313435
MAC000941,4180.1269999,0.23860534276499798,0.20915874546605437,2.2179999,0.005707762557077625,Industrial,0.8729302237270842
MAC000947,4597.236999300001,0.2624293297922138,0.3142668464687271,1.806,0.01141552511415525,Industrial,1.1929835099098973
MAC000948,4915.7859997,0.2806294456642119,0.1714359783561554,2.2950001,0.017123287671232876,Industrial,0.6087288846939652
MAC000949,4512.122999499999,0.2576442071318449,0.21115546746389913,3.5339999,0.039954337899543384,Industrial,0.8163935693957445
MAC000950,3158.7660006,0.1803051544380387,0.12076356283322258,1.677,0.005707762557077625,Commercial,0.6660790378935073
MAC000952,1889.1760002,0.10782968037671234,0.14850377388089617,3.3529999,0.0,Residential,1.3645521457643957
MAC000953,1941.468,0.11082070894457446,0.060547547195010064,1.045,0.005707762557077625,Residential,0.5414698919948837
MAC000954,3285.9250003000006,0.1875849175258321,0.14736601344395414,1.358,0.017123287671232876,Commercial,0.781430537379895
MAC000955,2093.0910001,0.11946866438926942,0.093696807773799,1.477,0.0,Residential,0.7777691256793323
MAC000956,1530.0320004,0.08733059363013698,0.15678087177940134,2.7750001,0.0,Residential,1.7749328441726924
MAC000957,8354.235001000001,0.47692156196837365,0.39178350794969646,4.1789999,0.017123287671232876,Industrial,0.8197652902206213
MAC000958,1665.4399999000002,0.09505936072488586,0.10711273645595334,1.617,0.0,Residential,1.1150681791722972
MAC000959,4783.913000299999,0.29575969089953624,0.30032666481623166,3.2,7.676940639269407,Industrial,1.0120197386170717
MAC000960,2725.1300011,0.16602473504934812,0.22019961459206372,2.6960001,6.312785388127853,Commercial,1.3183652979722127
MAC000962,2225.1250003,0.12702660274590397,0.08340487779441695,2.1070001,0.017123287671232876,Residential,0.6514652111792084
MAC000963,4533.4919997,0.25969479290256053,0.21754254396350253,2.2279999,0.3595890410958904,Industrial,0.8344721486048747
MAC000964,3623.0440003,0.20681835827720058,0.3175468546232369,3.76,0.01141552511415525,Commercial,1.5280019400387808
MAC000966,12909.401,0.7368379566210046,0.42319096115371835,3.283,0.0,Industrial,0.5735554227811205
MAC000967,2991.1109998,0.17112597973568283,0.16779082367417714,1.365,0.23401826484018262,Commercial,0.9748140514978461
MAC000968,3577.2530002999997,0.20418110732305936,0.17854307971880432,1.597,0.0,Commercial,0.870173097553698
MAC000969,1755.3569994,0.10020304825893367,0.12806999130418315,1.511,0.01141552511415525,Residential,1.265475630501849
MAC000970,1195.3030004,0.06823284623815504,0.12046591542086396,1.663,0.01141552511415525,Residential,1.7400110202962271
MAC000971,1063.9840000000002,0.06076089315287534,0.07782734257210229,1.095,0.05136986301369863,Residential,1.2601395251758751
MAC000972,2304.4920001,0.13164764353613254,0.10444363871537726,1.808,0.08561643835616438,Commercial,0.7873765106647171
MAC000973,1805.6639999,0.10309243504995717,0.12074050787850242,2.036,0.028538812785388126,Residential,1.159935472933795
MAC000974,2249.9289999000002,0.1286408804974271,0.13949607140227,2.188,0.17123287671232876,Residential,1.076019160522737
MAC000975,3150.712,0.1798659587828966,0.12986256706820376,1.283,0.017123287671232876,Commercial,0.7180044710574032
MAC000979,2485.9469999000003,0.14192435486983332,0.1205305481965637,1.7539999,0.0228310502283105,Commercial,0.8433170701126165
MAC000980,1754.3320001,0.11280426955375514,0.1478017498077901,1.977,11.232876712328768,Residential,1.2987364216416883
MAC000981,6559.177,0.37446774377711806,0.3341786439471462,3.2479999,0.0228310502283105,Industrial,0.8900328975943096
MAC000984,1852.21,0.10572578343512758,0.08100145974239224,0.932,0.005707762557077625,Residential,0.7589680500366468
MAC000986,7349.823999499999,0.4197740590267862,0.2916813321559356,2.122,0.06278538812785388,Industrial,0.6932017929778493
MAC000987,5030.805999499999,0.2879353250629578,0.28689073611785865,2.902,0.273972602739726,Industrial,0.9929237141749502
MAC000989,2442.12,0.1394620524241905,0.09595496413345142,1.075,0.05136986301369863,Commercial,0.6831379897801206
MAC000990,4780.8949991,0.27292886904721125,0.3420857447905106,2.9100001,0.017123287671232876,Industrial,1.2488123138695273
MAC000992,3773.2389997,0.21541670470997945,0.21934946992087062,2.378,0.0228310502283105,Commercial,1.0135514733708813
MAC000995,7734.9650008,0.44149343611872144,0.3563908981660381,3.5179999,0.0,Industrial,0.8054151069269603
MAC000996,4986.206999000001,0.28461710137564933,0.21741454810097882,2.0769999,0.005707762557077625,Industrial,0.7612098402155228
MAC000997,2105.894,0.12021315218632263,0.10056836087874856,1.105,0.01141552511415525,Residential,0.8296819203592696
MAC000998,1913.6269999,0.10923152005822251,0.09962982769772152,1.189,0.005707762557077625,Residential,0.9038234040962028
MAC001000,3007.4569996000005,0.17165850454337903,0.16240885109138237,1.923,0.0,Commercial,0.9406362664897198
MAC001001,3048.8350001,0.17406000228933546,0.15312624099771005,1.235,0.0228310502283105,Commercial,0.8747071803679417
MAC001002,754.8040000000002,0.04308733873729879,0.0229531099696224,0.888,0.01141552511415525,Residential,0.5206281582653933
MAC001003,2797.8429997999997,0.1596942351484018,0.15526877104307626,1.7539999,0.0,Commercial,0.9662373444802478
MAC001006,2609.1390004,0.14893195960956676,0.14221928099978126,2.191,0.005707762557077625,Commercial,0.9485588087431802
MAC001007,2467.3870001,0.14086475223224482,0.12144282071956661,1.563,0.0228310502283105,Commercial,0.8560464724934228
MAC001008,2369.6049995000003,0.1352514269121005,0.15640891266499116,1.301,0.0,Commercial,1.1479433001893977
MAC001009,11221.0999992,0.6406200045215803,0.41057860003864527,3.6860001,0.0228310502283105,Industrial,0.6399092876550669
MAC001010,1793.45,0.1023950899229232,0.10398781617136475,1.181,0.028538812785388126,Residential,1.0057326343918593
MAC001017,1379.241,0.0787282949940065,0.061719545985623576,0.658,0.005707762557077625,Residential,0.7741234901644802
MAC001018,1418.107,0.08096066453528203,0.0485720232680733,0.593,0.0228310502283105,Residential,0.5926260303461088
MAC001019,1381.4940001,0.07907355046076354,0.05965734570233427,1.3200001,0.2796803652968036,Residential,0.7450318533279809
MAC001020,4061.009,0.2318456839461064,0.1986529144184056,1.483,0.0228310502283105,Industrial,0.8531526590992559
MAC001021,1267.4650000000001,0.07234389269406394,0.09333064585252634,0.943,0.0,Residential,1.2725073952896426
MAC001022,1692.979,0.09671402456441017,0.13727093900420384,1.199,0.08561643835616438,Residential,1.4048233057243378
MAC001026,3915.7889993,0.22354221609293828,0.19883142626539463,2.227,0.017123287671232876,Commercial,0.8854968554469868
MAC001027,2775.4309998999997,0.15842405387864603,0.1556457159793584,2.1029999,0.005707762557077625,Commercial,0.9763000763851877
MAC001028,4063.7620001,0.25892080280981206,0.18555413935888646,1.6569999,10.416666666666668,Industrial,0.7138872200801072
MAC001029,3845.5110018,0.2194926370890411,0.2590252769623406,2.9449999,0.0,Commercial,1.174757036706577
MAC001031,5245.692000099999,0.2994458271549263,0.2933437250516503,3.125,0.01141552511415525,Industrial,0.9763614553394554
MAC001032,8515.6140013,0.48605102747146123,0.48452800446670885,3.766,0.0,Industrial,0.9948197973878615
MAC001035,2134.1440000000002,0.12183968942680978,0.10272203066843966,1.771,0.0228310502283105,Residential,0.8362283488973113
MAC001036,14043.329003199999,0.8016056283577829,0.4571313838602291,4.552,0.005707762557077625,Industrial,0.5695591554666379
MAC001037,2872.174,0.1639743092030144,0.1034989098617547,2.2360001,0.0228310502283105,Commercial,0.6273638020474498
MAC001038,1901.1230000000003,0.10853017069132843,0.06935559144654405,0.977,0.017123287671232876,Residential,0.633209927536751
MAC001039,2610.3260001,0.14899971460129002,0.22507463856748272,2.079,0.005707762557077625,Commercial,1.500500445389161
MAC001040,4933.9299998999995,0.28169740222095346,0.19535494408209225,1.8839999,0.028538812785388126,Industrial,0.6910390493415457
MAC001041,2203.6380001999996,0.1257927845758648,0.10450073010828113,1.3150001,0.01141552511415525,Residential,0.8241851494771337
MAC001042,2297.5320003,0.13120507111529897,0.11444900483458986,1.352,0.05136986301369863,Residential,0.8656930015549581
MAC001043,325.804,0.018600365380223794,0.026091355082272307,0.435,0.0228310502283105,Residential,1.3311667704214194
MAC001044,8199.7829972,0.4681042985214363,0.2952812153745193,2.642,0.017123287671232876,Industrial,0.6294574923001394
MAC001047,3918.4490002,0.22366853132028083,0.14578765846233258,1.808,0.005707762557077625,Commercial,0.6489011060231751
MAC001048,4174.9780001,0.23831143330669557,0.13632804324638595,1.7970001,0.005707762557077625,Industrial,0.5696679066380891
MAC001049,1608.1530000000002,0.09194699828473414,0.05673861161398042,0.841,0.17123287671232876,Residential,0.6104404947017995
MAC001050,3837.0959997000004,0.21903733301175937,0.2138793804152784,2.1849999,0.01141552511415525,Commercial,0.972014055468706
MAC001052,4040.9340001,0.23067325037675535,0.21698384584599775,2.0539999,0.01141552511415525,Commercial,0.9365943003481448
MAC001053,2020.4160000000002,0.11532713054398083,0.11516555491122456,1.8099999,0.005707762557077625,Residential,0.9900145767601728
MAC001054,5698.4799986,0.32527427356584276,0.2971333616657701,3.4879999,0.005707762557077625,Industrial,0.9106858423693893
MAC001055,2961.8329996,0.16907369560452107,0.14382443742333,2.135,0.01141552511415525,Commercial,0.8456595060871173
MAC001056,2492.2639998,0.14242322417280986,0.15739797115790183,2.0409999,0.11986301369863014,Commercial,1.097437127534198
MAC001058,1995.817,0.1139295010845987,0.08866945848386605,1.9809999,0.01141552511415525,Residential,0.771511732384509
MAC001059,3081.7389994000005,0.17591842672679533,0.18246273330796878,2.164,0.01141552511415525,Commercial,1.0313382087086678
MAC001060,5960.8219981,0.34022956610159816,0.3118766195981623,2.8069999,0.0,Industrial,0.9139788886444375
MAC001061,1791.307,0.10254791618960385,0.08288909035125452,0.893,0.2968036529680365,Residential,0.8004901827235085
MAC001062,3374.5150002,0.19262029797362865,0.15167139120672446,1.6390001,0.005707762557077625,Commercial,0.78334447779531
MAC001063,2599.3030000000003,0.1483959237268783,0.10525541309497016,1.345,0.0228310502283105,Commercial,0.7045400601919725
MAC001066,5866.252000900001,0.33492731949186416,0.25879845804492746,2.569,0.028538812785388126,Industrial,0.7704001521412291
MAC001067,1547.3559999,0.08834966312093182,0.05850549222619527,1.0779999,0.03424657534246575,Residential,0.6547925328717806
MAC001068,2042.204,0.11657080883612078,0.1085997941075132,1.641,0.005707762557077625,Residential,0.9236969208818486
MAC001069,1397.9830003,0.07979810493178834,0.08848185958257748,1.2690001,0.005707762557077625,Residential,1.0950982038164874
MAC001070,4727.873997500001,0.26996368397761666,0.47297794968066864,3.142,0.039954337899543384,Industrial,1.7455400027692998
MAC001071,2776.0579999,0.15846888913688778,0.1960262177398003,2.2,0.01141552511415525,Commercial,1.2292442670214614
MAC001072,1825.477,0.10419389269406393,0.06658313016513924,0.846,0.0,Residential,0.6329562340542277
MAC001073,3363.3209999,0.19199229363511816,0.16389646052970192,1.426,0.01141552511415525,Commercial,0.8492383682406178
MAC001076,4908.6949994,0.2802246388879374,0.25341709879033986,3.553,0.017123287671232876,Industrial,0.9011198300136201
MAC001077,3568.4680002000005,0.20370293413631696,0.1549166777672354,1.91,0.01141552511415525,Commercial,0.7567877735649474
MAC001078,4720.2269999,0.2694347280038815,0.2685352441672611,1.518,0.005707762557077625,Industrial,0.9929761837518399
MAC001079,485.48300000000006,0.028096706985357954,0.0303425073296382,0.665,1.3755707762557077,Residential,1.042815853522777
MAC001081,5422.6959991,0.3095146118207763,0.4758214257667954,3.3069999,0.0,Industrial,1.5323640423125446
MAC001083,2473.756,0.1412283626398721,0.08261248822969275,0.834,0.0228310502283105,Commercial,0.5808439800356198
MAC001084,1443.811,0.08310181880971566,0.07368886525230536,1.15,0.8333333333333334,Residential,0.8761863452564551
MAC001085,5175.876999499999,0.29542676937785384,0.2427002144898041,2.02,0.0,Industrial,0.8187526888991434
MAC001086,2738.9750000000004,0.1563609636353257,0.14885430014917603,1.798,0.017123287671232876,Commercial,0.9459417171220218
MAC001088,1213.7420000000002,0.06927751141552513,0.038249787197396204,0.556,0.0,Residential,0.544267809530694
MAC001089,1082.856,0.061881021772672726,0.06872676626598073,0.829,0.11986301369863014,Residential,1.092965163868385
MAC001090,4401.7899996999995,0.2512867499971456,0.22570039151721755,1.809,0.017123287671232876,Industrial,0.8946184907442469
MAC001093,4324.5759999,0.2469916043120681,0.24233442462834498,2.497,0.06278538812785388,Industrial,0.9771880193306697
MAC001094,2108.0190000000002,0.12032071917808221,0.10090808561284015,1.051,0.0,Residential,0.8317465169714408
MAC001095,6800.2939995,0.38814463467465754,0.4345977501582308,3.0639999,0.0,Industrial,1.116802626667522
MAC001098,5753.5909993,0.32842005818254466,0.40618800210511274,4.9089999,0.005707762557077625,Industrial,1.2330396768979621
MAC001099,6597.0259982,0.3767791420526586,0.26958489419212145,2.704,0.06278538812785388,Industrial,0.7136044958102638
MAC001100,1995.451001,0.11390210634168617,0.16450324589928042,1.816,0.005707762557077625,Residential,1.431681725747434
MAC001101,941.1639998000002,0.05372247273246191,0.07760431082530027,1.931,0.005707762557077625,Residential,1.4181433504422878
MAC001104,5931.8400002,0.3385946686568868,0.23535774057111727,2.559,0.005707762557077625,Industrial,0.6930548748069821
MAC001106,1338.7669997,0.0764310915562914,0.10718999202040294,1.716,0.0228310502283105,Residential,1.3843275338883374
MAC001109,3863.9170001,0.2205557965694389,0.29424021390547267,4.4050002,0.005707762557077625,Commercial,1.3280637133465987
MAC001111,2827.1839998000005,0.16139658616201408,0.1677386850532915,3.2550001,0.017123287671232876,Commercial,1.0328953891059502
MAC001112,3856.687,0.22013053652968037,0.11352714027754246,1.171,0.0,Commercial,0.5133942243309518
MAC001113,3364.9050001,0.19207175067640847,0.15692702314604848,1.387,0.005707762557077625,Commercial,0.8127912167174618
MAC001114,3299.9570002,0.18835371005707763,0.2179199843079028,1.858,0.0,Commercial,1.1508619727715623
MAC001117,2866.428,0.1636182430504024,0.10183413667456953,1.249,0.005707762557077625,Commercial,0.6186078455678221
MAC001119,2887.9699988,0.16485728957643567,0.22057686193403178,4.0120001,0.01141552511415525,Commercial,1.3299196103911881
MAC001120,1307.0389999000001,0.07460694102973915,0.11021232121438954,1.393,0.005707762557077625,Residential,1.4577011014245205
MAC001121,4002.0920002,0.22971484331305245,0.17474919251237991,1.428,0.5593607305936072,Commercial,0.7574250100383275
MAC001123,3812.0900002,0.21762230976765426,0.18987893728176633,2.197,0.017123287671232876,Commercial,0.8685249802893603
MAC001124,5657.4080015,0.3229298476796621,0.24801140458075419,2.388,0.005707762557077625,Industrial,0.7656330725843316
MAC001125,4449.5869993,0.25407337402500996,0.2823388872212756,3.5039999,0.039954337899543384,Industrial,1.1068928236844988
MAC001126,2819.3799999999997,0.1609418883434182,0.18599735291606942,1.329,0.01141552511415525,Commercial,1.1485438067860403
MAC001127,3953.7259985,0.2256950564276744,0.19440445633737607,2.01,0.01141552511415525,Commercial,0.8575593107360043
MAC001128,1169.8470001000003,0.06677208904680366,0.047568172583401305,1.0140001,0.0,Residential,0.7018844077618818
MAC001130,2139.6489999,0.12212608446917808,0.12412254925667625,1.14,0.0,Residential,1.0080930437428766
MAC001131,3903.4869999999996,0.22283992692812693,0.1276212517394855,1.3839999,0.017123287671232876,Commercial,0.5701451635143876
MAC001135,1619.427,0.09243304794520547,0.04780985290357806,0.9,0.0,Residential,0.5117017367518237
MAC001137,3110.3540008,0.1775721626398721,0.18729305132936078,2.2950001,0.0228310502283105,Commercial,1.0488367759037345
MAC001138,4473.586000300001,0.2553853970599989,0.2124268865093697,2.665,0.017123287671232876,Industrial,0.8285451860569808
MAC001139,2682.016,0.15309184314173183,0.08603802132424454,1.142,0.005707762557077625,Commercial,0.5583554558764529
MAC001140,2577.1370001,0.14709686073630138,0.11008397099238253,1.2180001,0.0,Commercial,0.7433241356033609
MAC001144,3044.7229992000002,0.17381532221270768,0.19949673150037606,1.831,0.017123287671232876,Commercial,1.1411856179153284
MAC001145,24358.110999099998,1.390541245595707,1.200040385548539,6.046,0.017123287671232876,Industrial,0.8623821890631866
MAC001146,3249.3529999,0.18547594040184942,0.09547286222036598,2.8789999,0.005707762557077625,Commercial,0.5119848813451492
MAC001148,2446.3360000000002,0.13963902049203722,0.1831616762419501,2.0569999,0.005707762557077625,Commercial,1.3023531847786187
MAC001149,1854.2089999000002,0.1058882416709497,0.09702267542980944,1.653,0.05136986301369863,Residential,0.907702043864554
MAC001151,2841.3349998,0.16217665523972602,0.1504566301461814,1.72,0.0,Commercial,0.9220475191450801
MAC001152,3592.4340006,0.20507101270693004,0.34435450979307775,3.4430001,0.01141552511415525,Commercial,1.6710477872150395
MAC001153,2004.733,0.1144319310462926,0.10540652160670148,1.27,0.005707762557077625,Residential,0.9131487332082269
MAC001154,2857.2760006000003,0.16309583883783324,0.14512171036112217,3.0999999,0.005707762557077625,Commercial,0.8843716659051779
MAC001157,3211.8829995,0.18334758531225026,0.1618551830292726,1.5369999,0.01141552511415525,Commercial,0.8779891678815334
MAC001159,1689.5720000000001,0.0964532739624365,0.069381270767511,1.163,0.017123287671232876,Residential,0.7119439701354118
MAC001160,14546.0330038,0.8303004169073577,0.8614907276116638,4.4899998,0.005707762557077625,Industrial,1.0363169680783049
MAC001161,2255.923,0.13134158127619933,0.09574385434274527,1.023,1.9634703196347032,Residential,0.7234601054291929
MAC001162,3058.388,0.17458545496061192,0.15846996169196564,2.066,0.01141552511415525,Commercial,0.9025232854709652
MAC001163,2551.7229998000003,0.1458710912822272,0.14977900291706794,2.3180001,0.1541095890410959,Commercial,1.019799074204827
MAC001164,4332.1150004,0.24726683792237444,0.2486977412818516,2.6170001,0.0,Industrial,1.0017356460616456
MAC001167,3531.9489999999996,0.20162978820574298,0.2062208737399845,2.345,0.017123287671232876,Commercial,1.017722396919229
MAC001168,4182.3909991,0.23872094743721461,0.2776238642724803,3.437,0.0,Industrial,1.1581126607435626
MAC001170,2183.0200001,0.12460159817922374,0.19948198287332009,3.4349999,0.0,Residential,1.5882121387394672
MAC001171,4691.7270006,0.267823210446398,0.3196266367135104,3.184,0.01141552511415525,Industrial,1.1889845232587992
MAC001172,1850.7930001,0.10566299383991778,0.13084362772006142,1.192,0.0228310502283105,Residential,1.2267012485739381
MAC001173,2174.4300001,0.12414673137881817,0.14067206453811373,2.217,0.028538812785388126,Residential,1.124057040789188
MAC001174,4815.966999,0.2749153441602923,0.24078878833992384,2.6630001,0.01141552511415525,Industrial,0.8726908214283228
MAC001176,1425.854,0.08138436073059362,0.058939017088060264,0.85,0.0,Residential,0.7154151172065006
MAC001177,1980.8380003,0.11339160800847214,0.15067441412305196,2.0650001,0.2910958904109589,Residential,1.3171806633917815
MAC001178,2061.2360000000003,0.11765045662100458,0.10048935332094018,1.294,0.0,Residential,0.8469360859008329
MAC001180,1274.1169996,0.07273602783581665,0.13306920736848502,1.471,0.017123287671232876,Residential,1.8046701358090758
MAC001181,894.0690002,0.05103424854158342,0.09994509391533005,1.885,0.005707762557077625,Residential,1.920755977391668
MAC001183,5438.4210022,0.31041215765981733,0.41228139943452313,3.5120001,0.0,Industrial,1.3239091322982133
MAC001184,2638.5009997,0.15059937212899543,0.16127985332373343,1.7970001,0.0,Commercial,1.0638556813183957
MAC001185,2448.9030002,0.13979352666971115,0.176237080405059,1.7869999,0.01141552511415525,Commercial,1.2517413589510775
MAC001186,1584.8499999,0.09046980248316018,0.05158414685346689,1.125,0.01141552511415525,Residential,0.5639472859139896
MAC001187,3562.2540000999998,0.2033366059763685,0.1647809123210135,1.342,0.005707762557077625,Commercial,0.8064189553000131
MAC001188,2065.4489998999998,0.11790438405639912,0.13169070672213246,1.26,0.01141552511415525,Residential,1.1075344930904185
MAC001189,1486.8690000000001,0.08517810494958754,0.11701176349467354,2.1429999,0.365296803652968,Residential,1.3577899347302087
MAC001190,3491.0309998999996,0.19927113419144926,0.12529940941373094,1.214,0.005707762557077625,Commercial,0.6256488730620107
MAC001191,2591.6080002,0.14793127462754724,0.0992056294496021,1.317,0.005707762557077625,Commercial,0.6661168360889891
MAC001192,7750.2050047,0.44243905946794543,0.3573328074135395,5.3080001,0.017123287671232876,Industrial,0.8058216789524149
MAC001193,3258.7890002000004,0.18602517411805003,0.12524935413807978,1.529,0.01141552511415525,Commercial,0.6696924878092751
MAC001194,2268.1789999000002,0.1294696615046521,0.17672068127996016,1.52,0.005707762557077625,Residential,1.3544963575586413
MAC001195,5549.083000500001,0.3167646421109716,0.3251406062026998,3.448,0.01141552511415525,Industrial,1.023212035306157
MAC001197,2097.4320000000002,0.11973010617650418,0.10500572678255743,1.663,0.01141552511415525,Residential,0.8697559383327459
MAC001198,20087.3419979,1.146668683519808,0.9999729232527572,7.0370002,0.01141552511415525,Industrial,0.8713080156425635
MAC001199,1346.3280001,0.07685397877040759,0.10412856882300993,1.306,0.01141552511415525,Residential,1.337485514132636
MAC001200,1278.746,0.07304615560379299,0.058156902835362186,0.707,0.07990867579908677,Residential,0.7854142103818165
MAC001203,6047.3080011,0.3455209690949606,0.3700450062847288,3.076,0.10273972602739725,Industrial,1.0678863309519422
MAC001204,1566.5919992,0.08942245557394828,0.11046163623557,1.245,0.005707762557077625,Residential,1.2216173021892056
MAC001205,3331.6520001000004,0.19017364005365606,0.3311230154252009,3.3080001,0.005707762557077625,Commercial,1.7320537252534696
MAC001208,1600.6109996000002,0.0913747216760861,0.13758472560591403,2.2690001,0.017123287671232876,Residential,1.4894196497647676
MAC001210,2005.282,0.11445673515981734,0.11674524832132736,1.265,0.0,Residential,1.0111601385551603
MAC001211,2586.9109997,0.15945947110275535,0.20495946782492117,2.4389999,7.402968036529681,Commercial,1.2773285765953248
MAC001212,2463.475,0.14060930365296803,0.09176164865886567,1.126,0.0,Commercial,0.6479916664496811
MAC001213,2817.6789996999996,0.16085397041160013,0.22731315969673002,2.5639999,0.017123287671232876,Commercial,1.4044336330994227
MAC001214,3685.9770001999996,0.21038681507990864,0.25860466075126776,3.0220001,0.0,Commercial,1.2233717635298578
MAC001215,12423.2760002,0.709577107619374,0.5723213089050552,4.237,0.0684931506849315,Industrial,0.8054316734498903
MAC001216,2281.917,0.13030590452261306,0.07369765705841982,1.052,0.045662100456621,Residential,0.5612668929577943
MAC001217,3203.4709998999997,0.18297184143819967,0.21969496721384163,2.151,0.0684931506849315,Commercial,1.1941771387206677
MAC001218,421.64700000000005,0.024070731289604387,0.048839103323765905,1.247,0.017123287671232876,Residential,1.9480526020402567
MAC001220,4995.5440006,0.28516634322411233,0.3375582762645744,2.5899999,0.01141552511415525,Industrial,1.1795876218756245
MAC001221,5190.1110015,0.29623921241438356,0.3170908378417631,2.684,0.0,Industrial,1.0667866977110148
MAC001223,1762.5220000000004,0.10061779985157278,0.05782980920927803,1.15,0.017123287671232876,Residential,0.5690913333465857
MAC001225,3693.353,0.21081985273132028,0.10041595686973519,1.222,0.005707762557077625,Commercial,0.47406300955702346
MAC001226,3003.7989997,0.17146928871446512,0.2460944321430384,2.1919999,0.01141552511415525,Commercial,1.4268884273678706
MAC001227,4003.3049998,0.22849914382420092,0.2751117140397769,2.5450001,0.0,Commercial,1.198748324091857
MAC001230,2565.9240002,0.14646520921285464,0.1522143164462271,1.683,0.005707762557077625,Commercial,1.0322049333447694
MAC001233,2562.727,0.14627437214611871,0.15148874624404343,1.47,0.0,Commercial,1.0286158008111785
MAC001234,1535.305,0.0876365660140419,0.07796795860921794,1.086,0.005707762557077625,Residential,0.8796364989689037
MAC001235,6733.8619992,0.3843747930361322,0.26798684328286493,2.302,0.005707762557077625,Industrial,0.6953927660176229
MAC001236,1986.9010001000001,0.11340759132990869,0.17873884547604227,2.1099999,0.0,Residential,1.5622988247399276
MAC001237,1192.8709997,0.06809401756479051,0.07432182831439592,1.844,0.01141552511415525,Residential,1.075662277775398
MAC001238,2174.458,0.1241483300028547,0.13344406992343424,2.0350001,0.028538812785388126,Residential,1.066287260248621
MAC001239,4126.5459995,0.23620755578133945,0.20242163101221425,2.4849999,0.28538812785388123,Industrial,0.8533523746554209
MAC001240,6945.8800002,0.39649960042242266,0.34315211956718605,2.4430001,0.01141552511415525,Industrial,0.8632766402847158
MAC001241,1586.5809996,0.09055827623287671,0.13635168933348987,2.142,0.0,Residential,1.4892339059189141
MAC001242,1482.593,0.08463254937778286,0.07322451370191298,1.17,0.01141552511415525,Residential,0.8551014098490788
MAC001243,3567.2140003,0.20587603164425464,0.17211750711538806,2.1010001,1.1015981735159819,Commercial,0.8319838008656433
MAC001244,2141.5370000000003,0.12223384703196348,0.12294766609887782,1.279,0.0,Residential,0.9976777408157076
MAC001247,2470.6289999999995,0.14107400216981666,0.1262490487147126,1.722,0.039954337899543384,Commercial,0.8886147133647365
MAC001248,1033.696,0.059004281066270904,0.05378915119971877,0.742,0.005707762557077625,Residential,0.8964218926364951
MAC001249,1284.3400000000001,0.07331544696883206,0.0813831727408612,1.1440001,0.01141552511415525,Residential,1.095104397003672
MAC001250,5270.8839985,0.30084954329337904,0.2750944877877295,2.2349999,0.0,Industrial,0.9113629419023328
MAC001251,6240.1850022,0.3562766201655724,0.3294542844287696,3.5769999,0.028538812785388126,Industrial,0.9221266263549261
MAC001252,15370.589984999999,0.8773668579827615,0.6311110941305444,4.461,0.005707762557077625,Industrial,0.7185051307376745
MAC001253,3285.1610002,0.18750918950913242,0.2678313232457835,2.7049999,0.0,Commercial,1.4207865618816864
MAC001255,5208.059999,0.29731460860878006,0.2442735313055815,1.853,0.017123287671232876,Industrial,0.8188453540534789
MAC001256,1221.1580000000001,0.06970477766995833,0.04613118780999082,0.53,0.005707762557077625,Residential,0.6524479579771233
MAC001257,1377.321,0.07861869969747132,0.07246165270539306,1.602,0.005707762557077625,Residential,0.9101084667386805
MAC001259,1497.6200000000001,0.08550011418131995,0.08695794048965991,1.788,0.0228310502283105,Residential,1.0052927827052376
MAC001260,1948.9890004000001,0.11126271624136554,0.0896427228115503,1.451,0.017123287671232876,Residential,0.7985084078922328
MAC001261,991.6260000000001,0.05659965753424658,0.07720187988941467,1.48,0.0,Residential,1.340318383724996
MAC001262,1609.6140001,0.091888679574128,0.08496759692976574,1.319,0.017123287671232876,Residential,0.9147249946852675
MAC001263,1661.1009998000002,0.09482252539102638,0.19902257892566635,2.688,0.01141552511415525,Residential,2.0769915853658403
MAC001265,5707.1139982,0.32574851587899545,0.27266397197034803,1.854,0.0,Industrial,0.83447654302835
MAC001266,2704.0199995,0.15433904106735158,0.21860749948678138,1.541,0.0,Commercial,1.407292706229582
MAC001267,508.49300000000005,0.02903849009194221,0.026700594792791868,0.463,0.05136986301369863,Residential,0.8888793914429897
MAC001268,1067.314,0.06093713959463318,0.06709608011337546,1.049,0.028538812785388126,Residential,1.0832931671127626
MAC001269,2004.3470004,0.11441642883890855,0.14088562879390276,1.359,0.01141552511415525,Residential,1.2206722232806442
MAC001271,6009.8160006,0.34304560766025455,0.30301360292377266,2.711,0.005707762557077625,Industrial,0.8807367284368849
MAC001272,1181.2479998,0.06743437802135069,0.1412557636490378,2.085,0.017123287671232876,Residential,2.0641053186012406
MAC001273,2058.3789991000003,0.11754776992176348,0.15940335959140084,1.851,0.05136986301369863,Residential,1.344633979168063
MAC001275,1291.92,0.07374393515611623,0.09480897243571518,0.969,0.005707762557077625,Residential,1.2684503730996968
MAC001276,2858.5639988,0.16321594146397167,0.39578168122609086,3.816,0.03424657534246575,Commercial,2.4101294776726885
MAC001277,2225.0119997,0.1270129009989725,0.1306665284020409,1.518,0.01141552511415525,Residential,1.0207293747923867
MAC001280,1313.7109999999998,0.074987784690907,0.11622310733061714,1.4450001,0.005707762557077625,Residential,1.5294972448976376
MAC001282,1360.1419999,0.07765583784755924,0.11106305985808164,1.415,0.028538812785388126,Residential,1.4120129274235178
MAC001283,7545.2160009,0.43066301375,0.3144162078316016,3.767,0.0,Industrial,0.7283834792797362
MAC001286,4616.7030001,0.2635405297465464,0.5408063559072516,4.7750001,0.01141552511415525,Industrial,2.044323251432938
MAC001288,3045.7090000999997,0.1946513069661916,0.18911745482086995,2.6600001,10.690639269406391,Commercial,0.9666046077246461
MAC001289,3431.9769997000003,0.19591146247859345,0.18186478644646947,1.753,0.01141552511415525,Commercial,0.9235865914420308
MAC001291,1329.022,0.07586175009989155,0.10693931546156625,1.212,0.005707762557077625,Residential,1.3913203293261618
MAC001292,3034.4560001,0.1732094297676808,0.19658179100264156,2.049,0.005707762557077625,Commercial,1.128422217240454
MAC001293,885.1750000000001,0.05052657115132143,0.06836307950499872,0.94,0.005707762557077625,Residential,1.3267539053633595
MAC001294,1502.24,0.08574429223744293,0.11656826850724254,1.2460001,0.0,Residential,1.3438148551395543
MAC001295,4059.5110005999995,0.23234380726877288,0.2752123784578535,3.105,0.273972602739726,Industrial,1.1794286794200417
MAC001296,654.2150000000001,0.03734956611098425,0.06830865141978842,0.834,0.0228310502283105,Residential,1.7812105415248274
MAC001298,3170.2229999,0.1810211271569691,0.17307024441190602,1.825,0.039954337899543384,Commercial,0.9508250339679298
MAC001301,3071.3839995999997,0.17535735081929774,0.19646961867276833,2.7520001,0.028538812785388126,Commercial,1.1140426966045682
MAC001302,2224.9049999,0.12699229451484018,0.11787140693021571,1.702,0.0,Residential,0.9209258055495599
MAC001304,5112.9710005,0.29186956276401416,0.2685726875770892,2.9719999,0.01141552511415525,Industrial,0.917038578684591
MAC001306,4456.1230003,0.2543739582315333,0.2771132887745597,3.207,0.01141552511415525,Industrial,1.0851274370087358
MAC001307,1785.038,0.10189736271263843,0.10480400197322333,0.99,0.01141552511415525,Residential,1.0185295250560462
MAC001308,3413.1229999999996,0.1948351980819728,0.14563138342141838,2.0250001,0.01141552511415525,Commercial,0.7436425364170741
MAC001309,18.41,0.0010507990867579908,0.008554965900984248,0.414,0.0,Residential,4.17152804300707
MAC001310,8237.1999992,0.47123569789473685,0.23162315179960632,3.425,0.228310502283105,Industrial,0.4904820894146719
MAC001312,1422.788,0.08120936073059361,0.0865849864343672,1.062,0.0,Residential,1.0532253950752988
MAC001313,3295.3300007000003,0.18814330577790467,0.2311685953794336,2.9159999,0.028538812785388126,Commercial,1.2221875600021275
MAC001314,2428.7089999,0.13879923419247914,0.16531682111210833,1.325,0.12557077625570776,Commercial,1.1825302339245716
MAC001315,22142.481995899998,1.2639124376905073,0.8081961182548468,4.6149998,0.005707762557077625,Industrial,0.6389344386007155
MAC001316,1946.3250001000001,0.11110429273318873,0.14759551356320502,1.839,0.01141552511415525,Residential,1.316591095351597
MAC001317,1525.7090001,0.08708881786060847,0.07630570616974316,1.118,0.005707762557077625,Residential,0.8662360106874079
MAC001320,3720.8169998000003,0.21238752210742623,0.2044796076969094,4.6240001,0.005707762557077625,Commercial,0.9582547549053393
MAC001321,2059.1379997,0.11757097177686422,0.14600516743952596,1.406,0.03424657534246575,Residential,1.231373625867632
MAC001323,7644.133998300001,0.4363339230720932,0.47787360110534705,4.0110002,0.005707762557077625,Industrial,1.0926973095260462
MAC001324,4990.0870007,0.28485483506678844,0.29004807824226336,3.5150001,0.01141552511415525,Industrial,1.014669135033155
MAC001325,2076.0210001,0.11849434932077625,0.08426298522648547,1.1670001,0.0,Residential,0.7051629278325617
MAC001326,3915.7549995000004,0.2235147553798733,0.19595159258626757,1.979,0.005707762557077625,Commercial,0.8727782379145745
MAC001327,1582.304,0.09031931046292598,0.09567698521464876,1.222,0.005707762557077625,Residential,1.0477190939094083
MAC001328,552.3439999999999,0.031526484018264835,0.012156963126698297,0.068,0.0,Residential,0.3737558329351463
MAC001329,923.3030000000001,0.05329002654969411,0.06580597990195423,0.798,1.1073059360730595,Residential,1.2121191328156573
MAC001330,3679.8549994000005,0.21004937493007594,0.2721286444359838,3.348,0.005707762557077625,Commercial,1.289407488300519
MAC001331,2544.375,0.1452683414216386,0.10593611453546184,0.986,0.028538812785388126,Commercial,0.7242586707815769
MAC001332,1155.057,0.06593167418231634,0.07266601206947267,0.901,0.005707762557077625,Residential,1.0856745025014085
MAC001334,1246.662,0.07116056852560078,0.12779049235299847,1.882,0.005707762557077625,Residential,1.7709185911923846
MAC001337,1619.3320001,0.09268154762477106,0.10778741246474968,1.441,0.273972602739726,Residential,1.1505725001093896
MAC001339,821.6940000000001,0.04690569699737413,0.057789196795598796,0.643,0.01141552511415525,Residential,1.2063115749837938
MAC001340,1458.5839991999999,0.083252511369863,0.11305395184146166,1.22,0.0,Residential,1.3418466702453797
MAC001341,4683.972001300001,0.26736526064843885,0.27894858373917636,3.701,0.005707762557077625,Industrial,1.0394362633418555
MAC001342,393.13700000000006,0.02505174281526796,0.025379487845816746,0.326,10.428082191780822,Residential,0.9741953935973439
MAC001344,657.4839999999999,0.03753191003539216,0.03934178837171202,0.499,0.01141552511415525,Residential,1.0210183802353936
MAC001345,1162.2600000000002,0.06639588688946017,0.09279689756115458,1.135,0.08561643835616438,Residential,1.3768925945489232
MAC001346,1085.34,0.061948630136986295,0.0827614534459735,2.1359999,0.0,Residential,1.3147459009969136
MAC001348,9032.262000100001,0.5156872395147017,0.9357085017131213,4.8530002,0.028538812785388126,Industrial,1.810976602774214
MAC001349,451.6430000000001,0.025796378798263655,0.006544429620470377,0.554,0.0684931506849315,Residential,0.24422813506780408
MAC001350,5334.0260013,0.33781038640278654,0.38393996512866985,2.8570001,9.874429223744292,Industrial,1.1332001040612494
MAC001353,2170.4030000000002,0.12389559310423566,0.15253307543676395,2.6129999,0.01141552511415525,Residential,1.2212846878389259
MAC001354,6885.2950021,0.39304115778627696,0.4451114025270068,3.7160001,0.01141552511415525,Industrial,1.1296063716481863
MAC001355,4439.6619997,0.2534632335978534,0.23704821520419367,2.8940001,0.0228310502283105,Industrial,0.9315617500122555
MAC001356,1636.5969997999998,0.09341840286546035,0.11169716048668245,1.692,0.005707762557077625,Residential,1.183002011227018
MAC001357,3943.3059981,0.22511309003253982,0.270013003466719,2.9690001,0.017123287671232876,Commercial,1.1941502521055354
MAC001358,4542.1190000999995,0.2592681659969176,0.24029086014911538,2.6900001,0.005707762557077625,Industrial,0.9232433756495644
MAC001359,3171.2019996,0.18102534533622558,0.19853096459515346,2.112,0.01141552511415525,Commercial,1.0906775879394144
MAC001361,3233.5100004,0.18462430058239124,0.1351757422346018,1.585,0.03424657534246575,Commercial,0.7282222306588715
MAC001362,969.5590000000001,0.05537805574594472,0.08879322142590468,1.181,0.0684931506849315,Residential,1.5749606872935058
MAC001363,1965.3049999,0.11218774973741294,0.104550854412805,1.3049999,0.01141552511415525,Residential,0.9236940804579569
MAC001365,2271.09,0.1296432241123416,0.09454993462817271,0.919,0.01141552511415525,Residential,0.7237262802613332
MAC001367,3384.1079997,0.19315684929794522,0.20111536450505466,1.7970001,0.0,Commercial,1.0358396586691165
MAC001368,1551.5649999,0.0885748130330536,0.08670541381978776,1.0779999,0.017123287671232876,Residential,0.9679664504328128
MAC001370,1193.987,0.06816161443169493,0.041477227970815454,0.879,0.017123287671232876,Residential,0.599714571610803
MAC001371,5803.0889998,0.33124544778811577,0.21452517554533043,2.3139999,0.005707762557077625,Industrial,0.6456828136352388
MAC001373,1520.9240001,0.08682559799623224,0.05978375453582388,1.1720001,0.017123287671232876,Residential,0.6807099057656132
MAC001374,2384.8979992000004,0.13617872433049738,0.2155442429080638,2.2850001,0.039954337899543384,Commercial,1.5712658355734854
MAC001375,1145.3969996,0.06538027282379132,0.13262476603384718,1.582,0.005707762557077625,Residential,1.9979545185947656
MAC001376,5421.610998600001,0.30947034640105037,0.29685618906609357,2.76,0.005707762557077625,Industrial,0.9561498948522101
MAC001377,3963.4149997000004,0.22626106066678087,0.23036129452098558,2.1960001,0.017123287671232876,Commercial,1.01364172923029
MAC001378,879.9019999999999,0.05022558365203493,0.06886317532570353,1.028,0.005707762557077625,Residential,1.3443121662307882
MAC001379,1129.6360000000002,0.06449902934795022,0.05798185521181168,1.243,0.03424657534246575,Residential,0.8852322818983303
MAC001380,7844.3990025,0.4477652264684057,0.29880628401549153,3.174,0.005707762557077625,Industrial,0.6658409929997735
MAC001381,5771.742001199999,0.35266662600513254,0.3060493314622063,3.187,6.5867579908675795,Industrial,0.8653610744084312
MAC001382,3637.4000005000003,0.20761415527968038,0.1708456547274747,1.832,0.0,Commercial,0.8189552357960992
MAC001384,2504.7809996,0.14313034283428572,0.16866499590020995,2.1440001,0.1141552511415525,Commercial,1.1702254541511292
MAC001385,1008.5540000000001,0.05757572643717532,0.06858344980095228,1.158,0.017123287671232876,Residential,1.1708510328849377
MAC001387,1589.7660001000002,0.09076597202968885,0.09225507309374752,1.351,0.028538812785388126,Residential,1.0053298739526284
MAC001388,1452.5639999999999,0.08291363662309492,0.12389130060828193,1.2970001,0.005707762557077625,Residential,1.4764143897701636
MAC001389,628.3109999000001,0.035866594354378355,0.04025306782715672,1.3049999,0.01141552511415525,Residential,1.0918575076457038
MAC001390,4763.5069984,0.27195175830098195,0.4061623645638051,4.4980001,0.0228310502283105,Industrial,1.4880371795074967
MAC001391,1198.027,0.06838834341819842,0.07139395110967586,1.563,0.01141552511415525,Residential,1.0289041010734294
MAC001392,681.7620000000001,0.0389200205514643,0.0691059380776849,0.913,0.017123287671232876,Residential,1.7311097820852712
MAC001393,4840.674,0.27711667048316924,0.2739942571535163,2.8640001,0.2968036529680365,Industrial,0.9851773957940344
MAC001395,8979.8329983,0.5126060622388401,0.3571758393251684,3.164,0.01141552511415525,Industrial,0.6954276158038656
MAC001396,659.0350000000001,0.03761615296803653,0.06821604105103317,1.122,0.0,Residential,1.7665157144860373
MAC001397,3646.2649997000003,0.20816767525119892,0.19999744078916917,2.5220001,0.0228310502283105,Commercial,0.9561584530161422
MAC001398,3641.5350008,0.22122197927221918,0.23923639428222293,3.539,6.044520547945206,Commercial,1.076564951251565
MAC001399,2879.3309999000003,0.164354757685941,0.14103055528096614,2.737,0.005707762557077625,Commercial,0.8528968700666363
MAC001400,3860.8189997000004,0.22037895996917634,0.2166239324543925,1.773,0.005707762557077625,Commercial,0.9785208697545336
MAC001401,3084.5879994999996,0.17609111146315007,0.23907126805533918,2.066,0.017123287671232876,Commercial,1.3499902173525307
MAC001406,2922.6010003,0.16681512558789954,0.1066059855907117,1.1670001,0.0,Commercial,0.6352585037686175
MAC001408,4194.694998,0.23942323047945205,0.2607401020214986,3.03,0.0,Industrial,1.0845046108960879
MAC001409,2578.1030001000004,0.14839711046451393,0.14906203120350725,1.77,0.839041095890411,Commercial,0.9977571235483416
MAC001411,4115.3719996,0.2349090701295736,0.2159587185272144,3.253,0.005707762557077625,Industrial,0.915432028147958
MAC001412,3083.7459998000004,0.1760128995319635,0.17247268983453073,1.8049999,0.0,Commercial,0.9743509670230958
MAC001415,3236.2879999,0.1847196346974886,0.17917987088068787,1.6569999,0.0,Commercial,0.964786901355621
MAC001416,4065.2700004999997,0.2320756979220186,0.3042536371491989,5.052,0.017123287671232876,Industrial,1.305385502915
MAC001422,3736.8199997,0.2133375199646038,0.20118927669774225,3.5539999,0.0228310502283105,Commercial,0.9386563618491393
MAC001423,3206.544,0.18304281310651901,0.10802296780735583,1.454,0.01141552511415525,Commercial,0.5869447765115123
MAC001424,973.1129997,0.05554297943493151,0.12334620490574327,2.033,0.0,Residential,2.1814592392975602
MAC001425,6265.7449985,0.3577767942956661,0.335712836492698,3.2449999,0.039954337899543384,Industrial,0.9357150234639724
MAC001426,1373.9209999,0.07842462468748217,0.07384768852325448,1.661,0.005707762557077625,Residential,0.9297832858994088
MAC001428,1414.2670000000003,0.08073221828975913,0.09776426964748677,1.336,0.01141552511415525,Residential,1.1961533859376043
MAC001430,2803.2790007000003,0.1802751768938907,0.24044073690506404,3.2650001,11.244292237442922,Commercial,1.3263853387152167
MAC001432,3298.2829993,0.18877535481341576,0.22590633634053484,2.4360001,0.273972602739726,Commercial,1.1903881647995995
MAC001433,2846.2679996,0.16249531854304636,0.21231756056525863,5.6160002,0.0228310502283105,Commercial,1.2986155350335489
MAC001434,3410.4560001,0.19469406862476452,0.25796361648086036,2.48,0.017123287671232876,Commercial,1.3181984425674913
MAC001436,1426.8479998999999,0.08144109588470319,0.10898694393184674,1.382,0.0,Residential,1.3219977580631492
MAC001438,2883.6339983999997,0.1646379673651156,0.22825770200730364,2.003,0.028538812785388126,Commercial,1.3780518176980245
MAC001439,2937.4600002,0.16767281238655177,0.21900428054211066,4.0739999,0.005707762557077625,Commercial,1.298397041250566
MAC001441,1842.4810003,0.10527259743457891,0.12705243749995035,1.734,0.10273972602739725,Residential,1.1955333789424263
MAC001442,3863.4180003,0.22053990183240096,0.2994314976888005,2.2219999,0.01141552511415525,Commercial,1.351591723261329
MAC001443,6632.9070014,0.37882843117253984,0.3357652302551786,3.108,0.06278538812785388,Industrial,0.8839918307817637
MAC001444,2305.2510005000004,0.1315932755166115,0.18018104040604543,3.2460001,0.01141552511415525,Commercial,1.3589002889024493
MAC001445,6544.5470004,0.37354720321917806,0.3604761162840627,2.7909999,0.0,Industrial,0.9624317394064714
MAC001446,2922.4450002999997,0.16686336646682653,0.12143566588752261,1.78,0.03424657534246575,Commercial,0.723419698076417
MAC001448,2910.8600003,0.16615446088817856,0.1380733515092912,1.6619999,0.005707762557077625,Commercial,0.8260225349394548
MAC001450,3544.991001,0.2023396690068493,0.33877376645667806,3.5309999,0.0,Commercial,1.666048578279464
MAC001451,4488.334000700001,0.2562273220699892,0.3181088353708163,3.4690001,0.017123287671232876,Industrial,1.2366836960043528
MAC001452,4209.3950013,0.24027598614646956,0.2680379617762114,2.415,0.005707762557077625,Industrial,1.1109185213877675
MAC001453,2131.9600003,0.1217080550493806,0.14760718983571966,1.882,0.017123287671232876,Residential,1.2029136129353453
MAC001455,1084.7040003000002,0.06191232878424659,0.0704672621088243,1.909,0.0,Residential,1.1200866900109012
MAC001457,1757.1789999999999,0.10030705559995433,0.0680010172176453,0.807,0.01141552511415525,Residential,0.6712367348447146
MAC001458,1232.2600000000002,0.07033848963981963,0.07404628105839853,1.141,0.005707762557077625,Residential,1.0379569490782639
MAC001459,2262.8580002999997,0.12915856166095888,0.15406426932436781,1.762,0.0,Residential,1.1836660405458328
MAC001460,672.268,0.03839995430399269,0.03760850141253646,0.513,0.07420091324200913,Residential,0.9545315997669903
MAC001461,5376.7290007,0.306925961907752,0.20838138656825472,2.494,0.01141552511415525,Industrial,0.6767256170192019
MAC001462,349.29200000000003,0.019941310801552866,0.02438911611205958,0.479,0.0228310502283105,Residential,1.1646413323014644
MAC001463,6444.0610001000005,0.3681058494287673,0.2868480383845841,3.0039999,0.07990867579908677,Industrial,0.7771430304572893
MAC001464,3704.5589999000003,0.21148364445395904,0.2508493178480752,2.2,0.017123287671232876,Commercial,1.180558242460065
MAC001465,4937.0069984,0.3176149638703037,0.2738465603670598,3.2309999,11.278538812785389,Industrial,0.8594905808583823
MAC001467,4521.3240006,0.2582285681992118,0.20881969608966242,2.3740001,0.06278538812785388,Industrial,0.8055427591961577
MAC001468,4243.446,0.2422058219178082,0.12638457313277077,1.989,0.0,Industrial,0.5196609691995064
MAC001469,9891.7130009,0.5650147370137659,0.6840194876261969,5.9169998,0.07420091324200913,Industrial,1.2084835303670918
MAC001472,2147.6259996000003,0.12259538757849071,0.1132730077792697,1.989,0.01141552511415525,Residential,0.9164824836795332
MAC001473,3008.1640001,0.17169885845319635,0.1195254275692849,1.262,0.0,Commercial,0.6921031710332808
MAC001474,1966.0039998000002,0.11222124549346425,0.08307835604073566,1.4680001,0.005707762557077625,Residential,0.7337700241562118
MAC001478,1166.916,0.08158540166398658,0.09307865316795212,1.704,18.36187214611872,Residential,1.1270593990286468
MAC001479,12632.578004899999,0.7212433916585783,0.5492332476649476,4.73,0.028538812785388126,Industrial,0.7604545143759284
MAC001481,2301.924,0.1314033565475511,0.16908487658338664,1.021,0.01141552511415525,Residential,1.277043732064767
MAC001483,1063.68,0.060771296349197285,0.07682766113479994,0.996,0.09703196347031963,Residential,1.2437437074412039
MAC001484,3943.4819996000006,0.22508458901826486,0.18902391613307606,2.2650001,0.0,Commercial,0.8360760764538676
MAC001485,1928.3060003,0.11006312787100457,0.16342030072910935,1.2460001,0.0,Residential,1.471418137249975
MAC001486,6454.976999400001,0.36851889697419504,0.3109190542392636,3.257,0.0228310502283105,Industrial,0.841415843100918
MAC001488,3065.456,0.1749689497716895,0.13386077749691577,0.985,0.0,Commercial,0.7607068046413479
MAC001489,2221.723,0.12709358732337966,0.08721478618731475,0.836,0.2226027397260274,Residential,0.6808677000132409
MAC001490,2224.8959999,0.12701352970828336,0.11698367083906339,1.1900001,0.017123287671232876,Residential,0.9138383349451049
MAC001491,3771.8960008,0.2153277388137238,0.23400405235713367,2.1949999,0.017123287671232876,Commercial,1.0817108043579684
MAC001492,2038.9670001,0.11641261776191836,0.098133369599421,1.638,0.028538812785388126,Residential,0.835799179594219
MAC001493,3531.1969990000002,0.20159836715003426,0.22285313344955243,2.701,0.0228310502283105,Commercial,1.099974973068359
MAC001494,1852.72,0.10574885844748859,0.07267713086384557,0.821,0.0,Residential,0.6808234947036607
MAC001496,2729.9809999,0.15582972771847708,0.13420627602959098,1.824,0.005707762557077625,Commercial,0.8557451318827949
MAC001497,1670.5820002,0.0953691842324599,0.10571274964681898,2.3710001,0.017123287671232876,Residential,1.096955945915457
MAC001498,2939.3680001000002,0.16780087915168124,0.24576133998927296,2.3080001,0.017123287671232876,Commercial,1.4559245261302018
MAC001499,3564.6929993999997,0.20352229514130743,0.3069915338488659,3.2869999,0.028538812785388126,Commercial,1.501017449646558
MAC001500,2121.161,0.12108465578262359,0.13346999911145507,1.766,0.01141552511415525,Residential,1.0932577747452843
MAC001501,2195.846,0.1256779990842491,0.10373101037249384,1.175,0.273972602739726,Residential,0.8188557691340387
MAC001502,6312.5730012,0.36030667815068496,0.35019019663590367,3.3759999,0.0,Industrial,0.9692325600742284
MAC001503,1923.5100000000002,0.10981445535510392,0.05031473478691322,0.663,0.0228310502283105,Residential,0.4540448682952067
MAC001504,1162.444,0.06636469513587577,0.05545631757394323,0.399,0.0228310502283105,Residential,0.8232252437584237
MAC001506,4141.3960001,0.23638105023401823,0.26502004206793267,2.312,0.0,Industrial,1.116433016901168
MAC001507,5894.4329996,0.3366131574210496,0.18256601177300433,2.0009999,0.05136986301369863,Industrial,0.54075502615948
MAC001510,8243.0410004,0.47049320778538817,0.506664320993557,3.994,0.0,Industrial,1.0745951641029319
MAC001511,3761.0460001,0.21470834047496717,0.13889635640679288,1.642,0.017123287671232876,Commercial,0.6439081405056367
MAC001513,3825.896,0.21841045841182852,0.10833025634419559,1.107,0.017123287671232876,Commercial,0.4937333303450017
MAC001514,14366.318995399997,0.820042182510417,0.5767135169014719,4.8530002,0.005707762557077625,Industrial,0.7024164277870762
MAC001515,3306.6730000000002,0.18885561711119997,0.09073792027253962,1.2640001,0.06278538812785388,Commercial,0.4779311860938709
MAC001516,3692.1510011,0.21077530405320546,0.29792850826665884,2.355,0.017123287671232876,Commercial,1.4068142156547614
MAC001517,2226.688,0.1271158303362448,0.12357732900734528,1.225,0.017123287671232876,Residential,0.9645750153046032
MAC001518,4044.3969977999996,0.23085775431246072,0.3706469382388107,3.3169999,0.005707762557077625,Commercial,1.5985962571659869
MAC001519,3150.702,0.1798345890410959,0.07594589460436439,1.466,0.0,Commercial,0.41997438104667667
MAC001520,1367.6340002000002,0.0780657571893373,0.11598747691817786,1.775,0.005707762557077625,Residential,1.4669748452598108
MAC001521,4692.655,0.26784560502283106,0.15256789911197427,2.0090001,0.0,Industrial,0.5674926287116273
MAC001522,6390.694998999999,0.3647865174382099,0.45697866849399726,3.22,0.005707762557077625,Industrial,1.249304298295226
MAC001523,5327.7899994,0.3041844133257208,0.1888091176588542,1.613,0.028538812785388126,Industrial,0.6186722172384989
MAC001524,6792.424999,0.38771762081169014,0.38252716003827986,2.882,0.005707762557077625,Industrial,0.9840746587188822
MAC001525,2159.449,0.12325622146118721,0.06764766826873363,1.668,0.0,Residential,0.5444207740524616
MAC001526,618.4329994999999,0.035298687186073055,0.10953280230080867,3.2739999,0.0,Residential,3.017541701696413
MAC001527,1654.1139997,0.09442906888736656,0.10841316891760623,1.35,0.017123287671232876,Residential,1.1360602191934264
MAC001528,5762.6709995,0.32891957759703194,0.2174680298944077,2.8280001,0.0,Industrial,0.6591546687781771
MAC001530,3265.2470001,0.18641510619433663,0.14931424154337797,1.681,0.0228310502283105,Commercial,0.7967033425179149
MAC001531,3711.0060004,0.21187587784184986,0.14776364864480485,2.5009999,0.028538812785388126,Commercial,0.6941305428442281
MAC001532,3185.1610012,0.18181180439522804,0.22830680755568908,4.3060002,0.005707762557077625,Commercial,1.2488625026757223
MAC001533,2777.6449998,0.1585685334132557,0.201167358252633,2.296,0.017123287671232876,Commercial,1.2606956644242842
MAC001534,4862.8270003,0.2776061540389336,0.19547456824418002,1.949,0.017123287671232876,Industrial,0.7016161179873421
MAC001535,1836.4949999,0.1048347414031282,0.16969277958707718,2.7839999,0.01141552511415525,Residential,1.6033750102975306
MAC001539,3471.3739998000005,0.19814909525657862,0.31710756422650027,3.586,0.005707762557077625,Commercial,1.5923123517982694
MAC001540,2168.7139998999996,0.12384866654674202,0.08968569929390967,1.1619999,0.05136986301369863,Residential,0.7183552838374312
MAC001541,5942.1430011,0.33916341330479455,0.3695422999295078,3.8150001,0.0,Industrial,1.0863669797386148
MAC001543,1961.4690002,0.11196877498572896,0.11640118686845852,1.395,0.01141552511415525,Residential,1.0303837222556689
MAC001544,6404.332997700001,0.3661501913955749,0.3962954865469754,2.9260001,0.16552511415525115,Industrial,1.0793824866075006
MAC001545,1694.9279999999999,0.0968198332000457,0.042437021068285515,0.635,0.07990867579908677,Residential,0.4338283932819637
MAC001546,3585.3630000999997,0.20464400685502282,0.17616116940653498,1.938,0.0,Commercial,0.856631671890769
MAC001548,7044.6549984,0.40211513205091615,0.2903738330193205,2.7679999,0.005707762557077625,Industrial,0.7203248152506574
MAC001549,3276.6989992000003,0.18704755104463983,0.16417396822897776,1.618,0.01141552511415525,Commercial,0.873044968237875
MAC001550,5254.1079996,0.299892009109589,0.4227291205867865,2.9749999,0.0,Industrial,1.4049197312941026
MAC001551,2236.5789994,0.12766590555396998,0.19685725673337026,2.645,0.005707762557077625,Residential,1.5299877297393043
MAC001552,2782.436,0.15883297180043385,0.12620319355081236,1.499,0.01141552511415525,Commercial,0.7895942378421684
MAC001553,2462.4120003,0.1407253400560064,0.14684203613841434,2.0739999,0.12557077625570776,Commercial,1.036102902137232
MAC001555,2761.0010009,0.1576003767852046,0.23743386066439776,2.5639999,0.005707762557077625,Commercial,1.4970573555821924
MAC001557,2870.721001,0.1638820003996118,0.25306962076432366,3.266,0.017123287671232876,Commercial,1.5348529260378836
MAC001558,1392.3490000000002,0.07947197488584476,0.09421283113892848,0.933,0.0,Residential,1.170753312225481
MAC001560,3855.644,0.2201338281473023,0.10519293690335395,0.908,0.028538812785388126,Commercial,0.4756980774252346
MAC001561,5850.2200008,0.3339357269707175,0.3562987720766048,2.802,0.005707762557077625,Industrial,1.063782521199224
MAC001562,7828.6680037,0.446841781033105,0.5354651724249916,4.5999999,0.0,Industrial,1.1956570268851474
MAC001563,5312.5310005,0.3032439637250985,0.2844546036812906,4.099,0.005707762557077625,Industrial,0.9349556198206493
MAC001565,2494.906,0.14241956844388629,0.07775188931649027,0.987,0.01141552511415525,Commercial,0.5421288751605129
MAC001567,4101.5489999,0.23412004109252813,0.27113598936828914,2.4100001,0.005707762557077625,Industrial,1.1531811074394438
MAC001568,1923.4759999000003,0.10979997716063479,0.11391829089842831,1.284,0.01141552511415525,Residential,1.028143631593648
MAC001569,4499.5690008,0.2568393744391803,0.19616213652484696,3.3610001,0.005707762557077625,Industrial,0.7607920122809563
MAC001570,5508.351998600001,0.31443954781367744,0.3119153454129756,3.2420001,0.01141552511415525,Industrial,0.9888276456610207
MAC001571,12509.537003599999,0.714014669155251,0.7403817141243544,4.5180001,0.0,Industrial,1.035477656701887
MAC001572,2928.8250001,0.16717991895085338,0.11581281156335214,1.332,0.005707762557077625,Commercial,0.6886244938505156
MAC001573,1930.0800000000002,0.11046703296703297,0.0753591697484133,0.9,0.273972602739726,Residential,0.6760668849120727
MAC001574,1702.943,0.09719994292237442,0.06804531157390593,1.801,0.0,Residential,0.6929261825304188
MAC001575,7111.1399992,0.40591015464352986,0.3290912652986637,3.1930001,0.005707762557077625,Industrial,0.8087565806436099
MAC001578,4336.081,0.2474932077625571,0.12500468469827075,1.211,0.0,Industrial,0.5030507104150572
MAC001579,9123.391996600001,0.5207712767052914,0.3566757317071273,4.0019999,0.005707762557077625,Industrial,0.6835863674967797
MAC001580,4371.3999988,0.2500371789052222,0.2751033223939827,3.0739999,0.21118721461187215,Industrial,1.095866849658339
MAC001581,3221.1419996,0.1838551369634703,0.1688032195691189,2.0409999,0.0,Commercial,0.9131648832808824
MAC001583,4073.030001,0.23247888133561645,0.21524689461521498,2.2,0.0,Industrial,0.9219116238003825
MAC001584,2462.1249997,0.14058039281146512,0.19381542843984742,2.609,0.03424657534246575,Commercial,1.3689425816040846
MAC001585,2534.8169996,0.14474743031064413,0.14422718039782062,2.0309999,0.045662100456621,Commercial,0.9895692849638359
MAC001587,4390.9559996,0.2506539559082087,0.22830623422195023,2.4560001,0.01141552511415525,Industrial,0.9072229101187879
MAC001588,4901.5149999000005,0.279782807232148,0.18077898948242327,1.87,0.005707762557077625,Industrial,0.6438392409580737
MAC001589,1762.2260007999996,0.10058941724984301,0.18466574777633607,2.2880001,0.005707762557077625,Residential,1.8177655977903686
MAC001591,1219.2620000000002,0.0695925799086758,0.05516839279136298,0.589,0.0,Residential,0.7815041306428128
MAC001592,3716.8559993000003,0.21214931502853884,0.20935789778611225,2.8,0.0,Commercial,0.9822123883348208
MAC001593,3277.2549999000003,0.18706861121639365,0.07207161819770863,1.3049999,0.005707762557077625,Commercial,0.3832198139368525
MAC001594,5865.85,0.3348470144993721,0.12336778986842477,1.279,0.01141552511415525,Industrial,0.36733329326247566
MAC001595,1177.5170001000001,0.067217547670967,0.09616881366476131,1.142,0.01141552511415525,Residential,1.4097371856375043
MAC001598,5938.3140005000005,0.3389835597956388,0.2856080189958532,3.8,0.01141552511415525,Industrial,0.8400642053619584
MAC001600,1345.0999999,0.07721584385189438,0.06727949941008343,1.454,0.5707762557077625,Residential,0.8601773770731226
MAC001601,8762.3879987,0.5001934009989725,0.48200803487745286,3.944,0.01141552511415525,Industrial,0.9617206330265331
MAC001603,10151.529999999999,0.5795575473852477,0.43941293391484415,3.4300001,0.0228310502283105,Industrial,0.7568809257478442
MAC001604,5649.0490005,0.32247111545267726,0.2981633752376207,4.1139998,0.01141552511415525,Industrial,0.9217619780992192
MAC001605,2353.0989995,0.13430930362442922,0.19616170952963305,1.8150001,0.0,Commercial,1.449728172972559
MAC001606,1374.6240000000003,0.07851405071967102,0.10532291871683161,1.217,0.0684931506849315,Residential,1.3245824827633352
MAC001607,2257.1480002,0.12884735701564104,0.12856445504929856,1.719,0.01141552511415525,Residential,0.9901199223778737
MAC001608,6626.0960019,0.37854753210123404,0.37983804091120815,2.4100001,0.091324200913242,Industrial,1.0007654082437734
MAC001609,2360.2050002000005,0.13471489727168953,0.1239517962678721,1.54,0.0,Commercial,0.9133249094956118
MAC001611,4968.734001,0.28365210943654734,0.32626050327763384,4.7620001,0.017123287671232876,Industrial,1.146172792899543
MAC001613,7862.463998700001,0.45002942010760694,0.3413733080799671,3.0009999,0.2796803652968036,Industrial,0.756875921749233
MAC001615,1083.7350006,0.06186055143558422,0.19901411182637624,3.036,0.005707762557077625,Residential,3.1659619154043557
MAC001616,2275.1659998,0.12989814443619754,0.15882155734537431,1.372,0.028538812785388126,Residential,1.213321686334425
MAC001617,2489.3149998,0.14217345364098463,0.16483941890869502,1.962,0.06278538812785388,Commercial,1.1513266930197759
MAC001618,4920.766000800001,0.2808656393150686,0.20123546247357227,2.1289999,0.0,Industrial,0.7139410925097963
MAC001619,3776.2230017,0.21556245014841877,0.2455253729337546,2.596,0.01141552511415525,Commercial,1.1337393567790095
MAC001620,5032.8409995,0.28726261412671233,0.16987455135823956,3.151,0.0,Industrial,0.589304831890435
MAC001621,3133.2540006,0.17884890693532735,0.2878255121140403,2.9660001,0.005707762557077625,Commercial,1.600373986245803
MAC001622,729.1240000000001,0.04162141797008792,0.061973092756748435,0.711,0.01141552511415525,Residential,1.454036390817445
MAC001623,3305.3209991,0.18868141335198083,0.18863083407466788,2.3940001,0.01141552511415525,Commercial,0.9944613483274535
MAC001624,2120.3980002,0.12104110059367507,0.09558706537919395,1.108,0.01141552511415525,Residential,0.7832366712050766
MAC001625,5388.3629989,0.3075549656906393,0.2692580515521663,2.8469999,0.0,Industrial,0.8726420945761978
MAC001627,4531.4670003,0.25868967290631956,0.12535337709080951,1.341,0.017123287671232876,Industrial,0.48270451299782524
MAC001628,2588.7800001,0.1477698498829842,0.1599006917209635,1.937,0.005707762557077625,Commercial,1.074819204608557
MAC001630,3096.6309997999997,0.17676852379267038,0.20991472811588166,1.923,0.01141552511415525,Commercial,1.1808318122768633
MAC001631,3438.5499996000003,0.19632029686554384,0.1662932913219085,1.585,0.028538812785388126,Commercial,0.8427581650924767
MAC001632,1125.584,0.06426400228375678,0.09685117807178555,1.738,0.028538812785388126,Residential,1.4839907863862394
MAC001634,3981.0509998999996,0.2362922008487654,0.3778614583003777,3.0090001,3.8356164383561646,Commercial,1.5923888646521593
MAC001635,1423.3409998,0.08124556194988299,0.09315072401596357,1.926,0.005707762557077625,Residential,1.1325927114793832
MAC001637,2012.973,0.11490883662518551,0.09125673640860131,0.896,0.01141552511415525,Residential,0.7873147472241334
MAC001638,2314.9829998,0.1321337328652968,0.15042351902674939,1.506,0.0,Commercial,1.1298678087765044
MAC001639,3139.9989992,0.1792543814123423,0.16145421304623886,2.5239999,0.017123287671232876,Commercial,0.8957020172336507
MAC001640,2116.176,0.12080698749785922,0.06534498120836327,0.614,0.017123287671232876,Residential,0.536463322430593
MAC001641,11350.3529973,0.6480731413326482,0.30503101094477614,3.9630001,0.03424657534246575,Industrial,0.4699485951899042
MAC001643,5184.409000600001,0.29596443458354743,0.30293470858826427,5.3509998,0.017123287671232876,Industrial,1.0201043401479688
MAC001646,4334.8989992,0.2474257419634703,0.29239001033181083,4.5780001,0.0,Industrial,1.176971468499449
MAC001647,1424.814,0.08132500000000001,0.05535511635188072,1.897,0.0,Residential,0.6723974048209015
MAC001648,1115.4070000000002,0.06366841714709745,0.087654838726081,0.936,0.005707762557077625,Residential,1.3554505057190078
MAC001649,7823.189000799999,0.4465800320127868,0.5364786798887062,5.8169999,0.01141552511415525,Industrial,1.1986206745554273
MAC001652,2179.7800003,0.12477275330852892,0.1420304217490792,1.546,0.28538812785388123,Residential,1.1292622449050562
MAC001656,4832.361999399999,0.27581974882420085,0.269724540351143,2.6270001,0.0,Industrial,0.9743688501156622
MAC001657,970.4610001000001,0.055397933559767104,0.06874792072053983,1.3380001,0.01141552511415525,Residential,1.218979426749474
MAC001659,2675.57,0.1527238997659684,0.1328856455246528,1.186,0.005707762557077625,Commercial,0.864443627353716
MAC001661,8210.6670009,0.4686721274559051,0.3527392280706479,2.9430001,0.005707762557077625,Industrial,0.7510329173275555
MAC001662,1303.8390000000002,0.07442003424657535,0.06642668327335088,1.176,0.0,Residential,0.8807564718968178
MAC001663,1582.124,0.09181313834726092,0.09498973193624975,1.2,1.643835616438356,Residential,1.0234513521226392
MAC001664,6749.2539987,0.38631183095987637,0.3665725736157559,3.0739999,0.2796803652968036,Industrial,0.946453333757654
MAC001665,10953.157998499999,0.625180251055936,0.3439566210929647,3.5320001,0.0,Industrial,0.5492933073391346
MAC001666,4943.2719996999995,0.2821663336777213,0.2024026698647887,2.211,0.005707762557077625,Industrial,0.7147836652613804
MAC001668,4716.793000199999,0.26923871226668183,0.18527641738969525,1.959,0.005707762557077625,Industrial,0.6856027984874996
MAC001669,5216.2650002,0.2980722857257143,0.3306229558760529,2.727,0.1141552511415525,Industrial,1.1054951316327397
MAC001670,1973.7869991,0.11266550597066043,0.22318935059153783,3.4000001,0.005707762557077625,Residential,1.9635627245538143
MAC001672,2810.6229999999996,0.16042368721461184,0.17320682442103202,2.326,0.0,Commercial,1.0729950939031307
MAC001673,3007.926,0.17168527397260275,0.10608310103195231,1.436,0.0,Commercial,0.6143146928022528
MAC001674,2162.639,0.12352290381539868,0.16105399004362383,1.993,0.0684931506849315,Residential,1.2933684094163218
MAC001675,1158.813,0.06614229452054796,0.057843175882396014,0.698,0.0,Residential,0.8615013278209299
MAC001676,7110.652,0.4059286407489867,0.45037674655054305,3.9660001,0.017123287671232876,Industrial,1.1067708228194173
MAC001677,4251.3190011,0.24307141229845625,0.2955733807075451,2.4189999,0.17123287671232876,Industrial,1.211011883465119
MAC001678,2104.5080001,0.12013403357118393,0.13927710872807175,1.895,0.01141552511415525,Residential,1.1497768597478932
MAC001679,3764.6159990999995,0.21487534241438352,0.2962106279353665,1.961,0.0,Commercial,1.372137385504526
MAC001681,495.39900020000005,0.02828104128560827,0.04767611664202987,1.37,0.017123287671232876,Residential,1.6282247675892196
MAC001683,4528.1249998,0.25846937609452597,0.17216506138609192,1.914,0.005707762557077625,Industrial,0.6635274804968557
MAC001684,1806.4769999999999,0.10310941780821917,0.07859769204149467,1.059,0.0,Residential,0.7549527573603392
MAC001685,3042.5699999,0.17372216511933308,0.12767901913148025,2.1860001,0.03424657534246575,Commercial,0.7307545613590414
MAC001687,2488.5930003,0.1420591962724055,0.2172273043967471,2.0209999,0.01141552511415525,Commercial,1.5184434839345435
MAC001689,7120.463001,0.40753565710851647,0.28548970565160087,2.681,0.273972602739726,Industrial,0.6988122105967564
MAC001690,4040.8849993999997,0.2306441209703196,0.18120393750850136,2.4719999,0.0,Commercial,0.7822513981769427
MAC001691,4863.1799991,0.27770557326975787,0.2797731570130224,2.224,0.045662100456621,Industrial,1.003830507336971
MAC001692,6547.8120014999995,0.373754894771391,0.3956302382297919,4.092,0.005707762557077625,Industrial,1.0557039914612332
MAC001695,2436.326,0.13907557940404155,0.10838365050868592,1.699,0.01141552511415525,Commercial,0.7737512203755251
MAC001696,7067.3419995,0.4034101261202124,0.2780132143475291,2.109,0.005707762557077625,Industrial,0.6874536427035179
MAC001697,2613.4950004,0.14918060393858099,0.1375208388717512,2.046,0.005707762557077625,Commercial,0.9157030619479516
MAC001698,16423.989004100004,0.9374422947545664,0.6195585728937765,5.0050001,0.0,Industrial,0.6601989023265532
MAC001699,4915.3859999,0.2811201601315413,0.24202133792397407,2.1860001,0.1997716894977169,Industrial,0.8578661582041115
MAC001701,5877.3110029,0.3354821053085222,0.47706796007732954,5.9809999,0.005707762557077625,Industrial,1.4178107915721208
MAC001702,2353.2230000000004,0.1343623957976476,0.09426837614986713,1.369,0.03424657534246575,Commercial,0.696414802607279
MAC001703,5427.741999900001,0.30980262556506855,0.16437575680701658,1.37,0.0,Industrial,0.5288750585943922
MAC001705,10587.203999199999,0.6043959581663526,0.5587425896032352,4.0599999,0.017123287671232876,Industrial,0.9229374297370221
MAC001708,3457.0680001,0.19735502655135012,0.17929386901256988,1.427,0.017123287671232876,Commercial,0.9039038340989777
MAC001709,3058.6109999,0.17800215328522376,0.24082512885466612,1.8200001,1.9235159817351597,Commercial,1.3453755970797348
MAC001710,6728.954997899999,0.3840727738527397,0.3016836851152785,3.2079999,0.0,Industrial,0.7834458980230292
MAC001711,1078.285,0.0615600022836264,0.056410124929423454,0.966,0.0228310502283105,Residential,0.9016963374406313
MAC001713,7172.616998099999,0.40944268741294665,0.38856558710074895,3.3740001,0.01141552511415525,Industrial,0.946698769443084
MAC001714,1389.6429999000002,0.07931752282534248,0.09055277863588826,1.663,0.0,Residential,1.1274349039972664
MAC001716,2948.0320007,0.16827627151663907,0.20402147622706832,3.029,0.005707762557077625,Commercial,1.2052573842696785
MAC001717,3179.3019992,0.20506333844169247,0.23534977804290216,2.2809999,11.506849315068493,Commercial,1.1421234840834948
MAC001719,3769.1280000000006,0.21514515668702555,0.16674480329353367,1.133,0.005707762557077625,Commercial,0.7714482519493937
MAC001720,4191.5890005,0.23925960388720818,0.2539972871253773,2.9849999,0.005707762557077625,Industrial,1.0571784978244547
MAC001721,4428.1719996,0.252778399337824,0.2239674095408924,2.079,0.01141552511415525,Industrial,0.8825314137266352
MAC001722,1177.9519999000001,0.0672385410069068,0.07491951686634722,1.652,0.005707762557077625,Residential,1.0979061943713628
MAC001723,3362.118,0.19373735161922323,0.1309806587691717,1.472,0.9474885844748858,Commercial,0.6726016230583374
MAC001724,5722.4700003,0.32664364406073404,0.2553889136985086,2.483,0.005707762557077625,Industrial,0.7794715946059009
MAC001725,6643.6749998000005,0.37922683942005825,0.17973686014610837,2.1760001,0.005707762557077625,Industrial,0.4727095552230147
MAC001726,9864.766998400002,0.5855156100664769,0.3782625373499379,3.23,3.8356164383561646,Industrial,0.6449317475234203
MAC001727,4181.3780004,0.23871762961863438,0.22025358922871227,2.3570001,0.0228310502283105,Industrial,0.9188043014571462
MAC001728,3309.0519998000004,0.18888361206689883,0.1557833245481781,2.5320001,0.005707762557077625,Commercial,0.8204147943704236
MAC001729,2477.8659998,0.14144685465235757,0.16701059506161284,2.1259999,0.01141552511415525,Commercial,1.1724414376800614
MAC001730,3403.2980005,0.19429652891641927,0.23763679471385832,3.033,0.0228310502283105,Commercial,1.2167998890321259
MAC001731,3110.6569997,0.17765031408909196,0.2895875834346089,1.64,0.05707762557077625,Commercial,1.6209743873732743
MAC001732,1355.982,0.07740065072207318,0.04885544242587968,0.495,0.005707762557077625,Residential,0.6231509812216999
MAC001733,3110.3969999,0.1780218063129579,0.1525437212364051,1.609,0.273972602739726,Commercial,0.8520957551379804
MAC001734,10533.0649993,0.6013053033795742,0.48837130616663127,4.776,0.017123287671232876,Industrial,0.81083680224356
MAC001735,19741.540003500002,1.127572538468129,0.7537759921579552,4.9400001,0.0684931506849315,Industrial,0.6679021210112867
MAC001737,475.5690000000001,0.027148998116115777,0.026870466807719977,0.831,0.017123287671232876,Residential,0.9545798645080792
MAC001738,1646.4379998999998,0.09398013584679489,0.08722147251570989,2.391,0.005707762557077625,Residential,0.9183127791731115
MAC001739,21668.9429999,1.2368118150627854,0.6687467937012473,5.046,0.0,Industrial,0.5402653178482761
MAC001740,1786.0569998,0.10203124820337046,0.08072347661963908,1.2539999,0.08561643835616438,Residential,0.7834853797005477
MAC001742,3093.1010000000006,0.17654686073059364,0.16177865143894754,1.515,0.0,Commercial,0.9111884646861061
MAC001744,4634.643999399999,0.26454957471316853,0.4041529079262029,3.131,0.005707762557077625,Industrial,1.521948993376268
MAC001745,5593.6119995,0.3192700912956621,0.2620382099746602,2.21,0.0,Industrial,0.8181788343537697
MAC001746,6422.032997100001,0.36655439481164387,0.4551070551831847,4.848,0.0,Industrial,1.2382032744198526
MAC001747,4630.6110001,0.2643948270012561,0.22750558490693548,3.069,0.03424657534246575,Industrial,0.8572344362456571
MAC001749,5687.381999,0.32551407961309525,0.25352686001652347,2.04,0.273972602739726,Industrial,0.7764653221598946
MAC001751,2919.372,0.1666308219178082,0.13175331675840474,1.358,0.0,Commercial,0.7859731000006984
MAC001752,4181.9789999,0.24410337379757183,0.14567028478886562,1.09,2.214611872146119,Industrial,0.5943218264680971
MAC001753,4363.8229977,0.2490908726354244,0.31305175006636304,2.984,0.005707762557077625,Industrial,1.2517520002528093
MAC001754,2134.7490007,0.12195778111860146,0.20493957999147236,2.72,0.091324200913242,Residential,1.6667475464102077
MAC001757,2561.3370000000004,0.14620337918830986,0.08388614951587585,1.038,0.005707762557077625,Commercial,0.569865651036207
MAC001758,7908.939998600001,0.45142351590182656,0.4965425577053834,4.4169998,0.0,Industrial,1.097517127763824
MAC001759,1651.5840002999998,0.09429002056976478,0.10459295578821605,1.331,0.0228310502283105,Residential,1.0976275916704237
MAC001760,4722.5539996,0.26972151462676336,0.28462661021097535,3.4059999,0.06278538812785388,Industrial,1.0513630976222283
MAC001761,2857.1279999,0.16313394997716113,0.2116855092541911,2.51,0.03424657534246575,Commercial,1.28971190471957
MAC001762,2852.6500005999997,0.1823129034703138,0.2103311869082505,2.2119999,10.690639269406391,Commercial,1.147388879486665
MAC001763,1056.0650001,0.06749744344241339,0.06406829591122114,1.277,10.69634703196347,Residential,0.9353384986562909
MAC001764,5445.1460007000005,0.31081374511673043,0.25094855609627786,1.6900001,0.005707762557077625,Industrial,0.8048027388989312
MAC001765,5634.489001100001,0.3216766956554008,0.255168801660184,2.9319999,0.0228310502283105,Industrial,0.7907878229070775
MAC001766,13246.9149946,0.7624562561643835,0.4007607547340206,4.3039999,0.8333333333333334,Industrial,0.5249295575197053
MAC001768,6092.934000800002,0.3479688178640778,0.36070411898595706,2.852,0.05707762557077625,Industrial,1.0336285092568074
MAC001769,4464.8470001000005,0.2548865102528972,0.22315772420692384,1.6390001,0.017123287671232876,Industrial,0.872096477404663
MAC001771,5787.8410005000005,0.33037507851475545,0.3508815972470604,5.5500002,0.005707762557077625,Industrial,1.0588653764179685
MAC001775,4834.0719995,0.2767070406124785,0.30260354295841485,2.576,0.28538812785388123,Industrial,1.0896502382187627
MAC001776,1834.7930004,0.10507347385179246,0.1263081455943821,2.447,0.3310502283105023,Residential,1.1907609038133498
MAC001779,2314.4209999,0.1321016552454338,0.09212842415678102,1.4299999,0.0,Commercial,0.6921658786804726
MAC001780,8977.8299958,0.5125209793800308,0.4846960341635221,2.677,0.017123287671232876,Industrial,0.9438680280379025
MAC001781,4302.8130001,0.24563641034994577,0.2023823030339294,1.687,0.017123287671232876,Industrial,0.8205694477420207
MAC001782,3448.757001,0.19695928046830383,0.2253064469427147,2.704,0.05707762557077625,Commercial,1.1381454125803896
MAC001783,6346.37,0.3756582218539126,0.2823608259098616,2.2490001,3.573059360730593,Industrial,0.7496473182506969
MAC001784,3507.1949994999995,0.20044550491512828,0.22297649629168273,1.631,0.1312785388127854,Commercial,1.106882461267258
MAC001785,2764.9179997000006,0.1578239625378161,0.1729256085718157,8.2849998,0.005707762557077625,Commercial,1.088787899562964
MAC001786,3761.6510006000003,0.2147306199680329,0.2125080754098882,2.2390001,0.01141552511415525,Commercial,0.9850621828342114
MAC001787,1235.1640001,0.07057676704759729,0.06615586112816645,1.248,0.1084474885844749,Residential,0.924264448604866
MAC001788,1529.7060000000001,0.09927998442367603,0.13770124037063075,1.464,12.054794520547945,Residential,1.3731677479012412
MAC001789,4267.3229997,0.24356866436643834,0.1913525280431305,1.743,0.0,Industrial,0.7824081982817968
MAC001790,11622.9819987,0.6634879551718232,0.4137083988887915,5.348,0.01141552511415525,Industrial,0.6225972881356665
MAC001792,3576.2660003,0.20413642332895715,0.23472248405461446,2.171,0.005707762557077625,Commercial,1.14422626779552
MAC001793,4617.5959993,0.2635915058397077,0.19054742498296218,2.007,0.01141552511415525,Industrial,0.7201569996672448
MAC001794,7311.680996200001,0.41733339019406396,0.47287900555153267,4.77,0.0,Industrial,1.130387907434702
MAC001795,1861.2399999,0.10625941995318565,0.09806640540156826,1.176,0.0228310502283105,Residential,0.9142917745068008
MAC001796,2619.7019999999998,0.14955197807843806,0.06137106410018998,1.148,0.017123287671232876,Commercial,0.40764037034581807
MAC001797,2688.3570002999995,0.1534450342636986,0.17075768094781568,1.96,0.0,Commercial,1.105621049986398
MAC001798,1620.6929997000002,0.09252643295843802,0.19586973177337877,4.0500002,0.0228310502283105,Residential,2.0942713795192085
MAC001799,1469.848,0.08415963355281993,0.07079910953534149,0.879,0.3139269406392694,Residential,0.831369354019456
MAC001800,4333.5339992,0.2473901923388708,0.23651863228989325,2.0940001,0.017123287671232876,Industrial,0.9522060032354999
MAC001801,965.4989998000001,0.0551146820299121,0.08069586682542171,1.4349999,0.01141552511415525,Residential,1.4380526433778336
MAC001802,4698.0869991,0.2704557595475217,0.22985586630152147,2.3800001,0.8504566210045661,Industrial,0.8467525857055257
MAC001803,398.83400000000006,0.022892549649867987,0.03671705878588513,0.701,0.5593607305936072,Residential,1.5367576639560525
MAC001804,1215.7500002000002,0.06941589586616422,0.07472931852141523,2.2030001,0.03424657534246575,Residential,1.0612563768761718
MAC001805,10835.794996699999,0.6184814495833333,0.5504473201641474,4.0019999,0.0,Industrial,0.8885614259061049
MAC001807,1705.9850000000001,0.09739580954555835,0.11191298893031505,1.454,0.0228310502283105,Residential,1.1373755594591464
MAC001808,1383.5220002,0.07897265826816599,0.0892096912789815,1.734,0.005707762557077625,Residential,1.115502388076706
MAC001809,9186.0770009,0.5243194635216896,0.6240038161490994,3.8069999,0.0,Industrial,1.1878558848092924
MAC001810,2511.9250001000005,0.14338289857297792,0.12378134151639722,1.268,0.005707762557077625,Commercial,0.8573130387310537
MAC001811,4872.0270005,0.27809960617044355,0.26528167835847444,1.325,0.005707762557077625,Industrial,0.9504910522749694
MAC001812,2533.2029999000006,0.14461397499000975,0.15851303024826002,2.1389999,0.017123287671232876,Commercial,1.0885839100205543
MAC001813,5037.020999599999,0.28755043669578123,0.28564106720477866,2.303,0.017123287671232876,Industrial,0.9899172930586485
MAC001815,1624.4700005,0.0927261830298533,0.16735315288422103,1.918,0.005707762557077625,Residential,1.7855539132636646
MAC001816,1753.251,0.10007140410958903,0.09831379709079788,0.992,0.0,Residential,0.972716249041112
MAC001817,1654.1119997,0.09442895471256495,0.10031190060013229,1.77,0.017123287671232876,Residential,1.0511683891149697
MAC001818,5800.476000000001,0.33111519579860715,0.420751581092571,3.78,0.01141552511415525,Industrial,1.266884461823037
MAC001819,3657.0479994,0.2087356164041096,0.2208087553461222,1.863,0.0,Commercial,1.0527957012350129
MAC001821,6551.649999300001,0.37399531906039507,0.2698854451992686,2.1459999,0.01141552511415525,Industrial,0.7197035042344143
MAC001822,8416.3739997,0.48057865583851994,0.4571552185595755,5.0209999,0.039954337899543384,Industrial,0.949284635058382
MAC001824,3284.1329993,0.18748261684649198,0.22006301967008807,2.862,0.017123287671232876,Commercial,1.1675507447422404
MAC001827,2444.9939999999997,0.13956241794622978,0.11344950877713278,1.712,0.005707762557077625,Commercial,0.8071112494701914
MAC001828,4792.7760002,0.2737477724583048,0.35501697658772796,2.658,0.0684931506849315,Industrial,1.292155977867317
MAC001829,3056.2360000000003,0.1744526514070438,0.1892906381546628,2.0680001,0.005707762557077625,Commercial,1.0788702059310313
MAC001831,7123.8110005,0.4067495147025237,0.3049202266355275,3.2509999,0.03424657534246575,Industrial,0.7478126046525991
MAC001834,3480.8470003,0.19867848175228311,0.15017869721033178,1.589,0.0,Commercial,0.7521025595368873
MAC001836,12644.4269967,0.7227864980393278,0.6333896131028853,5.6459999,0.14840182648401826,Industrial,0.8751055937333462
MAC001837,3053.1589997999995,0.17429691156019864,0.22268754719369227,1.717,0.017123287671232876,Commercial,1.2703449548066865
MAC001838,3574.3459987999995,0.20403847464322408,0.3189002413467408,2.378,0.01141552511415525,Commercial,1.5553190292779984
MAC001839,3141.163,0.17955659083114212,0.1292360965417538,1.65,0.14840182648401826,Commercial,0.7157650459994361
MAC001841,1600.3030005,0.09748434457236843,0.1370338122859136,2.0650001,6.301369863013699,Residential,1.3914273672727566
MAC001842,3350.393,0.19146196925538603,0.10105487607278217,1.21,0.11986301369863014,Commercial,0.5250641280651562
MAC001843,6389.5519981,0.3859357331541435,0.34217019315681757,3.2590001,5.502283105022831,Industrial,0.8843075576597298
MAC001844,1918.883,0.10953153718819568,0.12917381657001875,1.419,0.005707762557077625,Residential,1.1686602743077927
MAC001845,2095.8059997,0.11962363011986302,0.12677449491174977,1.5369999,0.0,Residential,1.0509922043116648
MAC001848,2752.8870001,0.15713722244991152,0.20069593670926625,2.1600001,0.005707762557077625,Commercial,1.2691252166948537
MAC001850,3410.748,0.1946885096181289,0.09879314194424439,1.397,0.005707762557077625,Commercial,0.5048489670498877
MAC001852,1267.39,0.07234374108111194,0.09901005379186054,0.977,0.005707762557077625,Residential,1.3499455077204725
MAC001854,1762.0840013000002,0.10058131179291056,0.1563478636989858,2.3180001,0.005707762557077625,Residential,1.5391400341208965
MAC001859,6679.950001200001,0.38134098311354686,0.3889609468750421,3.3989999,0.017123287671232876,Industrial,1.017314292879582
MAC001860,4773.1069987,0.27249982865380223,0.26423163744316575,2.552,0.0228310502283105,Industrial,0.9661126251659623
MAC001862,13717.5740017,0.7831006451846778,0.89718302180934,10.7609997,0.017123287671232876,Industrial,1.1442192112952898
MAC001863,1014.199,0.05789467975796324,0.05318470041767304,0.955,0.01141552511415525,Residential,0.9030476205362482
MAC001864,7227.2459979000005,0.4125375876419887,0.4384588448405966,3.868,0.005707762557077625,Industrial,1.0602635841174923
MAC001866,4334.313000200001,0.2474064159027342,0.23135777775661454,2.9030001,0.005707762557077625,Industrial,0.9313679637292652
MAC001867,3677.151999,0.20991905000856312,0.2389190586552543,2.595,0.017123287671232876,Commercial,1.1327523931363925
MAC001868,2959.4890000000005,0.16902672911074307,0.11378477269321173,1.251,0.06278538812785388,Commercial,0.669216971286324
MAC001869,3846.4089986,0.21954389261415524,0.24727304240569156,1.992,0.0,Commercial,1.1211965086618805
MAC001871,2100.2099996999996,0.11987499998287669,0.06504010524284887,1.2359999,0.0,Residential,0.5380773960873839
MAC001872,891.1930000000002,0.05086718036529682,0.047698694671996035,0.632,0.0,Residential,0.9196315345476187
MAC001874,7537.5120003,0.43022328768835616,0.1363362546750716,1.625,0.0,Industrial,0.3161616233806033
MAC001875,2645.7229997,0.151046072145467,0.17047811337715238,2.1029999,0.0228310502283105,Commercial,1.121226684593673
MAC001876,3118.6899999999996,0.17802774289302428,0.18621252739252694,1.706,0.01141552511415525,Commercial,1.0401322408661313
MAC001877,3056.5030001000005,0.17449777346997034,0.10459576200407548,1.252,0.0228310502283105,Commercial,0.595994809141969
MAC001878,8541.835999800001,0.48754771688356174,0.34210359519470857,3.7509999,0.0,Industrial,0.7002460217744585
MAC001879,2362.1180008,0.13483947943829205,0.18798180166267542,1.835,0.01141552511415525,Commercial,1.3838524885401235
MAC001881,2864.0279996,0.16348124890690108,0.14779068731851763,1.976,0.005707762557077625,Commercial,0.8985260526698058
MAC001882,4092.726,0.23361641646212683,0.1089128925836864,1.01,0.005707762557077625,Industrial,0.4642168447802022
MAC001883,2446.5830003,0.13965311948741366,0.14976401038153836,1.8150001,0.005707762557077625,Commercial,1.0647756048875971
MAC001884,1554.846,0.08874691780821918,0.07780587583451971,0.706,0.0,Residential,0.8669476092848518
MAC001885,5398.919996800001,0.30822790573190234,0.6593055039610226,5.3829999,0.0228310502283105,Industrial,2.132102218913691
MAC001886,1838.441,0.10494582714921795,0.12464057308669686,1.74,0.01141552511415525,Residential,1.1764557079831803
MAC001888,1662.935,0.09491638127853881,0.07771741652891956,1.103,0.0,Residential,0.8102621835078421
MAC001890,1612.9660000000001,0.09206952451623952,0.06316683055729579,0.727,0.005707762557077625,Residential,0.6787058479736181
MAC001891,3740.1210002000003,0.21350159836739355,0.19208217840087344,2.1199999,0.01141552511415525,Commercial,0.8954813384275084
MAC001892,980.8100000000001,0.05598550145556253,0.02276138693255767,0.49,0.005707762557077625,Residential,0.399424175468686
MAC001893,6656.1089981000005,0.3799582713837196,0.4283952717283432,4.8569999,0.01141552511415525,Industrial,1.1245202005256967
MAC001894,2831.5810010000005,0.16162914555625324,0.2893077612900025,4.1209998,0.005707762557077625,Commercial,1.778941654649051
MAC001895,7316.2930004,0.4176443087338737,0.5036033634057471,6.848,0.01141552511415525,Industrial,1.2029385158222243
MAC001896,4561.3870003,0.26047207630767477,0.16537129525877295,2.4790001,0.045662100456621,Industrial,0.6324625466475441
MAC001897,2866.1410006,0.16372335202787616,0.19591590633640626,1.867,0.07990867579908677,Commercial,1.1893632804609962
MAC001898,401.5810000000001,0.02292390683868022,0.02061960192506837,0.178,0.01141552511415525,Residential,0.8618827210834377
MAC001899,6815.7490002,0.3890933949991437,0.1195043398930071,1.501,0.017123287671232876,Industrial,0.3063480218455619
MAC001900,2812.94,0.16057426646877498,0.22879556628126985,2.447,0.01141552511415525,Commercial,1.4160396409751654
MAC001903,2572.2250001,0.14725354935310284,0.08886603751543956,1.238,0.2968036529680365,Commercial,0.5994192914989368
MAC001905,1879.2130004,0.10728551041333638,0.1330816451731966,1.801,0.0228310502283105,Residential,1.2289884829947326
MAC001906,3467.6189997000006,0.19794605546866084,0.22045883735144883,2.5480001,0.01141552511415525,Commercial,1.108133744255999
MAC001907,1563.6699999,0.08926076035506336,0.08974651707335593,1.324,0.01141552511415525,Residential,0.9943026927794035
MAC001909,5360.2959998999995,0.3059529680308219,0.2052479010690762,1.975,0.0,Industrial,0.6686623764734758
MAC001911,3502.6549999999997,0.20049542072123638,0.1435369666309268,0.972,0.28538812785388123,Commercial,0.7123584551805097
MAC001913,6344.5400003,0.3621312785559361,0.28420746764716515,3.4860001,0.0,Industrial,0.7826576349395535
MAC001914,4691.194998,0.26776227157534244,0.2721587707099566,2.7030001,0.0,Industrial,1.0126375592627108
MAC001915,1415.461,0.08080037675533737,0.0867796825435787,1.184,0.01141552511415525,Residential,1.0608714285404124
MAC001916,1467.8709999000002,0.08379694010960782,0.12631622675778426,2.0190001,0.017123287671232876,Residential,1.4896318970296445
MAC001917,4515.452000399999,0.25773127856164374,0.19799818721967874,2.1389999,0.0,Industrial,0.7652657549578216
MAC001918,3123.2360001,0.17826689498287673,0.20133570351747457,4.3579998,0.0,Commercial,1.123105878175141
MAC001919,2283.3690002000003,0.13034416030368765,0.2405421862510168,2.6099999,0.01141552511415525,Residential,1.8313885116387874
MAC001920,4980.570001,0.2843115653042585,0.30318810493844256,2.6429999,0.01141552511415525,Industrial,1.0626562039821987
MAC001922,2406.3729989000003,0.13735789707745877,0.19058392769105603,4.1599998,0.005707762557077625,Commercial,1.377470543545186
MAC001923,3980.3119992999996,0.22725161286326004,0.2069699041363981,1.801,0.028538812785388126,Commercial,0.9067620663885022
MAC001924,1177.7629996,0.07526604036298569,0.13130173019957067,1.768,10.684931506849315,Residential,1.721627733321993
MAC001926,4979.012001500001,0.2842064045607627,0.19689174162912235,2.1989999,0.005707762557077625,Industrial,0.6903482477272874
MAC001927,3325.8840002,0.18983356165525114,0.17268111027942135,1.664,0.0,Commercial,0.9048780978650759
MAC001929,2775.3969993,0.15841307073630137,0.21074576022200806,1.832,0.0,Commercial,1.3220105431042126
MAC001930,2055.2200000000003,0.11732716789404579,0.16385413746896968,2.7360001,0.017123287671232876,Residential,1.3847550007762401
MAC001931,2008.8389996,0.1146728507592191,0.14802495920660788,2.191,0.01141552511415525,Residential,1.2796862724057168
MAC001932,4001.615,0.22841572007534675,0.16010527477241118,1.7079999,0.005707762557077625,Commercial,0.697882755025802
MAC001933,1299.8399996,0.07419601573149152,0.11797136206318319,1.897,0.005707762557077625,Residential,1.5688512338796385
MAC001934,2647.5910002,0.15113546068044298,0.17026189458918825,1.796,0.01141552511415525,Commercial,1.1191466724961607
MAC001935,2975.6839984999997,0.16984497708333332,0.25852852749533317,2.6589999,0.0,Commercial,1.5132345820692774
MAC001936,6198.5459993,0.35402056081443833,0.2825587066698279,2.0840001,0.06278538812785388,Industrial,0.7958939223734575
MAC001937,4249.5910008,0.2425704093156002,0.25179788610298337,2.131,0.005707762557077625,Industrial,1.0337786384253378
MAC001938,2323.3289999000003,0.13261767223585824,0.13852950327736366,1.123,0.005707762557077625,Commercial,1.0367603398511178
MAC001939,10789.1819995,0.6159263572244106,0.6724895373994227,4.4699998,0.017123287671232876,Industrial,1.0900645263804165
MAC001940,3351.5529998,0.19129868720319634,0.2062340249802212,2.1289999,0.0,Commercial,1.0724671498266642
MAC001941,3843.1289976999997,0.21938172152642993,0.2804416071033796,2.642,0.01141552511415525,Commercial,1.272526619544293
MAC001943,2341.6349998,0.13365496574200914,0.15750258096632383,1.592,0.0,Commercial,1.1696752518439562
MAC001944,1545.6960000000004,0.08822465753424659,0.08391938272781235,1.039,0.0,Residential,0.9405402614809931
MAC001945,1306.3140001,0.07456130137557077,0.09721029028134948,1.148,0.0,Residential,1.286508947194733
MAC001946,1418.3770000000002,0.08096221245504881,0.0806384682601489,0.965,0.005707762557077625,Residential,0.9838493355016995
MAC001947,3797.8799999999997,0.21681109779071756,0.16839971780141158,2.1730001,0.017123287671232876,Commercial,0.7731457189716633
MAC001948,4453.369,0.27947091308440536,0.2735468036498707,1.553,9.046803652968038,Industrial,0.9753125578749376
MAC001949,2551.425,0.1456459070670168,0.04563692750766356,0.812,0.01141552511415525,Commercial,0.3112049181625478
MAC001950,4873.9190002,0.27822348442744604,0.28110937343016823,3.075,0.01141552511415525,Industrial,1.006754048666749
MAC001953,753.73,0.04302357440493179,0.04890951688204991,0.741,0.005707762557077625,Residential,1.1109846836192103
MAC001954,2622.3159997999996,0.15008676738782048,0.10046251519153282,1.61,0.273972602739726,Commercial,0.6649325876015226
MAC001955,3888.8790013999997,0.22200599425700746,0.23089450046498536,2.177,0.017123287671232876,Commercial,1.035373516457529
MAC001956,8026.532998500001,0.4581877496574952,0.44923649262303333,5.5910001,0.01141552511415525,Industrial,0.9783285659474051
MAC001958,2384.936,0.13613425423825562,0.10700459923824165,1.01,0.005707762557077625,Commercial,0.7802908167082236
MAC001960,1919.2750002,0.10955391290598779,0.09395422959353152,1.826,0.005707762557077625,Residential,0.8498498797905759
MAC001961,2326.5040000000004,0.13279890404703468,0.07759760509899678,0.869,0.005707762557077625,Commercial,0.579956955938284
MAC001962,1780.4120004,0.10163909347491008,0.09237615716879263,2.5650001,0.017123287671232876,Residential,0.9000094802218201
MAC001963,2148.1500003,0.12263930122744919,0.1630419927502767,2.0190001,0.0228310502283105,Residential,1.3186906681908657
MAC001964,2136.2840001,0.1219479392681813,0.07123111878954656,1.992,0.01141552511415525,Residential,0.5793600056538812
MAC001965,1363.4649993000003,0.07782334470890412,0.14805241490216187,2.8729999,0.0,Residential,1.878281306748931
MAC001966,6647.660000499999,0.3794326484303652,0.29919806160157486,3.0239999,0.0,Industrial,0.7864678881690155
MAC001967,1992.7530000000002,0.11375459527343305,0.12123357836040642,1.067,0.01141552511415525,Residential,1.0564594652748807
MAC001968,4386.924000499999,0.310886825915952,0.28942300958889483,2.7260001,19.457762557077626,Industrial,0.9279744623355435
MAC001970,4595.6489993000005,0.2623237056510075,0.2783312656422887,2.862,0.005707762557077625,Industrial,1.0569928178482013
MAC001971,2010.629,0.11476192922374429,0.09563892773531772,1.249,0.0,Residential,0.8261690901027324
MAC001972,1208.0919997,0.06895502281392694,0.12226729765000856,2.322,0.0,Residential,1.7477986959596425
MAC001973,5010.483998199999,0.28610083927368235,0.22120748182431352,2.2130001,0.039954337899543384,Industrial,0.7704870608665996
MAC001974,2795.3169999,0.1596502941287338,0.10662253062565388,1.268,0.06278538812785388,Commercial,0.663693342137389
MAC001975,2574.9369993,0.1469796791654775,0.13297835763688856,1.733,0.005707762557077625,Commercial,0.8986258004261938
MAC001977,2075.9629999999997,0.11849780238598091,0.10343977557602085,1.368,0.005707762557077625,Residential,0.8656207353663942
MAC001978,14860.168004799998,0.8483283670034822,0.8594189310462911,4.9520001,0.017123287671232876,Industrial,1.0118806393791007
MAC001979,3026.5789998,0.1727696654755109,0.17970177501809584,2.112,0.01141552511415525,Commercial,1.0341377738534057
MAC001980,1685.12,0.09619362940974996,0.06128229172388524,0.934,0.01141552511415525,Residential,0.6305175770886247
MAC001981,5861.8890014,0.33462090429272745,0.3410420927079468,3.2030001,0.01141552511415525,Industrial,1.0161527138085862
MAC001982,6869.040996800001,0.39218047369683134,0.41667506668370324,2.434,0.028538812785388126,Industrial,1.0597552385192655
MAC001983,3717.5859978,0.21219098160958905,0.26833807724023695,2.8670001,0.0,Commercial,1.2586746175391101
MAC001985,2105.2430007,0.1201691306980992,0.17920856207836613,2.316,0.005707762557077625,Residential,1.4789951949467721
MAC001986,6680.9770013,0.38135607062617727,0.41944315508617525,4.9359999,0.005707762557077625,Industrial,1.0969961962399633
MAC001988,3301.9479998,0.18848886858088823,0.22739534962999605,1.966,0.01141552511415525,Commercial,1.2000459516856867
MAC001989,7710.6480004,0.4402059831240009,0.5376880939580053,3.296,0.0228310502283105,Industrial,1.218678156064099
MAC001990,1784.592,0.10187771878746361,0.04946975293498979,0.676,0.017123287671232876,Residential,0.48085973831894524
MAC001991,7352.6830021000005,0.4196736873344749,0.40654712801017817,4.1360002,0.0,Industrial,0.9664191991331638
MAC001992,2406.6670000999998,0.1374138974591755,0.17221939414928902,1.738,0.03424657534246575,Commercial,1.2442348442654343
MAC001994,3645.7629994,0.20813901572276775,0.23080693181222128,2.832,0.0228310502283105,Commercial,1.1036053268902073
MAC001995,4366.2620002,0.24924432013928532,0.3924212306543646,3.4489999,0.01141552511415525,Industrial,1.5681523977684846
MAC001996,2685.3939994,0.1532846623323249,0.16016207897512025,2.1459999,0.005707762557077625,Commercial,1.0380946268666391
MAC001997,1705.2629998,0.09733791881956733,0.17842028562890133,1.8559999,0.005707762557077625,Residential,1.81435897536403
MAC001999,2085.9210002,0.11908660654258964,0.1342212161252754,1.533,0.0228310502283105,Residential,1.1177034641050734
MAC002000,1394.3059999000002,0.07958821849991439,0.09916655689268083,1.228,0.005707762557077625,Residential,1.230534174083848
MAC002001,3396.4719998,0.19386255706621006,0.11603255629960871,1.1799999,0.0,Commercial,0.5954584505435971
MAC002002,13123.6300008,0.7496646864389352,0.6142879501266424,4.2290001,0.07990867579908677,Industrial,0.818325360475863
MAC002003,1704.0800005,0.09731483070641311,0.14965433466761202,1.711,0.05136986301369863,Residential,1.5221949078517816
MAC002007,4147.8719986,0.23675068485159814,0.46162729523648327,4.0570002,0.0,Industrial,1.9416444395296986
MAC002008,1420.3959998000003,0.08109134504453074,0.08887169846332137,1.137,0.0228310502283105,Residential,1.0825952287066634
MAC002009,2609.3219998000004,0.14893390409817353,0.25747526276976246,4.5630002,0.0,Commercial,1.7172584434350027
MAC002010,2100.4439998000003,0.11990204360086769,0.0914077508852748,1.165,0.01141552511415525,Residential,0.7560480217111796
MAC002012,7102.9549973,0.40544294750271137,0.3958375790438755,3.8529999,0.005707762557077625,Industrial,0.9739068705115984
MAC002015,2928.7810002,0.16727288824033354,0.1514671106543991,1.658,0.06278538812785388,Commercial,0.9001278354363788
MAC002016,2202.4530004000003,0.12584726589337752,0.15451840494043576,1.874,0.1084474885844749,Residential,1.21814533291019
MAC002020,3437.2270003,0.196211154258477,0.16358224651550984,1.466,0.01141552511415525,Commercial,0.8294776587591438
MAC002021,1377.5180002,0.07863443316588652,0.13171341750900734,2.319,0.01141552511415525,Residential,1.65397570212668
MAC002023,4766.450000899999,0.27283629083571836,0.33834108015174685,3.1289999,0.28538812785388123,Industrial,1.2355596810019847
MAC002025,3302.6780003000003,0.18853054003310882,0.16965924393527665,2.349,0.01141552511415525,Commercial,0.8951551760768429
MAC002026,2317.0099999,0.13226452790843704,0.11205516084181442,1.638,0.01141552511415525,Commercial,0.8408476178957759
MAC002027,4557.6159989,0.26013789948059357,0.26391530418170744,2.1930001,0.0,Industrial,1.0106357779036983
MAC002028,3471.8029998,0.19818489552460328,0.15741514351513824,1.612,0.01141552511415525,Commercial,0.7902965890086497
MAC002032,5309.5819989,0.3031967792884879,0.32898846989473907,3.45,0.045662100456621,Industrial,1.0814988596008102
MAC002033,1497.2320002000001,0.0854584475,0.0664768513461209,1.488,0.0,Residential,0.7688878677369368
MAC002034,6251.1770003,0.35761882152745994,0.3198830796765136,3.539,0.228310502283105,Industrial,0.8919863110197067
MAC002035,7645.403999300001,0.43763045216370927,0.5195198854215352,5.0489998,0.28538812785388123,Industrial,1.1844136285084823
MAC002036,1231.9730000000002,0.07045482099965687,0.12004483050006998,1.541,0.19406392694063926,Residential,1.6800102333283633
MAC002037,5952.087999400001,0.33976983670510336,0.3441590216573399,3.227,0.01141552511415525,Industrial,1.0099456717912785
MAC002038,3081.5439999,0.17588721460616438,0.14839385181364698,1.559,0.0,Commercial,0.8389179067805592
MAC002041,2730.9620000000004,0.1558768264840183,0.16305162538745377,1.909,0.0,Commercial,1.0393608096353513
MAC002042,5503.8619975,0.31414737428652967,0.4474302043508989,6.5149999,0.0,Industrial,1.4197491105989628
MAC002043,1266.7970001,0.07230576484589042,0.09621303716595316,1.768,0.0,Residential,1.3124893706275398
MAC002044,2640.4289999999996,0.1507180204349563,0.1396919455626256,1.53,0.005707762557077625,Commercial,0.9207340378034627
MAC002045,1881.8520002,0.10741777499857298,0.16124439591934356,1.729,0.005707762557077625,Residential,1.4872505539010175
MAC002047,2506.4930002,0.1430891705314837,0.15299320891143814,1.978,0.017123287671232876,Commercial,1.0617953337305726
MAC002048,4875.2679989,0.27831637831249645,0.27382634665618405,3.7579999,0.017123287671232876,Industrial,0.9803447556871505
MAC002049,3886.2419998,0.22184279026144538,0.19751717937039728,2.0439999,0.01141552511415525,Commercial,0.8863521190820876
MAC002050,687.8820019,0.03926491248929733,0.17860596595879435,1.977,0.005707762557077625,Residential,4.435771864803356
MAC002051,8169.649999900001,0.46641071020210095,0.34815318996956784,3.381,0.0228310502283105,Industrial,0.7448549688111168
MAC002053,815.1710000000002,0.0465306809749415,0.03737647636166108,0.74,0.005707762557077625,Residential,0.7863652612376039
MAC002054,2004.372,0.11442438773762631,0.11510370709546158,1.311,0.017123287671232876,Residential,0.9972217254217222
MAC002055,1698.3980000000001,0.09695159264756252,0.08996351215298151,1.301,0.01141552511415525,Residential,0.9184486920664705
MAC002056,1106.1669999,0.07839040464176884,0.08810964282512662,2.1010001,19.457762557077626,Residential,1.1098273553674574
MAC002057,2428.1809998999997,0.13898351553431398,0.09499204288167462,1.219,0.2796803652968036,Commercial,0.6785944939237459
MAC002058,1109.616,0.06334509333790032,0.08065375041195376,1.612,0.017123287671232876,Residential,1.2534561102959403
MAC002059,4494.4799989,0.2565928293503083,0.22473585884481512,2.7460001,0.0228310502283105,Industrial,0.8724460980208032
MAC002062,5914.5209982999995,0.33772174946040084,0.3734043427679515,2.931,0.039954337899543384,Industrial,1.1023925784594628
MAC002063,1945.8970002,0.11107352018950854,0.1316081636839781,2.006,0.005707762557077625,Residential,1.1743020426362787
MAC002064,6638.1130013,0.38001562865239297,0.31085804619606094,4.664,0.2968036529680365,Industrial,0.8158669167864031
MAC002065,1559.7859997,0.0890390455360201,0.1363452609306749,1.462,0.01141552511415525,Residential,1.5142903850100233
MAC002066,2049.0460002,0.11695468037671233,0.11271644667768045,1.626,0.0,Residential,0.955591133117376
MAC002067,1622.8869998999999,0.09289564967945048,0.09627117500197804,1.352,0.28538812785388123,Residential,1.025299631352862
MAC002068,6311.4330003,0.3683357455675518,0.38835416534705586,2.9790001,2.1974885844748857,Industrial,1.0514935800494447
MAC002069,2781.0179997,0.15875202646991665,0.20840805915027089,2.862,0.01141552511415525,Commercial,1.3045722408380014
MAC002070,3762.7719994999998,0.21478235056224668,0.21469202465600254,2.839,0.005707762557077625,Commercial,0.9949471033965328
MAC002071,2892.4380006,0.16512176746018153,0.15322627331338576,2.1259999,0.017123287671232876,Commercial,0.9223732425680653
MAC002072,496.68399999999997,0.02836411398549483,0.04941849539962916,0.739,0.05136986301369863,Residential,1.6829554409181464
MAC002074,4271.7959999,0.24383789028483363,0.25366707180222275,2.2520001,0.005707762557077625,Industrial,1.0360613363688016
MAC002076,3306.3769991,0.1887524689787064,0.18812005163770365,2.9059999,0.017123287671232876,Commercial,0.9913971219990506
MAC002077,2657.333,0.1516742579908676,0.0841260704526205,0.962,0.0,Commercial,0.5510167303885152
MAC002078,2159.4289999,0.12328322675839232,0.1028759801703131,1.3,0.0228310502283105,Residential,0.8277543386470397
MAC002079,10654.3440022,0.6081593699526229,0.3907928533632422,4.5219998,0.005707762557077625,Industrial,0.6415281002632135
MAC002080,4677.1959996000005,0.26697848048404593,0.27707652691767803,2.431,0.005707762557077625,Industrial,1.0339506605799034
MAC002081,2243.3589999,0.15475710540149007,0.13557691521804427,1.3940001,17.26027397260274,Residential,0.8704380764432674
MAC002082,5951.5650002,0.34057596567668097,0.2876014403538499,2.4630001,0.2568493150684931,Industrial,0.8419838315734406
MAC002085,1147.599,0.06550222602739726,0.09150822681431543,1.007,0.0,Residential,1.3760175001753523
MAC002086,1934.1660000000002,0.11039760273972604,0.08469407928204047,1.175,0.0,Residential,0.7602863724089576
MAC002087,10502.2759976,0.5994791938809293,0.28489575282549773,2.7590001,0.005707762557077625,Industrial,0.4744473342768151
MAC002088,4462.3490004000005,0.2547293641054915,0.21117057037436118,2.2379999,0.01141552511415525,Industrial,0.8257580083265319
MAC002089,1344.7880000000002,0.0769153511782201,0.09690462743946639,1.035,0.2054794520547945,Residential,1.2437167512447074
MAC002090,2743.6199998,0.15660825388435415,0.10275050785169763,1.566,0.005707762557077625,Commercial,0.6519360840523704
MAC002091,1618.2950007999998,0.09241063275468249,0.16522995920244132,2.951,0.045662100456621,Residential,1.7688560106039821
MAC002094,4576.3580001,0.2612225583709116,0.13002975705946573,1.311,0.005707762557077625,Industrial,0.49587555650166354
MAC002095,2770.1839996000003,0.15813357686950566,0.18186830142196372,2.256,0.01141552511415525,Commercial,1.1428656666914565
MAC002096,1523.296,0.08695604521064049,0.16544539110075548,1.248,0.01141552511415525,Residential,1.8810007965289999
MAC002100,5135.061001,0.2930970890981735,0.3261075625058858,2.4660001,0.0,Industrial,1.1088432174077956
MAC002101,2871.2299986,0.16390170102751456,0.23781249799179768,2.5569999,0.01141552511415525,Commercial,1.4421470276532662
MAC002103,3108.799,0.17754420331239293,0.16355083190188816,2.181,0.05707762557077625,Commercial,0.9160243170467351
MAC002104,1356.0159998000001,0.07740259146069982,0.14137014557771552,1.851,0.005707762557077625,Residential,1.803131031052448
MAC002107,1912.9230000000002,0.10919756821554974,0.11908299154712505,1.165,0.01141552511415525,Residential,1.080631755087328
MAC002109,2563.5549996,0.14634669176228807,0.16707155119828837,1.692,0.017123287671232876,Commercial,1.1338669989810297
MAC002112,5820.2310004,0.3322618599303534,0.36101726440689563,4.073,0.017123287671232876,Industrial,1.0832840712175786
MAC002114,1988.3599998,0.11351030426442883,0.14692191204303476,1.5319999,0.017123287671232876,Residential,1.2830453380314193
MAC002115,3883.6310009,0.2216810891546321,0.2586608652228204,3.6070001,0.005707762557077625,Commercial,1.1615753551627528
MAC002116,1964.2050001,0.11216977900177032,0.1126265746292806,1.26,0.05136986301369863,Residential,0.9952000933704994
MAC002117,1577.1469998000002,0.09002494433472231,0.11811226924807844,1.296,0.005707762557077625,Residential,1.2975813400527774
MAC002120,7156.9310024999995,0.40852394557337746,0.42265758548876187,2.7650001,0.005707762557077625,Industrial,1.0320705054181774
MAC002121,2958.2169998,0.1688576402648553,0.1900104885500693,2.0710001,0.005707762557077625,Commercial,1.1186455213541768
MAC002123,3021.9509995999997,0.17250548005480076,0.19464980494256556,1.573,0.01141552511415525,Commercial,1.1218654585497039
MAC002124,923.9090000000001,0.05275862265874829,0.027547570432642256,0.267,0.045662100456621,Residential,0.5124307333450508
MAC002125,3193.0229998,0.18232301717581226,0.30353964963912544,2.777,0.039954337899543384,Commercial,1.6557639859703042
MAC002127,2211.6389999,0.12659639381224955,0.19242789941678487,1.876,0.28538812785388123,Residential,1.508098259422057
MAC002128,1118.798,0.06396421016522782,0.0540195883809621,0.485,0.16552511415525115,Residential,0.8315284407148253
MAC002129,1465.978,0.08367454337899544,0.06614387392743266,0.573,0.0,Residential,0.7811541850468422
MAC002130,2135.3260003,0.12190717060401919,0.18252509662640157,1.76,0.0228310502283105,Residential,1.4850646689643412
MAC002133,1194.5790001,0.06822267276413478,0.0917746207641049,1.413,0.05707762557077625,Residential,1.3257884606220318
MAC002135,1379.251,0.0787558385199566,0.09668695454080317,1.3200001,0.039954337899543384,Residential,1.2122868536653908
MAC002136,0.068,3.882164877825988e-06,0.00017684002889632952,0.01,0.0228310502283105,Residential,0.1761561616326267
MAC002137,11135.951998800001,0.6356499799531937,0.5415992654319866,5.0939999,0.005707762557077625,Industrial,0.8507017709665282
MAC002138,4284.3540001,0.2445407534303653,0.21994384692556818,2.348,0.0,Industrial,0.8957529202497282
MAC002139,2601.1349974999994,0.148500513673213,0.37100704521095784,5.3590002,0.0228310502283105,Commercial,2.4816439495447273
MAC002141,4128.133000399999,0.235637479331012,0.2644336148157941,2.3840001,0.005707762557077625,Industrial,1.1174629461206373
MAC002142,2377.8429999999994,0.1357526261703585,0.1339823954109538,1.895,0.0228310502283105,Commercial,0.9797427600698966
MAC002143,1310.9629998,0.07483947021750299,0.09797911896812328,1.596,0.017123287671232876,Residential,1.2919277875639839
MAC002144,2139.0690001000003,0.12209994863291285,0.12260811832717858,2.0020001,0.005707762557077625,Residential,0.9960046262309912
MAC002145,5155.2300012999995,0.2942818815675305,0.26445347874919684,2.5669999,0.01141552511415525,Industrial,0.8955967001609503
MAC002146,1222.3439996000002,0.0697764584769951,0.1272599519762142,1.817,0.01141552511415525,Residential,1.798054815325046
MAC002149,3055.0550013999996,0.17440514936347545,0.33315770147986157,2.6329999,0.017123287671232876,Commercial,1.8993610090060153
MAC002150,4976.231,0.28404766253781605,0.32412500865021565,2.6099999,0.005707762557077625,Industrial,1.137090568519275
MAC002151,3216.2040006,0.18362569229803027,0.20312803670307605,2.3310001,0.028538812785388126,Commercial,1.1002154368373527
MAC002152,1359.44,0.07759803641760375,0.09138347661088088,1.147,0.005707762557077625,Residential,1.1626686972858464
MAC002153,6462.294000399999,0.3688734517038643,0.4234446772331934,3.928,0.005707762557077625,Industrial,1.1448366334013622
MAC002157,3057.9939996,0.17610100775122373,0.21755188916801335,3.589,0.8847031963470319,Commercial,1.2284057099980568
MAC002158,4358.4749997,0.24878560418402876,0.1284514921271329,1.434,0.005707762557077625,Industrial,0.5142469781104625
MAC002159,2973.9919998,0.16975809120383584,0.19091434446505332,1.541,0.005707762557077625,Commercial,1.1180398136282557
MAC002160,1733.5339998,0.09896295026545641,0.15532610701176022,2.0090001,0.017123287671232876,Residential,1.553836762513354
MAC002161,2560.5610001,0.14615908442833495,0.1289868911769975,1.452,0.005707762557077625,Commercial,0.876513275942627
MAC002162,2050.6340000000005,0.11719917700177176,0.19924704728574658,0.933,0.1312785388127854,Residential,1.68568895604713
MAC002163,10478.2199963,0.5982426489466172,0.5112159149744196,4.053,0.028538812785388126,Industrial,0.8531033561664279
MAC002165,5979.8350003000005,0.3415292135644526,0.366576048417816,3.71,0.06278538812785388,Industrial,1.0702037487638658
MAC002168,3994.759000100001,0.2280113584531964,0.10800610085230228,1.183,0.0,Commercial,0.4716189693900084
MAC002170,5620.720999200001,0.320817408630137,0.36362377516631683,4.8169999,0.0,Industrial,1.1299071007815729
MAC002172,2104.8599993,0.12014041091894977,0.1414159030502862,1.301,0.0,Residential,1.1673718289176183
MAC002173,2912.0059991000003,0.16622936403128213,0.19123091238718692,4.0289998,0.01141552511415525,Commercial,1.1435247242309372
MAC002174,4099.8660004,0.23403733305171825,0.3649862699235491,5.0180001,0.01141552511415525,Industrial,1.5528863656874312
MAC002175,1186.844,0.06849679690656202,0.09307257980790681,0.748,1.1015981735159819,Residential,1.339235532438168
MAC002177,2010.7429998,0.11575286395717,0.07165060493682748,1.573,0.8504566210045661,Residential,0.6136946239118556
MAC002178,2827.902,0.16141914492836348,0.13233892906584327,0.948,0.005707762557077625,Commercial,0.814798828821643
MAC002179,4899.4630005,0.27964971464041094,0.42842164223646606,5.1230001,0.0,Industrial,1.526535107243531
MAC002180,3314.6469996,0.189267801039228,0.22145536449524092,2.1340001,0.039954337899543384,Commercial,1.1639140374023815
MAC002181,3758.6039997999997,0.2145566845416143,0.20596171305115413,2.27,0.01141552511415525,Commercial,0.9554874788000006
MAC002184,3452.0269994,0.19710100487609913,0.23429602856211193,3.1400001,0.03424657534246575,Commercial,1.1827099449023528
MAC002185,1746.359,0.09968371482390546,0.08538245170283781,1.158,0.005707762557077625,Residential,0.848026434584487
MAC002186,1131.6649997999998,0.06460381342695666,0.08581814659560866,1.1109999,0.017123287671232876,Residential,1.3081274107816712
MAC002189,2220.5610002000003,0.12679500943299266,0.12142126361523584,1.363,0.039954337899543384,Residential,0.9501252369240695
MAC002190,6509.2489996,0.37153247714611876,0.24179621322392889,2.2290001,0.0,Industrial,0.6490607612959579
MAC002191,3735.6669998,0.21329604886376613,0.1151359241109457,2.0699999,0.03424657534246575,Commercial,0.5372750674658531
MAC002192,3179.4969995999995,0.18147813924657533,0.1484803969197647,1.649,0.0,Commercial,0.8136886836572196
MAC002194,5579.721000699999,0.31854995436743544,0.35126262008509884,2.947,0.0228310502283105,Industrial,1.099241653094397
MAC002195,2815.9399992999993,0.16096604546130097,0.2928446798271517,4.0689998,0.14840182648401826,Commercial,1.8080621712599751
MAC002196,1243.0560004999998,0.07095473488783605,0.1444263408706546,2.4089999,0.005707762557077625,Residential,2.0071832812085013
MAC002197,1429.7540004000002,0.08163492065775951,0.322246729946347,5.3610001,0.03424657534246575,Residential,3.899643484634818
MAC002198,2539.493001,0.14507243650385604,0.14461158034011917,2.1170001,0.08561643835616438,Commercial,0.9899990977168488
MAC002202,2452.9680007,0.1400415620404202,0.1636265735370994,1.992,0.0228310502283105,Commercial,1.1601301855279134
MAC002203,1522.1730000000002,0.08696640575901275,0.07331251415184341,0.9,0.09703196347031963,Residential,0.8334149101497426
MAC002204,1117.4080000000001,0.06377899543378997,0.050763506876129426,1.169,0.0,Residential,0.783641464894502
MAC002205,2421.6790001,0.13823946798150474,0.1928995636298308,1.984,0.01141552511415525,Commercial,1.3853799244295715
MAC002206,1535.7350000000001,0.08839780118574801,0.09600253751371453,1.182,0.839041095890411,Residential,1.0738802995192622
MAC002208,6020.198000100001,0.3436186073116439,0.2411800770723029,2.4920001,0.0,Industrial,0.6998463575537581
MAC002209,3934.5250002000007,0.22474010396984068,0.14095883602579987,1.206,0.07420091324200913,Commercial,0.6244297470715804
MAC002210,4203.2210009,0.23995096197408233,0.20901739329555266,2.7,0.017123287671232876,Industrial,0.867468598519376
MAC002211,2021.6559998999999,0.11543085531003767,0.10799117619094578,1.077,0.03424657534246575,Residential,0.9275133803954432
MAC002212,3994.1809999,0.22797836757420092,0.1395137263336034,1.451,0.0,Commercial,0.6092878022129915
MAC002213,20617.4030038,1.1768595812432217,0.7776975243281586,5.1960001,0.005707762557077625,Industrial,0.6602633596674614
MAC002214,2967.4170001,0.16987731853102817,0.161745404244402,1.614,0.2968036529680365,Commercial,0.9465586517559499
MAC002216,1655.8410000000001,0.09452226281538989,0.09050018027221261,1.021,0.01141552511415525,Residential,0.9474250044423346
MAC002218,4050.6039999,0.24179823304083095,0.17976742178711003,1.9859999,4.383561643835616,Commercial,0.7403983939079114
MAC002220,1695.9720000000002,0.0968075803413437,0.04819905492446849,0.726,0.005707762557077625,Residential,0.4927946766115278
MAC002221,2423.8710002,0.1383645964265327,0.17428322984060474,2.757,0.01141552511415525,Commercial,1.2505559827203296
MAC002223,4599.6929984,0.2632608172161172,0.3375460942142323,3.967,0.273972602739726,Industrial,1.277321767828263
MAC002224,1522.0369997999999,0.08687921683886066,0.14513706746761712,1.575,0.005707762557077625,Residential,1.6515516715829075
MAC002228,1460.489,0.08338028088604704,0.08184312153692269,1.368,0.0228310502283105,Residential,0.9699318451837022
MAC002229,1716.4009998999998,0.09797368570694673,0.14308456220729765,3.3429999,0.005707762557077625,Residential,1.4456828720207484
MAC002231,8484.6399963,0.4842831048116439,0.6883070771921964,6.2140002,0.0,Industrial,1.4183619218710561
MAC002233,3702.1579997,0.21131038811073058,0.13451815300152983,1.607,0.0,Commercial,0.633591950909966
MAC002235,5105.5190015,0.2914774492749486,0.2599399494058731,2.5009999,0.0228310502283105,Industrial,0.8887521073855918
MAC002237,1186.3139999999999,0.06771971686265554,0.04763546486275007,0.326,0.01141552511415525,Residential,0.6931848243489588
MAC002239,2853.6510000000003,0.1628889206004909,0.1408681212933867,1.357,0.005707762557077625,Commercial,0.8595341331021296
MAC002241,6367.245,0.36342722602739724,0.5788239270519758,4.0479999,0.0,Industrial,1.5883114260196918
MAC002244,1603.9769999999999,0.09156687789004966,0.07438724756337406,0.885,0.017123287671232876,Residential,0.8036054500156173
MAC002245,2311.7919996,0.13196666283822353,0.19428939473683124,3.9560001,0.01141552511415525,Commercial,1.4611887716037304
MAC002248,2801.4539999,0.15990946971288314,0.09868071523288678,1.3329999,0.005707762557077625,Commercial,0.6132685379484907
MAC002249,4654.2080007,0.2656663051943604,0.24224050013134035,2.4289999,0.005707762557077625,Industrial,0.908403106852149
MAC002250,1202.897,0.06867026317291773,0.04368469218831149,0.538,0.017123287671232876,Residential,0.6270206282971618
MAC002251,1001.101,0.057143729664935215,0.06347254899477174,0.691,0.005707762557077625,Residential,1.091649079970358
MAC002252,4399.2780005,0.2512293986922506,0.2294971300752573,2.1659999,0.05136986301369863,Industrial,0.9098746270860784
MAC002253,5479.8350002,0.3128116794268752,0.3192749712640426,3.1040001,0.01141552511415525,Industrial,1.0174094598618673
MAC002254,4796.8259989,0.2738226965920767,0.2440509069293165,3.901,0.01141552511415525,Industrial,0.8880303917968055
MAC002255,2177.5660000000003,0.1243115830336245,0.0877196923546715,1.092,0.017123287671232876,Residential,0.7000126423359757
MAC002256,3445.0120005,0.196666780870012,0.2669228969656644,3.569,0.017123287671232876,Commercial,1.3503680071624986
MAC002257,1443.692,0.08240721502368857,0.06360865970668123,0.88,0.005707762557077625,Residential,0.7626277857211233
MAC002258,392.535,0.022408802877205,0.06285510291328471,1.278,0.017123287671232876,Residential,2.685105395735195
MAC002259,3378.9219995999997,0.19286084472602738,0.2556861941619353,1.3380001,0.0,Commercial,1.3189161252406703
MAC002261,2551.818,0.14565171232876714,0.10447733697758346,1.358,0.0,Commercial,0.7124181185376397
MAC002262,2430.6229999999996,0.138750028542071,0.09827906250347426,0.712,0.01141552511415525,Commercial,0.7032489619412698
MAC002263,5109.0659995999995,0.2916466491380294,0.2192339100993106,2.381,0.01141552511415525,Industrial,0.7491420480810186
MAC002266,1935.9950001000002,0.11051461354606691,0.08688502644131801,2.069,0.01141552511415525,Residential,0.7791357892786458
MAC002267,6148.2089986,0.35096523567758875,0.2851930597227448,2.4319999,0.01141552511415525,Industrial,0.8102875818792246
MAC002269,5271.5619981,0.3008882419006849,0.42866363912409183,4.1630001,0.0,Industrial,1.4199414870391456
MAC002270,1043.8619998000001,0.059584565317655123,0.0960509257781597,1.307,0.005707762557077625,Residential,1.5854025736513655
MAC002271,1118.528,0.06392684460193176,0.05133825687260797,0.595,0.1312785388127854,Residential,0.7907092541977699
MAC002272,4286.3599996,0.24465525111872147,0.2947717824602066,2.8469999,0.0,Industrial,1.1999408973258539
MAC002273,735.9110001,0.04259237180807964,0.11426871663984405,1.655,1.3812785388127853,Residential,2.6213007436926126
MAC002274,2717.6399999000005,0.15642894145513156,0.11622655403343302,2.457,0.839041095890411,Commercial,0.7382794609373554
MAC002276,1648.163,0.09408397077291929,0.08843271650826935,1.653,0.01141552511415525,Residential,0.9300486274333816
MAC002278,1436.392,0.08199520493206987,0.05456001051869494,0.369,0.01141552511415525,Residential,0.6573875028485243
MAC002279,2892.5749998999995,0.16512016211325492,0.17267592359253237,1.267,0.01141552511415525,Commercial,1.0394639723190733
MAC002282,2336.5550006,0.1334030831059092,0.1849556134923443,2.2550001,0.028538812785388126,Commercial,1.376126270456161
MAC002283,3704.8810000999997,0.21148995319671193,0.2607770286948295,2.1370001,0.01141552511415525,Commercial,1.2272440403495968
MAC002284,1388.691,0.07927223427331888,0.08264771011155857,1.15,0.01141552511415525,Residential,1.0295927459817729
MAC002285,2321.9220002,0.1325449252311908,0.13773329154814623,1.931,0.01141552511415525,Commercial,1.031362976239678
MAC002286,3138.500999,0.1791484102403105,0.1647512358981418,1.772,0.005707762557077625,Commercial,0.9145306121678815
MAC002287,2907.8550001000003,0.16643895598992617,0.1637479894450896,2.122,0.2796803652968036,Commercial,0.9779563452064366
MAC002288,1804.9979999,0.10303088075232604,0.06596892165396907,1.0779999,0.005707762557077625,Residential,0.6341282624630097
MAC002289,1787.59,0.10206051955466743,0.10109410766743125,1.255,0.028538812785388126,Residential,0.9809198333587567
MAC002293,3801.8049994000003,0.21704755648549898,0.22661277968730142,2.6930001,0.0228310502283105,Commercial,1.039281445478487
MAC002294,909.8550000000001,0.06276593543046359,0.02941702489198004,0.902,17.26027397260274,Residential,0.4613282106409173
MAC002295,3096.6570007,0.17677000803173878,0.1892014975888758,1.891,0.01141552511415525,Commercial,1.0643049391947828
MAC002296,4087.4020006000005,0.23329920094748863,0.3046300708239606,2.036,0.0,Industrial,1.3001754576714695
MAC002297,1748.3959999,0.10232915836942527,0.11384329258988822,1.709,2.4771689497716896,Residential,1.1017537971505829
MAC002299,2612.9530001000003,0.1491411529737443,0.11995825999652496,1.604,0.0,Commercial,0.7989698868071332
MAC002301,1322.1290000000001,0.07546398401826485,0.051436018318619894,0.63,0.0,Residential,0.6726829497444633
MAC002302,3190.6009988,0.18211192915525115,0.18467266596222517,2.3150001,0.0,Commercial,1.0085234032221393
MAC002303,1774.9869999,0.10132360999543327,0.10207400382059345,1.2869999,0.01141552511415525,Residential,0.9975606199307182
MAC002304,1096.5599998000002,0.0625961867678959,0.13129104077107034,1.596,0.01141552511415525,Residential,2.0644483174791164
MAC002305,4122.7779997,0.2353721169045444,0.1620981971637949,2.174,0.0228310502283105,Industrial,0.6857754598409591
MAC002306,5227.4250005,0.29840307115538306,0.18222466084724398,2.1110001,0.01141552511415525,Industrial,0.608626558652345
MAC002307,2598.3970003,0.14838655703843298,0.15895980755371858,2.2590001,0.05136986301369863,Commercial,1.0640837482640602
MAC002308,2160.2450012,0.12339321421145827,0.21275158771791536,1.83,0.07420091324200913,Residential,1.71031506072554
MAC002309,2506.6130021999998,0.1431532268532267,0.30033286364148143,1.6720001,0.05707762557077625,Commercial,2.0834279620203926
MAC002310,4061.0530003999997,0.2318349603470914,0.265571615027517,2.6199999,0.017123287671232876,Industrial,1.1406002544962512
MAC002311,2886.4000001,0.16476766754766525,0.12245933340389185,2.2060001,0.01141552511415525,Commercial,0.7387407642004711
MAC002312,6115.751,0.35005157117509017,0.1628454664460637,1.548,0.2796803652968036,Industrial,0.46387904176290684
MAC002314,5929.419999600001,0.3385338281244648,0.33380365549380336,2.0680001,0.028538812785388126,Industrial,0.983123411701526
MAC002315,807.1890000000001,0.0460776915172965,0.07091717264948282,0.814,0.01141552511415525,Residential,1.5063859412781022
MAC002316,4846.846999899999,0.27670969398835343,0.12683352179418764,1.893,0.0228310502283105,Industrial,0.45671261947199715
MAC002317,3473.9179994000006,0.19830562846215324,0.26279314564325473,1.965,0.01141552511415525,Commercial,1.3185435236875778
MAC002319,1342.2540000000001,0.07661704435184657,0.09810588506775332,0.935,0.005707762557077625,Residential,1.2639734724119174
MAC002320,3110.41,0.17753481735159818,0.1886482107848666,2.6800001,0.0,Commercial,1.0566466170761055
MAC002321,5945.376999100001,0.3393480022317352,0.39910972517027143,4.1690001,0.0,Industrial,1.1726518814660962
MAC002322,2166.3489999000003,0.1236641739867565,0.0957399992961328,1.669,0.01141552511415525,Residential,0.7679832644325193
MAC002323,3177.8419999999996,0.18154947440585006,0.1333145861033446,2.3269999,0.091324200913242,Commercial,0.7302929057300662
MAC002326,4183.5349992,0.23879987437639136,0.1579719201866299,2.3940001,0.005707762557077625,Industrial,0.6587656503050381
MAC002327,5321.8670003,0.3038462460919212,0.2915093043022472,3.0020001,0.028538812785388126,Industrial,0.95625026727194
MAC002329,877.159,0.05007186893480991,0.09279133659392544,0.918,0.01141552511415525,Residential,1.8168776379099785
MAC002330,4161.342998200001,0.23830849835070442,0.2240105119076486,2.612,0.3310502283105023,Industrial,0.9360742031792086
MAC002331,1632.4559997000001,0.0932778698188675,0.11473861448406823,1.79,0.1084474885844749,Residential,1.2170259542829212
MAC002332,4402.0980001,0.25128998744719716,0.2932325324121409,2.9159999,0.01141552511415525,Industrial,1.1622836695947467
MAC002333,1345.252,0.07678378995433789,0.07523771525133516,1.3,0.0,Residential,0.9672672840382632
MAC002335,6454.3550008,0.3684413175476653,0.31753950654891233,2.8989999,0.01141552511415525,Industrial,0.859512705987314
MAC002337,1720.8539999,0.11000792686185513,0.09706394786517904,1.229,10.713470319634704,Residential,0.8743875379816001
MAC002339,4357.8310012,0.24877724503054177,0.37002086591003447,3.428,0.017123287671232876,Industrial,1.4814034235375997
MAC002340,2215.4379999000002,0.12647359707141637,0.19716864587485114,2.562,0.017123287671232876,Residential,1.5467410538700694
MAC002341,4445.422,0.2537775874864417,0.32013710566848685,2.536,0.017123287671232876,Industrial,1.2565355878704336
MAC002342,3943.5340000999995,0.2251004052799817,0.1134280292901655,1.706,0.005707762557077625,Commercial,0.5016710569346693
MAC002343,6250.7720006,0.35710534738345523,0.325830485314529,2.03,0.091324200913242,Industrial,0.909873275267329
MAC002345,2663.0190000000002,0.15205955575857935,0.0787298716846765,1.229,0.039954337899543384,Commercial,0.514374102907087
MAC002347,1662.042,0.09488707467458324,0.07371572676093603,1.011,0.0228310502283105,Residential,0.768776469728676
MAC002348,5288.122,0.3018334474885845,0.19343043587464112,2.2219999,0.0,Industrial,0.6387353757610695
MAC002349,7084.4189988,0.4044772480045675,0.3833196586400215,3.6370001,0.028538812785388126,Industrial,0.9453542967611923
MAC002350,3723.3649998,0.21255723010789518,0.16635203182002503,1.475,0.017123287671232876,Commercial,0.7789576205684035
MAC002353,3206.5280006000003,0.18302100460045664,0.1733279047248115,2.0,0.0,Commercial,0.9418919601115001
MAC002354,3620.4000007000004,0.20665563106912496,0.21348730846304648,2.26,0.005707762557077625,Commercial,1.0280834059923964
MAC002355,1121.0290000000002,0.06419084974805316,0.07476045805280947,2.171,0.31963470319634707,Residential,1.1467937347302655
MAC002356,2396.3419998,0.1367775114041096,0.14134078920526894,1.589,0.0,Commercial,1.0258625501712542
MAC002358,3794.7520008,0.21659543383561644,0.1780392016146758,1.642,0.0,Commercial,0.8182120298957026
MAC002359,4437.1300001,0.25333314302597776,0.13213299221876076,1.3789999,0.028538812785388126,Industrial,0.519527225774364
MAC002360,2618.9520001,0.14949209430332783,0.1652482322022297,1.7130001,0.005707762557077625,Commercial,1.0980525785571154
MAC002361,10775.565002299998,0.615289499360475,0.4046440099544329,2.7750001,0.039954337899543384,Industrial,0.656581055452564
MAC002362,3820.8979998,0.2181126840849412,0.23745293930022662,3.1340001,0.01141552511415525,Commercial,1.0837023894434867
MAC002363,3116.2089998,0.17790642839689427,0.13013731499967743,2.145,0.0228310502283105,Commercial,0.7274043541407847
MAC002364,1446.9709999999998,0.08258966894977168,0.06530560226155717,1.074,0.0,Residential,0.7812640375546738
MAC002365,1632.7499999000001,0.09319349314497717,0.11184999747321656,1.288,0.0,Residential,1.187449299720348
MAC002366,1585.106,0.09047408675799087,0.066620592471486,1.339,0.0,Residential,0.7283001649171014
MAC002367,5927.7520009,0.3384772455261805,0.3971046272750239,3.756,0.039954337899543384,Industrial,1.1697532971893962
MAC002368,2730.9450001,0.1558936522491152,0.11263351285850548,1.419,0.01141552511415525,Commercial,0.7178971949717021
MAC002369,5645.4600008,0.3222294521004566,0.22485620942639728,3.9219999,0.0,Industrial,0.6956550771138087
MAC002370,3343.2669996000004,0.1908366344882699,0.21448779111465677,1.859,0.005707762557077625,Commercial,1.1180752398352354
MAC002371,1093.0900000000001,0.06240522950445308,0.060260859182029454,1.159,0.0228310502283105,Residential,0.950408344122423
MAC002372,2630.1599999,0.1501318568354358,0.17918647638266122,1.8430001,0.005707762557077625,Commercial,1.1856300857718798
MAC002375,1802.005,0.10287765471568852,0.11158828295931524,1.443,0.0228310502283105,Residential,1.0742279777564345
MAC002376,5713.1509989,0.32611170722643984,0.22748577600391062,2.595,0.005707762557077625,Industrial,0.6954375859327953
MAC002377,3282.7540002,0.1874895196870181,0.19281563285689116,1.6440001,0.06278538812785388,Commercial,1.0229514785599563
MAC002378,3711.2720001999996,0.219031633628423,0.12402959224686157,1.312,3.287671232876712,Commercial,0.5636898213295809
MAC002379,4215.4500004,0.24063534652357577,0.1937852601174018,1.735,0.01141552511415525,Industrial,0.8019739781675305
MAC002380,7703.8669975,0.4397686378296609,0.4216742767404125,3.4649999,0.01141552511415525,Industrial,0.9566794017304208
MAC002381,3427.4479998,0.19567526831468374,0.18164475315350823,2.2509999,0.0228310502283105,Commercial,0.9235769942506119
MAC002383,2294.4059999,0.13098167493863105,0.11631853627683564,1.21,0.017123287671232876,Residential,0.8813233831963531
MAC002384,1962.1179996,0.11199942916833153,0.15192876055204213,1.387,0.005707762557077625,Residential,1.3445090977027756
MAC002385,4982.7979988,0.2844712262388673,0.25054673207273437,2.2969999,0.0228310502283105,Industrial,0.877660194947599
MAC002386,2526.6769996,0.14438979367963883,0.18166164992380407,1.763,0.11986301369863014,Commercial,1.2494800723363633
MAC002387,1408.8819999,0.08043859548387097,0.1295195482343894,1.62,0.028538812785388126,Residential,1.5903951617147047
MAC002388,121.20200000000001,0.0069179223744292246,0.00245323836339387,0.011,0.0,Residential,0.3098335961611035
MAC002389,3999.2420001,0.2282802671442434,0.2160288430127066,2.1830001,0.005707762557077625,Commercial,0.942204253786916
MAC002390,1611.114,0.09196906039502227,0.08776704272962484,0.998,0.01141552511415525,Residential,0.9440457110860941
MAC002391,3114.9699995,0.1777950912956621,0.16290516394861096,1.48,0.0,Commercial,0.9111277203870493
MAC002392,1142.796,0.06529143575387077,0.08836986943476971,1.452,0.09703196347031963,Residential,1.3330510710745886
MAC002393,3321.9069998,0.18977987887340036,0.1183278709088709,1.538,0.091324200913242,Commercial,0.6202324459352031
MAC002394,4667.2880002,0.2665194152695295,0.2809923822317317,3.6659999,0.045662100456621,Industrial,1.050362576296109
MAC002395,4357.755999700001,0.24874456302871173,0.1997984906527658,2.2709999,0.005707762557077625,Industrial,0.8000113725390534
MAC002396,8950.6110002,0.5108796232990868,0.40545762759200843,3.296,0.0,Industrial,0.7920956590903465
MAC002397,4588.8699998,0.26195170680442975,0.1546118164171998,1.7640001,0.01141552511415525,Industrial,0.5879855974169138
MAC002399,2084.3679997,0.1189843589279598,0.1480593237479424,1.3200001,0.01141552511415525,Residential,1.2339885387631164
MAC002400,1909.4660006,0.10898778542237443,0.1611137664072815,3.1930001,0.0,Residential,1.464833261153258
MAC002401,5413.7250007,0.30944412693340956,0.2717487008867905,2.6489999,0.14269406392694062,Industrial,0.8753546203986675
MAC002402,4168.8800001,0.23814006626870787,0.14466471527806507,1.048,0.07990867579908677,Industrial,0.6049371714880838
MAC002403,2770.4249998000005,0.19306097559581886,0.16440018240809381,1.574,18.093607305936075,Commercial,0.8471573530089781
MAC002405,4028.1819988999996,0.22994531332914714,0.2758367750895293,3.0829999,0.01141552511415525,Commercial,1.194381349910323
MAC002406,2367.2839991,0.13518067605641845,0.1404020369939366,2.174,0.045662100456621,Commercial,1.0309982374868611
MAC002407,3824.5099992,0.21835626601198974,0.25097993693435655,3.4460001,0.028538812785388126,Commercial,1.1441657970264607
MAC002408,3163.9490005,0.18061131410549147,0.17238820027832893,1.763,0.01141552511415525,Commercial,0.9492150922832641
MAC002410,1544.5520000000001,0.08832572768342198,0.08594307738458154,0.686,0.18835616438356165,Residential,0.9621312875185429
MAC002411,6536.393999100001,0.3730818492636987,0.25947820029751584,2.3039999,0.0,Industrial,0.6936401774324096
MAC002412,4070.8999986999997,0.2323970998858252,0.22982631765722605,1.9,0.017123287671232876,Industrial,0.9847008286292078
MAC002414,5096.6659987,0.2909221986814316,0.2454481443596872,2.332,0.005707762557077625,Industrial,0.8407998619780864
MAC002415,4685.7190005,0.2674802489154013,0.25638285281206635,2.4909999,0.01141552511415525,Industrial,0.9549412064678663
MAC002416,1285.0929999999998,0.07335843132777714,0.05623358261540304,0.597,0.01141552511415525,Residential,0.756250254493959
MAC002417,741.9810000000002,0.04235051369863015,0.04241974825114478,0.643,0.0,Residential,0.9785293098495673
MAC002419,2387.2640007,0.13627491726795296,0.22884359489088735,4.598,0.01141552511415525,Commercial,1.6670459501658081
MAC002420,3632.5980003,0.20735190366459272,0.1798611438755446,1.839,0.005707762557077625,Commercial,0.8632565419948701
MAC002422,1330.9249999,0.07596603880707763,0.15333502196657253,4.4429998,0.0,Residential,1.992242609119078
MAC002423,981.441,0.05602151949312176,0.05380389864577333,0.859,0.005707762557077625,Residential,0.9435718150629684
MAC002424,3013.3309996000003,0.17200359607283522,0.12543323617323496,1.9859999,0.005707762557077625,Commercial,0.7250325370140113
MAC002425,1573.49,0.08994455241797188,0.06726792869263737,0.608,0.14840182648401826,Residential,0.7396586920729549
MAC002427,1722.2669999000002,0.09830852217021521,0.1511434723217159,2.0050001,0.005707762557077625,Residential,1.5219587304164628
MAC002428,4776.219999999999,0.27261529680365293,0.17816084172857147,1.582,0.0,Industrial,0.6511362625183202
MAC002429,1438.867,0.08212711187214612,0.08590139263331123,0.904,0.0,Residential,1.0333739582512154
MAC002430,1281.0179999999998,0.07312163936297733,0.12838367745629992,1.026,0.005707762557077625,Residential,1.7320674307754946
MAC002431,2389.9389997999997,0.13678680172847985,0.13849945786522924,1.9529999,0.273972602739726,Commercial,1.0051721654600398
MAC002434,2305.5130011,0.13159320782534248,0.18161586268116242,3.6110001,0.0,Commercial,1.3697222177503594
MAC002435,1689.6579999,0.09644717163650894,0.10866264081975856,1.331,0.005707762557077625,Residential,1.1150928138282434
MAC002436,4730.9199989,0.270075926180282,0.3438429464217009,2.892,0.017123287671232876,Industrial,1.2684377814982524
MAC002437,4616.692000200001,0.2635248587362293,0.160953039378656,1.809,0.005707762557077625,Industrial,0.6084609217735191
MAC002440,3030.8829999,0.17303511075017128,0.11521462236271558,1.714,0.0228310502283105,Commercial,0.6620194158873324
MAC002441,16616.9390086,0.9485637063934238,0.8707390389802508,5.9000001,0.01141552511415525,Industrial,0.9169885423353425
MAC002442,2404.9530003,0.15563016891865658,0.17414770639106697,1.844,11.79794520547945,Commercial,1.1118401237344502
MAC002443,9729.7339989,0.5553818139676922,0.5912657021766747,5.9429998,0.005707762557077625,Industrial,1.0626977505972333
MAC002449,3299.8260009000005,0.21089192822266253,0.1896997803028409,2.099,10.690639269406391,Commercial,0.8952666668052526
MAC002450,716.7300000000001,0.040916252783010795,0.049508251013418395,0.916,0.017123287671232876,Residential,1.181123018551046
MAC002451,4703.7960008,0.31713834956850057,0.2748447162907445,2.3150001,15.342465753424658,Industrial,0.8639157041693453
MAC002453,2028.0320003999998,0.11578829576934055,0.19508098589262354,1.33,0.028538812785388126,Residential,1.6703813049717993
MAC002454,1288.3330000000003,0.07355178122859102,0.08006419635031188,1.05,0.0228310502283105,Residential,1.0739407567582948
MAC002456,3090.121,0.17641704727106647,0.13792138254722638,1.35,0.0228310502283105,Commercial,0.7773851761635021
MAC002458,4401.9080001,0.25125045662671236,0.2066637999593171,2.4360001,0.0,Industrial,0.8192801817803813
MAC002459,1683.7909999,0.09612325169264144,0.11445993918825545,1.6849999,0.017123287671232876,Residential,1.1785019260936413
MAC002460,1328.169,0.07587369323050558,0.04468792338860027,0.883,0.08561643835616438,Residential,0.5813162020797367
MAC002461,1787.3789999000003,0.10203099668341137,0.09915222588126289,1.459,0.01141552511415525,Residential,0.962353360376907
MAC002465,1084.4150000000002,0.061895833333333344,0.13666842292791576,1.724,0.0,Residential,2.1729328587412904
MAC002466,4318.0319988,0.2464770819567327,0.251306793284344,1.9119999,0.005707762557077625,Industrial,1.0154750140794082
MAC002467,1586.8909999,0.0905966544816168,0.12304447001754876,1.498,0.0228310502283105,Residential,1.3433293029522542
MAC002468,2421.1749999000003,0.13820280837376564,0.08605112430588811,1.457,0.005707762557077625,Commercial,0.6181708926075477
MAC002469,948.6110000000001,0.05414446347031964,0.06566906871702285,0.648,0.0,Residential,1.1908551572429
MAC002474,1651.3749992999997,0.0942888545906132,0.19697482476922448,2.2349999,0.03424657534246575,Residential,2.0671339330867373
MAC002475,9370.1839977,0.5348889141283252,0.36810298675993935,3.9890001,0.01141552511415525,Industrial,0.6869016638619857
MAC002477,2617.5080003,0.1502415337102514,0.15748027560840325,1.744,0.5593607305936072,Commercial,1.0412501893170698
MAC002478,5085.234998100001,0.29025313916095896,0.3375583623761575,2.9030001,0.0,Industrial,1.1589861772772456
MAC002479,3024.1300004000004,0.17277780954122152,0.22900533328587824,2.4419999,0.09703196347031963,Commercial,1.3178053854543281
MAC002480,4933.0630008,0.28159966895764355,0.23818347305588983,2.925,0.01141552511415525,Industrial,0.8428299790103049
MAC002481,4745.303999500001,0.2708506849029681,0.20141169203036957,2.3239999,0.0,Industrial,0.7408908758212606
MAC002483,1404.4299999999998,0.08017068158465578,0.06129780862978266,0.468,0.01141552511415525,Residential,0.7551717865748485
MAC002485,4428.235999900001,0.2527676237171072,0.22433013718309464,1.863,0.005707762557077625,Industrial,0.8839982575285938
MAC002487,3157.9789998999995,0.18024994291666663,0.13426926927378613,1.781,0.0,Commercial,0.7407962017153251
MAC002489,5399.339999700001,0.3082694832829004,0.15620344140344677,1.546,0.028538812785388126,Industrial,0.5050722746562151
MAC002492,6882.241998000001,0.39282203184931513,0.40329336461680504,3.1140001,0.0,Industrial,1.0240497788379546
MAC002493,4694.1760001,0.26799360585179266,0.18428121679078902,1.807,0.0228310502283105,Industrial,0.6850765697840505
MAC002494,4527.3599999,0.2584109588984018,0.2545808389749611,2.0610001,0.0,Industrial,0.9813804322533172
MAC002498,1033.636,0.06525479797979798,0.09706502534308936,1.268,9.58904109589041,Residential,1.4650263573769533
MAC002499,3243.9470003000006,0.1851673611678749,0.15825444535031577,1.8940001,0.005707762557077625,Commercial,0.8500654698951827
MAC002500,6650.696003,0.38119424560096293,0.46848862512957606,4.836,0.4166666666666667,Industrial,1.225786705377847
MAC002501,2224.2630000000004,0.12696289742565217,0.0895967676169225,1.138,0.005707762557077625,Residential,0.7001777032204135
MAC002502,7154.6509991,0.40858037799668784,0.32613397744002365,3.207,0.05136986301369863,Industrial,0.7962636760950033
MAC002504,2573.9649999999997,0.14693258362826805,0.053856152922249566,0.963,0.01141552511415525,Commercial,0.364058759749521
MAC002505,6103.511,0.34839380101603973,0.29500894567643765,2.6830001,0.005707762557077625,Industrial,0.8443451052037829
MAC002506,2485.7160000000003,0.1418787671232877,0.1066494975468335,1.591,0.0,Commercial,0.7464334952919032
MAC002509,2829.8139991,0.16151906387557077,0.18247529194117112,2.5799999,0.0,Commercial,1.1227931517060632
MAC002510,4249.7199992,0.2749560040890269,0.5289809480009801,6.8969998,11.78082191780822,Industrial,1.9169032025493606
MAC002511,4749.2270012,0.27113650383649235,0.3452207147656802,5.4829998,0.0228310502283105,Industrial,1.2685571758983831
MAC002512,6398.537000599999,0.365526249677235,0.40233113535023834,3.9289999,0.08561643835616438,Industrial,1.0976870980033036
MAC002513,1072.1480001,0.06119915520863063,0.19661818367751013,1.913,0.005707762557077625,Residential,3.1611069799582707
MAC002514,2670.6780002000005,0.15245336226738215,0.1968968709833257,1.944,0.01141552511415525,Commercial,1.2831056164168377
MAC002515,4067.4779983000003,0.23220174677741623,0.30470271188742426,3.1010001,0.017123287671232876,Industrial,1.3066056155156225
MAC002516,5053.706000599999,0.2886347593009309,0.19281905314505307,2.0239999,0.06278538812785388,Industrial,0.665731743007799
MAC002517,3968.6129994000003,0.2265190068150685,0.251364430116522,2.322,0.0,Commercial,1.1048062912864043
MAC002518,2569.9139999,0.1466845890353881,0.08436930430689185,1.627,0.0,Commercial,0.571280354016324
MAC002519,3521.2109996,0.20099383524173753,0.3653956308290708,2.8900001,0.005707762557077625,Commercial,1.8089444679922089
MAC002521,1028.9960001,0.058742707090255177,0.10045814599646476,1.485,0.017123287671232876,Residential,1.6815131233457414
MAC002522,1249.7459999999999,0.07134475081349545,0.10660185572116959,1.181,0.017123287671232876,Residential,1.4735257848352932
MAC002523,4115.6669999999995,0.23493931955702702,0.17544391059736203,1.643,0.01141552511415525,Industrial,0.7435975950373837
MAC002524,1747.6930002999998,0.10058664749928056,0.11175340602276114,1.995,0.8276255707762556,Residential,1.1000796735964002
MAC002525,2474.579,0.14124309360730594,0.12877772284521838,1.353,0.0,Commercial,0.9053355040262148
MAC002526,5789.7829984,0.3304859294708602,0.3335008201664491,4.052,0.005707762557077625,Industrial,1.006078359642007
MAC002527,1659.546,0.09472294520547946,0.09586164599574809,1.15,0.0,Residential,1.0014489816414538
MAC002528,1183.4199999,0.06755065927849763,0.10016536863882397,2.086,0.005707762557077625,Residential,1.4611875318643794
MAC002529,2172.273,0.12408734148292015,0.1112478656018323,1.196,0.07990867579908677,Residential,0.8893614995968434
MAC002530,758.0020003,0.04326742395684685,0.1569829986562642,2.9760001,0.005707762557077625,Residential,3.5462420132984405
MAC002531,3150.5560003,0.179949508813114,0.19951582337749163,2.0420001,0.0684931506849315,Commercial,1.1026049459109228
MAC002532,2243.8390001999996,0.1281095632429346,0.1297573237552045,1.329,0.028538812785388126,Residential,1.0050171381267168
MAC002535,7078.4579988000005,0.4041369111504425,0.46374503491901065,4.0240002,0.028538812785388126,Industrial,1.1446625132282868
MAC002537,1716.346,0.0979761388286334,0.07750034059963612,0.722,0.01141552511415525,Residential,0.7830204483306796
MAC002538,3052.3769998000002,0.1742323762657686,0.19035931475595105,4.5510001,0.005707762557077625,Commercial,1.0863250205957373
MAC002539,1364.0950002999998,0.07786374794794222,0.1496645635929472,1.863,0.005707762557077625,Residential,1.8977612336119305
MAC002540,3019.0289999,0.17231900684360732,0.14915380124527258,2.017,0.0,Commercial,0.8605738283502861
MAC002541,2707.0960004,0.15455872111904082,0.27364450552567127,3.9920001,0.028538812785388126,Commercial,1.7591074518815675
MAC002542,1857.0120012000002,0.10599988590672985,0.2589988272123868,2.701,0.005707762557077625,Residential,2.4205523680478698
MAC002543,1242.2200001,0.07091511104070332,0.10253199363577732,1.62,0.017123287671232876,Residential,1.42573642940974
MAC002544,5747.3970006,0.3280852266582943,0.37181425043534444,3.7520001,0.01141552511415525,Industrial,1.1298418169996365
MAC002545,883.6000000000001,0.05647449827431932,0.029741422460251337,0.993,10.69634703196347,Residential,0.5174716326934925
MAC002546,2718.3959996999997,0.15516844567041496,0.1278301769258166,1.267,0.005707762557077625,Commercial,0.8185403675950983
MAC002547,3317.9950004,0.18941571047553807,0.1638579222412724,1.585,0.017123287671232876,Commercial,0.8605273264063081
MAC002548,1794.2560001,0.10244695672604773,0.10127478091068289,1.476,0.03424657534246575,Residential,0.9790020326927811
MAC002549,6513.9970002,0.37286760161419574,0.28137276130346145,3.467,0.28538812785388123,Industrial,0.7526000115779429
MAC002550,3565.3849997999996,0.2036315609001085,0.21820520590375042,1.85,0.06278538812785388,Commercial,1.0663321187794093
MAC002551,3474.6700004000004,0.19834855579404043,0.24042231313148174,2.6199999,0.01141552511415525,Commercial,1.2060399041961318
MAC002553,5126.133999,0.29263766620996745,0.2307938345545095,2.589,0.017123287671232876,Industrial,0.7859817084552052
MAC002554,1689.9210000000003,0.0964566780821918,0.055546519098226936,0.613,0.0,Residential,0.569961137515695
MAC002555,2706.655999,0.15450713546066902,0.1644767731521418,2.7869999,0.01141552511415525,Commercial,1.0576799107314363
MAC002556,1739.1240001999997,0.09927073464238825,0.17070502478712862,1.7460001,0.005707762557077625,Residential,1.702441149912201
MAC002557,6203.585996100001,0.36006651553195196,0.43651154389641583,4.033,1.6609589041095891,Industrial,1.208950498368181
MAC002558,6319.777000599999,0.36071786533105016,0.34206095703721734,3.3829999,0.0,Industrial,0.9456567944858281
MAC002559,2691.594,0.1536561054975167,0.06846042406483765,1.095,0.017123287671232876,Commercial,0.442662278638181
MAC002561,4089.8009991999998,0.23410423578706352,0.18105539545723326,2.608,0.28538812785388123,Industrial,0.7701069053524715
MAC002562,2940.6949996,0.16787663410401324,0.1882437805405473,1.605,0.017123287671232876,Commercial,1.1146822148563524
MAC002563,4149.1440012,0.23682328773972605,0.29092990024218,2.296,0.0,Industrial,1.2233028270998165
MAC002564,22.162000000000006,0.0012649543378995436,0.006589043665837353,0.452,0.0,Residential,2.909128698792158
MAC002565,1966.0189999,0.11222850781481904,0.12007148114312172,1.7869999,0.01141552511415525,Residential,1.060435074703043
MAC002567,4002.0050003000006,0.24670231785846386,0.2773052172811777,2.6670001,7.408675799086758,Commercial,1.1195099814916905
MAC002569,5904.283001300001,0.3370024544121005,0.2603957893680831,2.727,0.0,Industrial,0.7703961494037036
MAC002570,5460.9500003,0.311733645410435,0.2731874066497395,2.915,0.01141552511415525,Industrial,0.8735465808010692
MAC002571,2646.1559993,0.15104492261544608,0.1528157509789546,1.8150001,0.005707762557077625,Commercial,1.0050697409045228
MAC002572,626.711,0.03577934459922357,0.029818692938824536,0.665,0.0228310502283105,Residential,0.8107456308357931
MAC002573,1580.1280001999999,0.09020025118164174,0.12558616072399836,1.931,0.01141552511415525,Residential,1.3770374433933399
MAC002575,2401.7960007,0.13709663797591187,0.1434469455997094,2.346,0.005707762557077625,Commercial,1.0387432141883917
MAC002576,3229.3639989999997,0.18432442916666664,0.17578996264363625,1.845,0.0,Commercial,0.9485525650023408
MAC002577,1412.559,0.08063471857517981,0.07122374066606822,0.865,0.01141552511415525,Residential,0.8724687474787604
MAC002579,2646.3659998000003,0.1510655325836283,0.09829372548242025,1.258,0.01141552511415525,Commercial,0.6463905647281623
MAC002580,1157.845,0.06609081568582682,0.1211789172074986,1.183,0.005707762557077625,Residential,1.806192337487083
MAC002581,1237.2200000000003,0.07061757990867581,0.04744264055928952,0.686,0.0,Residential,0.6624440621951577
MAC002582,3360.3730007000004,0.1918130601461271,0.21143823870594255,2.125,0.005707762557077625,Commercial,1.096597079812436
MAC002583,4482.542999799999,0.2558675152577201,0.269199366561862,2.184,0.005707762557077625,Industrial,1.0480086058829552
MAC002584,2655.4649994,0.15158494116908325,0.20781295985652057,2.221,0.01141552511415525,Commercial,1.3619493395894011
MAC002587,1760.9210011999999,0.10051492671956161,0.2525985391179713,2.1619999,0.005707762557077625,Residential,2.4882896267637884
MAC002588,3255.1059993999997,0.18579372142694062,0.152839643700648,2.0639999,0.0,Commercial,0.8182268790036776
MAC002591,3085.485,0.17614231889022094,0.1537033897868234,1.6950001,0.017123287671232876,Commercial,0.8676830626908347
MAC002592,5618.8330002,0.320709646130137,0.24812341070560737,2.1470001,0.0,Industrial,0.7712650636693599
MAC002594,1.2710000000000001,7.258294786134431e-05,0.0019093497907038408,0.067,0.05136986301369863,Residential,1.7801418477805853
MAC002595,3047.4829998,0.17397288347319748,0.17320400979879547,1.665,0.017123287671232876,Commercial,0.989890583961983
MAC002598,529.13,0.030203207945659,0.05648409254240174,1.023,0.005707762557077625,Residential,1.8102014587977588
MAC002599,4258.3430004,0.2430838566274689,0.1750757512493867,2.02,0.01141552511415525,Industrial,0.7172770607135839
MAC002600,5213.6499992,0.2975827625114155,0.14011485424823727,2.2049999,0.0,Industrial,0.4692663872144339
MAC002601,12106.6820033,0.6910995549320699,0.635414861119487,5.5419998,0.01141552511415525,Industrial,0.9180974855298866
MAC002603,3675.2609995,0.2097751712043379,0.2921156668948987,2.4319999,0.0,Commercial,1.3859111831141844
MAC002605,6685.360998499999,0.38158453187785385,0.30536850969677704,3.3770001,0.0,Industrial,0.7981726501014702
MAC002606,4077.3019996999997,0.23273600089616986,0.24782638773911045,2.3210001,0.005707762557077625,Industrial,1.0602833401312441
MAC002607,1384.4349999,0.07902477309777955,0.1471631458194995,2.1570001,0.005707762557077625,Residential,1.8389698604916485
MAC002608,2568.1219999,0.1465823059303653,0.08881810066198956,1.7589999,0.0,Commercial,0.6018207948580039
MAC002610,3895.4520001,0.22236853522662406,0.2227947462558861,2.1270001,0.01141552511415525,Commercial,0.9974312005486548
MAC002611,4710.6880019,0.26887488595319636,0.4488670791572892,3.914,0.0,Industrial,1.6632413852511454
MAC002612,1261.5890001,0.07201261488098636,0.1369593964240468,1.438,0.005707762557077625,Residential,1.8758319592757553
MAC002615,2149.2969998,0.1254258286531279,0.1555326252180147,1.758,2.191780821917808,Residential,1.2302282442992447
MAC002616,2285.1970001999994,0.13043361873287668,0.16688065181795433,2.4649999,0.0,Residential,1.2696953292986597
MAC002619,1188.1190000000004,0.06781888235629889,0.059929265452949895,0.776,0.005707762557077625,Residential,0.8708259041853599
MAC002620,5904.175998899999,0.3370155830184371,0.20620435895646558,1.761,0.005707762557077625,Industrial,0.6100439426936661
MAC002621,3158.4279992,0.1803064451218816,0.1396318197486226,1.809,0.017123287671232876,Commercial,0.7701426149233491
MAC002623,1725.104,0.09928084714548803,0.1502714211931337,2.2639999,0.821917808219178,Residential,1.4985057014438565
MAC002624,576.3660000000001,0.03289948056395914,0.06818559086947988,1.456,0.005707762557077625,Residential,2.0114051818827177
MAC002626,7258.500000100001,0.41434524489667773,0.43094004166931216,5.0040002,0.01141552511415525,Industrial,1.0375465879632588
MAC002627,19858.6989951,1.1334873855650685,0.7997469832369748,5.5089998,0.0,Industrial,0.704941274281895
MAC002628,17920.7649899,1.0233419934844676,0.6962012797502675,6.4850001,0.045662100456621,Industrial,0.6796570717383406
MAC002630,3777.2529993,0.21562124667770294,0.2591228210262589,2.5369999,0.01141552511415525,Commercial,1.1962022423949548
MAC002631,1798.336,0.10266232802420505,0.14142651525977507,1.489,0.017123287671232876,Residential,1.3643000109620547
MAC002632,1437.919,0.08207300228310503,0.09261419861035831,0.976,0.0,Residential,1.1148531540335784
MAC002635,8592.936000299998,0.4905203790558282,0.45872773390126265,2.7490001,0.01141552511415525,Industrial,0.933283244089375
MAC002636,1475.8160000000003,0.08424088132884298,0.06992742779602405,1.215,0.005707762557077625,Residential,0.820350830562831
MAC002637,2726.641,0.15672151971490977,0.10280530547031994,1.341,0.6963470319634704,Commercial,0.6518153366525133
MAC002638,2482.4900004,0.14171890166124337,0.29781028626201783,3.954,0.017123287671232876,Commercial,2.086691270711278
MAC002639,6336.195998800001,0.3617376112582782,0.28792648352007777,2.744,0.0228310502283105,Industrial,0.7937596614845296
MAC002640,3722.9610004,0.21250990355613905,0.22828317244029103,3.2509999,0.005707762557077625,Commercial,1.0691924291945905
MAC002641,6767.6640026,0.3863704043503083,0.3746464449449284,4.8730001,0.0228310502283105,Industrial,0.9671529903614595
MAC002642,876.4470001000001,0.05003122503139628,0.1178415287501099,2.553,0.01141552511415525,Residential,2.309204387658918
MAC002643,1670.8250000000003,0.09539939476989838,0.04342660864308042,0.551,0.03424657534246575,Residential,0.4504863204456631
MAC002644,9301.2170003,0.5309519922536818,0.5163322517697742,7.2360001,0.01141552511415525,Industrial,0.9706369358299934
MAC002646,2331.598,0.13310486955528913,0.10270845171448609,0.928,0.017123287671232876,Commercial,0.765881597402704
MAC002647,4378.8599987,0.24994919793938009,0.29384300143972597,2.5910001,0.005707762557077625,Industrial,1.170926242652138
MAC002648,4998.127001100001,0.2852975056281752,0.32251287435177806,2.8010001,0.005707762557077625,Industrial,1.1264955789403106
MAC002649,8431.5939989,0.4814202351775722,0.5451019026056377,3.7909999,0.03424657534246575,Industrial,1.1299316713051915
MAC002651,1013.113,0.05798826626981856,0.05799983646552628,0.61,0.2796803652968036,Residential,0.9832436200146806
MAC002652,3775.8219998,0.21552725611050857,0.13706358918440903,1.7460001,0.005707762557077625,Commercial,0.633008479608942
MAC002653,3037.4030001,0.17343704677097013,0.12965861962026476,1.24,0.039954337899543384,Commercial,0.7432974933960106
MAC002654,1985.7869996999998,0.11335047660825388,0.08497906079546977,1.2359999,0.005707762557077625,Residential,0.7431456633678423
MAC002655,3849.7000005,0.2197568215835141,0.17620333819031084,2.3239999,0.01141552511415525,Commercial,0.7981784523186374
MAC002656,2227.0450004000004,0.12712895309966893,0.12669828299081765,1.722,0.01141552511415525,Residential,0.9888341387778421
MAC002657,1874.9179998,0.10701586756849314,0.1321380763278275,1.7460001,0.0,Residential,1.2233209740600233
MAC002658,2752.037,0.15752029076755766,0.10717154066015365,1.233,0.2796803652968036,Commercial,0.6760745904592239
MAC002659,2441.9390002,0.13938007992009133,0.14668770055573335,1.398,0.0,Commercial,1.0449324479600846
MAC002660,1351.112,0.07719316688567675,0.07030691645625034,0.594,0.09703196347031963,Residential,0.8991439950122931
MAC002661,954.5140000000001,0.05449072329736828,0.09570586843642861,1.303,0.017123287671232876,Residential,1.7247183447862462
MAC002662,2890.9029993999998,0.16506240718282517,0.16629854078674594,1.852,0.03424657534246575,Commercial,1.0014219570095766
MAC002663,4785.6709992999995,0.2731859230106176,0.23360609006505134,2.7839999,0.01141552511415525,Industrial,0.8519988462573447
MAC002664,928.0390000000002,0.05298235898606989,0.05447018295044825,0.649,0.0228310502283105,Residential,1.0090367292860292
MAC002666,7381.2829999,0.42190814517862246,0.16722978922817341,1.697,0.14269406392694062,Industrial,0.39542815889143274
MAC002667,4888.7959997,0.2790886567163327,0.2108017533902433,3.694,0.017123287671232876,Industrial,0.7526251004293202
MAC002669,4582.2559991,0.261633892834304,0.280693239175333,2.4030001,0.03424657534246575,Industrial,1.0687624363563109
MAC002670,1568.4459996,0.09669827371146733,0.19109974021074227,2.148,7.4200913242009126,Residential,1.956019619907695
MAC002671,3047.6659997,0.17413244198948694,0.22330643259588814,2.951,0.10273972602739725,Commercial,1.2750717688804514
MAC002674,874.198,0.04989999429191164,0.06432770379745611,0.825,0.005707762557077625,Residential,1.2638057173157333
MAC002676,1773.5349999,0.10123494491123923,0.11064659073532092,1.83,0.005707762557077625,Residential,1.0822775992238731
MAC002681,1435.197,0.081941021981159,0.059764747624038536,0.819,0.028538812785388126,Residential,0.7205692213150542
MAC002682,4746.5030002,0.2709500513871447,0.20660725589459616,2.299,0.01141552511415525,Industrial,0.7597250114156907
MAC002683,3533.5169994000003,0.20171930121596165,0.1416845452332102,1.96,0.017123287671232876,Commercial,0.6989198580665504
MAC002684,1181.7570001,0.0675019706460273,0.08972391454273729,1.8150001,0.07420091324200913,Residential,1.3098004874395643
MAC002685,1824.5679999000001,0.10414200912671234,0.12587382766296176,2.096,0.0,Residential,1.1971792122715135
MAC002687,2464.3190000000004,0.14068156647827826,0.09146751082503052,0.779,0.017123287671232876,Commercial,0.6455851180827659
MAC002688,4512.8940010999995,0.2575852740353881,0.29075597480027776,4.737,0.0,Industrial,1.1244104131022055
MAC002689,2565.5969999999998,0.14644654375249727,0.10287770351091358,1.599,0.005707762557077625,Commercial,0.6977288235633611
MAC002691,2398.7690002,0.13692385411267766,0.13467574154083126,1.189,0.005707762557077625,Commercial,0.9764499578934849
MAC002693,2994.2689998,0.17093503452646003,0.17941819678197782,1.701,0.017123287671232876,Commercial,1.0435231962824085
MAC002696,844.4080004,0.04820230622217148,0.0617253972446939,1.638,0.01141552511415525,Residential,1.2545224397810701
MAC002697,1054.7890001,0.06020485160388128,0.058603344273822744,1.118,0.0,Residential,0.9574950798525658
MAC002698,3449.8500003000004,0.19690924659246578,0.181307436617606,2.1259999,0.0,Commercial,0.9161140256925632
MAC002699,2654.1400012,0.15149200920091324,0.22900103034892277,2.372,0.0,Commercial,1.5017247890491519
MAC002700,2225.5140013,0.1270633172309449,0.2416883746740654,4.2839999,0.028538812785388126,Residential,1.8872568655879265
MAC002702,5523.6750004000005,0.31531424822468324,0.18177778712809953,1.863,0.01141552511415525,Industrial,0.5746746728872604
MAC002703,4466.1560016,0.25493213092071465,0.2833855757835303,3.221,0.005707762557077625,Industrial,1.1072684573212905
MAC002704,3892.4209997999997,0.22227164229100044,0.14154147495039796,2.3859999,0.045662100456621,Commercial,0.6339429114151465
MAC002705,1744.6180000999998,0.09959002169768237,0.08767790591917671,1.5190001,0.01141552511415525,Residential,0.8716362163902072
MAC002706,3160.3659993,0.18043768194690266,0.19479199731473654,2.573,0.028538812785388126,Commercial,1.0736027666609078
MAC002707,1619.835,0.0924668911976253,0.0454049392858775,0.531,0.01141552511415525,Residential,0.4857863432076052
MAC002708,2870.0070001000004,0.16382253553855816,0.18285111660755332,2.187,0.005707762557077625,Commercial,1.1093817724019759
MAC002709,6217.1720003,0.35488167134539644,0.3053740551305276,3.073,0.005707762557077625,Industrial,0.8580775008054593
MAC002711,1241.5040000000001,0.07086614532792969,0.09273506375042484,1.189,0.005707762557077625,Residential,1.2903859435798175
MAC002714,3695.2650003,0.2109169520719178,0.24447470732985693,2.641,0.0,Commercial,1.15363450134414
MAC002715,1539.9540001000003,0.08793707172795799,0.14079200152804897,2.467,0.045662100456621,Residential,1.583051912915523
MAC002716,1814.9779999,0.10360054797077459,0.11738337799008332,1.452,0.005707762557077625,Residential,1.1222061477429377
MAC002717,1631.8000000000002,0.09315522064280414,0.14696875468394516,1.651,0.017123287671232876,Residential,1.5609198691328998
MAC002718,4814.7780007,0.2748160959303653,0.31277044884388827,3.036,0.0,Industrial,1.1339818576898888
MAC002719,3684.0480005,0.2103007192887316,0.19102071802394163,2.135,0.01141552511415525,Commercial,0.9040230372473158
MAC002720,2769.5350001,0.15807848174086758,0.1248078962888541,1.1670001,0.0,Commercial,0.7845680630279155
MAC002721,1948.033,0.11122083928061662,0.13744002726013635,1.114,0.028538812785388126,Residential,1.2247282068213485
MAC002723,4237.010999800001,0.2418385273858448,0.1806009936315671,2.3570001,0.0,Industrial,0.7437081569211264
MAC002724,6429.894998099999,0.36704503927959803,0.5692286257315039,4.0019999,0.01141552511415525,Industrial,1.5466276270037425
MAC002725,10184.126001700002,0.5829160323793716,0.4503814416379173,4.2410002,0.2796803652968036,Industrial,0.7713119980670499
MAC002727,3953.1689992,0.23805666621703,0.23604783346271646,2.2920001,5.216894977168949,Commercial,0.9874137257834009
MAC002729,2190.5009999999997,0.12504287019066102,0.10542317340101472,1.418,0.01141552511415525,Residential,0.8364072735057878
MAC002730,4199.7849989,0.23972743871796334,0.2553021106378701,2.4100001,0.005707762557077625,Industrial,1.0605442902459594
MAC002731,2200.1700008,0.12558764774245104,0.15956512589667507,1.8150001,0.005707762557077625,Residential,1.2605110272790467
MAC002733,2191.4229999,0.12508122145547945,0.10317879512534774,1.318,0.0,Residential,0.8183518047672247
MAC002734,2870.5770003000002,0.16400485632748674,0.1395928702406011,1.541,0.09703196347031963,Commercial,0.8459924959029678
MAC002735,2640.7390001000003,0.15077013988581217,0.15100006746381792,2.2130001,0.028538812785388126,Commercial,0.9949260610646229
MAC002736,1144.2340005,0.06531015984589042,0.12395978136515892,1.8890001,0.0,Residential,1.8693934934442982
MAC002737,2253.6560001999997,0.12863333334474883,0.11830961723425162,1.4450001,0.0,Residential,0.9126481143520182
MAC002739,5494.2379989,0.3136696733786253,0.3787193615297658,3.013,0.0228310502283105,Industrial,1.2035457928418571
MAC002740,8184.8640016,0.46743940614505997,0.2873776872024399,2.2479999,0.05707762557077625,Industrial,0.6134788906154677
MAC002742,3500.9849997999995,0.20092889117309456,0.13379393865672393,1.459,0.547945205479452,Commercial,0.6625794747817192
MAC002743,3569.0289997,0.203723328940008,0.17359348819082834,1.876,0.005707762557077625,Commercial,0.8479418984130435
MAC002744,331.99400000000014,0.01896025128498002,0.010449124849214536,0.331,0.05707762557077625,Residential,0.5234966584352295
MAC002745,2316.9629999999997,0.13224674657534244,0.12882626714843823,1.897,0.0,Commercial,0.9668248603398004
MAC002746,1113.0750000000003,0.0637244518234385,0.07611790500545736,0.867,0.3025114155251142,Residential,1.1760301224813614
MAC002747,3186.7129997,0.18193154828157115,0.241499132490922,2.187,0.0228310502283105,Commercial,1.3201612010586752
MAC002748,1999.7969997999999,0.11417624891807021,0.1322555839352342,1.637,0.028538812785388126,Residential,1.1482886895310618
MAC002749,3896.8239994000005,0.22243415716650497,0.30932602234256906,3.4519999,0.005707762557077625,Commercial,1.3844168960793974
MAC002750,998.5719998000001,0.05700587999086602,0.08893730647379401,1.385,0.017123287671232876,Residential,1.5332463965342593
MAC002751,5309.1539999,0.30303390410388126,0.3010284974037817,2.8640001,0.0,Industrial,0.9901148962022581
MAC002752,1263.6020007,0.07212340186643836,0.12681776769514022,1.652,0.0,Residential,1.7342979738111188
MAC002753,1517.9720001,0.08664223744863014,0.08106331838239908,1.452,0.0,Residential,0.9249343780150846
MAC002754,6110.836999600001,0.3488119755465495,0.3414530269327748,3.161,0.005707762557077625,Industrial,0.9761044526828602
MAC002755,7735.304999800001,0.44204268814217956,0.3431591514909892,3.0120001,0.11986301369863014,Industrial,0.7745509872422583
MAC002756,2112.3229990000004,0.12056638122146121,0.18991109086563374,2.365,0.0,Residential,1.5622007413354426
MAC002757,7856.728002100001,0.4484945771263843,0.39447472575806797,3.243,0.01141552511415525,Industrial,0.8775961843187122
MAC002759,5075.859999,0.289734573834123,0.26372052808491314,2.74,0.005707762557077625,Industrial,0.9070834768876764
MAC002760,3686.1789991,0.21039834469748858,0.19081044961850901,2.483,0.0,Commercial,0.9026108974105692
MAC002761,440.5440000000001,0.025158129175946554,0.022175803387286374,0.855,0.05136986301369863,Residential,0.8477595334943874
MAC002762,1257.1270000000002,0.07186868282643495,0.08359438243307198,1.085,0.15981735159817353,Residential,1.1471921707736152
MAC002763,5729.764001400001,0.32704132428082194,0.370790744612079,3.23,0.0,Industrial,1.130317180083876
MAC002764,2009.0559997999999,0.11499376107835842,0.18824470821792466,1.665,0.2796803652968036,Residential,1.6228864937895913
MAC002766,1044.054,0.05959892681812993,0.03936541357331359,0.333,0.01141552511415525,Residential,0.6496057874334548
MAC002768,3719.0879999000003,0.21231306730033683,0.21521400049049377,2.984,0.017123287671232876,Commercial,1.0089114708921254
MAC002770,5708.4470006,0.32589900665677096,0.29303838807645766,2.9890001,0.0228310502283105,Industrial,0.8964187168183554
MAC002771,970.4360000000001,0.055390182648401835,0.04124250703760134,0.713,0.0,Residential,0.7313774331030688
MAC002772,1880.5729997,0.1073999428726442,0.13246164056217538,1.495,0.05707762557077625,Residential,1.2219714978798515
MAC002775,3394.8920003,0.19380556032996515,0.1572825159465925,1.883,0.017123287671232876,Commercial,0.807382066919366
MAC002776,5475.7729981,0.3125441208961187,0.30892264175237527,1.909,0.0,Industrial,0.9852605141166891
MAC002777,2574.2109999,0.14692985159246574,0.10762678891514803,1.285,0.0,Commercial,0.7275528756133058
MAC002778,3782.71,0.26183359867100436,0.2534499478143826,2.017,17.539954337899545,Commercial,0.964298130436636
MAC002779,1232.694,0.07036326274330726,0.04288004772320949,0.525,0.005707762557077625,Residential,0.6008700565926823
MAC002780,4762.792998399999,0.2719109955697647,0.248541579553781,3.967,0.0228310502283105,Industrial,0.9107056277996167
MAC002781,1321.026,0.07540102739726028,0.06257982236760626,1.405,0.0,Residential,0.8190966077224553
MAC002782,4207.1630008,0.24014858158570696,0.29815435350521563,2.941,0.005707762557077625,Industrial,1.236392731587551
MAC002783,3766.7700000000004,0.2149982876712329,0.20074310028985168,2.701,0.0,Commercial,0.9293735726062751
MAC002784,2765.2680007999998,0.15785295129581,0.2571233134455029,2.5250001,0.01141552511415525,Commercial,1.6186247176906237
MAC002785,3585.9620006000005,0.20468987959358415,0.26188995498374074,3.7950001,0.005707762557077625,Commercial,1.2732272268387752
MAC002787,2964.9890004999997,0.16927317883649234,0.20983833930075182,2.1900001,0.0228310502283105,Commercial,1.2323628461899603
MAC002788,1783.4609999999998,0.1018015297676808,0.07489952965986833,1.154,0.005707762557077625,Residential,0.7285838044349373
MAC002789,2247.4170000000004,0.12830651975336838,0.09888093149470159,1.239,0.0228310502283105,Residential,0.7647018238778774
MAC002790,4492.9069982,0.2564444633675799,0.2609005372634444,2.0369999,0.0,Industrial,1.01342454155221
MAC002791,1590.124,0.09077086425391026,0.08858550948152556,1.51,0.01141552511415525,Residential,0.9652901299526666
MAC002793,3980.0280003,0.22719648363397646,0.16067108797458338,1.9220001,0.01141552511415525,Commercial,0.7040909895539725
MAC002796,2746.1679998,0.17823001037123573,0.13861674443274039,1.723,12.054794520547945,Commercial,0.7734014194700215
MAC002799,3991.81,0.22784303652968035,0.12821631216014331,1.256,0.0,Commercial,0.5602805927787713
MAC002802,3454.1720001999997,0.19723473991891735,0.22395335684012133,2.8670001,0.039954337899543384,Commercial,1.129738192870349
MAC002803,2646.815,0.15108253895770307,0.11512045064937843,1.499,0.005707762557077625,Commercial,0.7569603416562866
MAC002805,5076.9940002,0.28983239140263745,0.18647478920541213,1.803,0.017123287671232876,Industrial,0.6411761369016514
MAC002806,2680.8530001,0.15301672375,0.1659538082505682,2.092,0.0,Commercial,1.077505118989185
MAC002807,5382.439999,0.3100662479981566,0.2539970722463711,3.3710001,0.9189497716894977,Industrial,0.8165369077518057
MAC002808,3677.7139991000004,0.20999908634157485,0.1729170540486661,2.2320001,0.039954337899543384,Commercial,0.819515653109228
MAC002810,4003.5739991,0.22851449766552512,0.23168305444238788,2.3440001,0.0,Commercial,1.0094484522717297
MAC002812,2785.5319999999997,0.15913688299817183,0.11587691342877414,1.16,0.091324200913242,Commercial,0.7236116456075707
MAC002813,2431.6350002,0.13879987443347222,0.1392140507611577,1.556,0.005707762557077625,Commercial,0.9958095550894553
MAC002816,2470.4820004,0.14100924659817352,0.08953360941685055,1.503,0.0,Commercial,0.6304773214535321
MAC002817,4274.6629986,0.24415484342015079,0.2746591195120902,2.543,0.0684931506849315,Industrial,1.1203495541035444
MAC002818,6016.3170002,0.34341669046178436,0.20800212148577107,3.365,0.005707762557077625,Industrial,0.6039257888660611
MAC002819,3751.1280004,0.2141543731673898,0.2163504546661515,1.973,0.0228310502283105,Commercial,1.0055591781898439
MAC002820,4739.398000100001,0.2705290256350249,0.286173723993212,3.0369999,0.005707762557077625,Industrial,1.0539341911014395
MAC002821,3284.2050000000004,0.18746532336320568,0.14586396624175504,1.096,0.005707762557077625,Commercial,0.7739565222863287
MAC002822,1654.5359999999998,0.09443698630136986,0.04161791061802644,0.893,0.0,Residential,0.4360773766116824
MAC002823,6928.927000600001,0.3955092756778355,0.3249983012910802,3.082,0.005707762557077625,Industrial,0.8196486721161649
MAC002824,5312.7930016,0.30381386181735004,0.34337828132813475,2.891,0.18835616438356165,Industrial,1.1265179322254484
MAC002825,3023.7170015,0.17745859507600212,0.2689537123117558,2.697,2.7454337899543377,Commercial,1.5070930721897342
MAC002828,4721.8059987,0.26950947481164383,0.3644617084170125,3.1860001,0.0,Industrial,1.3473158700662435
MAC002829,3844.3750003,0.21944032195330784,0.22846327263932245,2.641,0.005707762557077625,Commercial,1.0363951141738668
MAC002830,894.4490000000001,0.05105593926593984,0.05545650524663921,1.007,0.005707762557077625,Residential,1.0653252256832173
MAC002831,1735.1870000000001,0.09904035388127855,0.0656400629973887,1.525,0.0,Residential,0.6561358536904628
MAC002832,1644.128,0.09436537909659645,0.06566620349207336,0.929,0.5536529680365297,Residential,0.6885748697707107
MAC002834,3100.2360003,0.17717659162761457,0.153684009258872,2.056,0.12557077625570776,Commercial,0.8625375974194659
MAC002837,2341.789,0.1336866472569504,0.0933536741861822,0.898,0.017123287671232876,Commercial,0.6931175145230647
MAC002838,2771.6729997,0.15867145636020152,0.16423106157799544,1.526,0.2968036529680365,Commercial,1.028556169785963
MAC002840,6324.2579986,0.36101484179700877,0.43432833581676333,4.4450002,0.01141552511415525,Industrial,1.1997528434491718
MAC002841,1186.9630001,0.0677528968605514,0.08075615058211393,1.324,0.005707762557077625,Residential,1.1745854250462815
MAC002843,2152.2110002,0.12287816158721096,0.07259828383199395,1.335,0.028538812785388126,Residential,0.5860458607216602
MAC002846,3115.6950003,0.17884708112622696,0.1688484318847514,2.027,0.565068493150685,Commercial,0.938844438438475
MAC002847,990.223,0.06393072503066692,0.0956390373035528,1.173,11.592465753424658,Residential,1.472939617698436
MAC002849,16839.4579967,0.9612660119134604,0.7603096821657542,5.6149998,0.01141552511415525,Industrial,0.7901242200728703
MAC002850,1464.598,0.08360054797648267,0.07162880836382036,1.076,0.005707762557077625,Residential,0.8466707376851956
MAC002851,8380.8430013,0.47841323217833087,0.3881969093894132,3.9030001,0.01141552511415525,Industrial,0.8097334060337591
MAC002852,10520.3599999,0.6005457243920539,0.6895946479714392,4.9400001,0.01141552511415525,Industrial,1.1463711236055598
MAC002853,5116.1470005,0.29201752285958904,0.2638087989763303,2.559,0.0,Industrial,0.9003174840937576
MAC002854,2187.1780005,0.12485317961525288,0.19236599142148592,2.175,0.01141552511415525,Residential,1.5284952832305871
MAC002856,5499.1430035,0.31387802531392694,0.38328251705024236,2.608,0.0,Industrial,1.2172412370412877
MAC002857,1898.7029998000003,0.10838583170453249,0.08838446079949329,1.448,0.01141552511415525,Residential,0.8080064796529861
MAC002858,568.5880000000001,0.03245550545122439,0.05121379039986129,0.403,0.005707762557077625,Residential,1.5308030684075944
MAC002859,3952.8989985999997,0.2256349676693875,0.2898023821212878,3.1329999,0.005707762557077625,Commercial,1.2787187480444244
MAC002860,2353.9629999000003,0.13436628802443062,0.06811234042276397,1.2869999,0.005707762557077625,Commercial,0.5031706299759893
MAC002862,6638.0389985,0.3788835044805936,0.4947427309575894,3.326,0.0,Industrial,1.3023538140568653
MAC002863,779.425,0.04448772831050228,0.09254523639485851,1.725,0.0,Residential,2.034509961964654
MAC002865,8923.581998599999,0.5093950221828976,0.4170382510325192,4.0999999,0.01141552511415525,Industrial,0.8170891817261406
MAC002866,2274.7630005,0.1298899674812996,0.17349409973425217,3.2650001,0.039954337899543384,Residential,1.3254957814779766
MAC002870,1689.1830000000002,0.09649166000228494,0.06837469197208203,0.964,0.07990867579908677,Residential,0.7013388834540257
MAC002871,3074.0089991000004,0.17549720250628,0.2448740917727465,4.0450001,0.0228310502283105,Commercial,1.387410612154227
MAC002872,18991.9079968,1.0841986639721415,0.8164454100287624,3.6760001,0.017123287671232876,Industrial,0.7523464939040154
MAC002873,284.59499999999997,0.01624864401941193,0.0455298863025289,0.272,0.028538812785388126,Residential,2.639621192905875
MAC002875,2131.3099996,0.12167094819889251,0.09577725111307885,1.466,0.017123287671232876,Residential,0.7807655563058861
MAC002876,2448.8779998,0.13977614154109588,0.13406825677551523,1.518,0.0,Commercial,0.9523506988318581
MAC002877,2270.6569999000003,0.1306852949582734,0.1665487985752199,1.702,0.8276255707762556,Residential,1.264748646597128
MAC002878,3480.7779998,0.19868588388606656,0.14922058990800174,1.3430001,0.005707762557077625,Commercial,0.7472766076601666
MAC002880,3960.7190007,0.22654687414631355,0.38956013902433984,4.0549998,0.21118721461187215,Commercial,1.7119995187182888
MAC002882,1003.143,0.05727336568655438,0.05951211134624397,1.212,0.028538812785388126,Residential,1.0212574929403024
MAC002883,3928.9460003000004,0.22426770936126494,0.16112723554164352,2.0090001,0.005707762557077625,Commercial,0.71527000473575
MAC002884,4685.9329991,0.26749246484187694,0.24275383599940834,3.424,0.01141552511415525,Industrial,0.9041364946400755
MAC002885,2588.3930003,0.14776462866358395,0.2174641939984702,2.313,0.017123287671232876,Commercial,1.4618004020985615
MAC002887,3168.8500001,0.18546470795388037,0.1880973120520796,2.1210001,2.4771689497716896,Commercial,1.0087555662200862
MAC002888,1129.1469998,0.0649943590514016,0.11460816804819249,1.432,0.839041095890411,Residential,1.736635823054613
MAC002889,1858.2210003999999,0.10607495150131292,0.12424982459244943,1.902,0.01141552511415525,Residential,1.1604004750908143
MAC002890,678.359,0.03872354150017125,0.055019672490766704,1.138,0.01141552511415525,Residential,1.3850646345449715
MAC002892,2521.7760001,0.14396985613724594,0.18672551525847497,2.1659999,0.0228310502283105,Commercial,1.2880299410775304
MAC002893,3278.7149996,0.18714126710045662,0.20529649739643097,2.7379999,0.0,Commercial,1.0911827083997179
MAC002896,6508.7919999000005,0.37163366449126417,0.2873070298001175,2.661,0.03424657534246575,Industrial,0.7710173749126014
MAC002898,817.6060000000002,0.04668299645997489,0.0606996870409709,0.749,0.03424657534246575,Residential,1.2729839051101208
MAC002899,1249.1750000000002,0.07129994292237445,0.04667292511149741,0.824,0.0,Residential,0.6455458085438361
MAC002900,4595.7600001,0.26238995147587785,0.23262198163908063,4.802,0.028538812785388126,Industrial,0.8831847241537039
MAC002902,2073.1620008,0.11834467409521635,0.19822224605994587,1.959,0.01141552511415525,Residential,1.6609224296159115
MAC002903,4172.0419999999995,0.238334304484433,0.09790602353930451,1.222,0.08561643835616438,Industrial,0.4090764328590957
MAC002904,2129.335,0.12159290772042028,0.05932880767746379,0.848,0.045662100456621,Residential,0.4839497551747963
MAC002905,638.7880000000001,0.03646258348079229,0.055386957903496965,0.799,0.005707762557077625,Residential,1.4784607135248644
MAC002906,2793.4119998,0.15944132418949772,0.10509953996200744,1.966,0.0,Commercial,0.6550652738185709
MAC002907,3891.5010005999998,0.2221683603905001,0.20690734292751006,1.794,0.0228310502283105,Commercial,0.927135650257337
MAC002908,3411.9640012,0.19476903762986641,0.23131907403773233,2.0420001,0.01141552511415525,Commercial,1.181591720724904
MAC002911,1783.397,0.10180949934349488,0.06808261343954089,0.945,0.017123287671232876,Residential,0.6622210386617228
MAC002912,6372.264000900001,0.3637136986815069,0.21468920356917232,2.2909999,0.0,Industrial,0.5886513293723407
MAC002913,11007.6340002,0.6282896118835616,0.4315554067323786,2.4590001,0.0,Industrial,0.6857818698781094
MAC002914,2078.219,0.11865366828432772,0.08758573187970306,1.007,0.028538812785388126,Residential,0.7319937042931016
MAC002916,1660.789,0.0948047151501313,0.04851776074664195,0.374,0.01141552511415525,Residential,0.5064235165316439
MAC002917,2376.4480000000003,0.1356652394816464,0.08919504050284166,1.541,0.017123287671232876,Commercial,0.6526534533663931
MAC002919,4977.8850011,0.285838932018375,0.44068931839582776,3.2679999,0.5993150684931506,Industrial,1.5363650788087477
MAC002920,7206.3769985,0.41151079251370487,0.5540625500306243,3.809,0.045662100456621,Industrial,1.3431467978191545
MAC002921,2635.6470000000004,0.15045364767667543,0.13415546739106124,1.443,0.01141552511415525,Commercial,0.8857856476158138
MAC002922,2433.8680008,0.13894319808186334,0.18324479989838904,1.909,0.017123287671232876,Commercial,1.3094226972803302
MAC002923,9253.7690011,0.5282434639285306,0.38147703415011236,4.8210001,0.01141552511415525,Industrial,0.7207968735569067
MAC002924,6205.3230001,0.35422553945085056,0.23744769892051026,2.391,0.01141552511415525,Industrial,0.6684420812973776
MAC002928,2723.5209996000003,0.1554787349203631,0.24546114544401812,2.0999999,0.017123287671232876,Commercial,1.568654971354037
MAC002929,4180.8030002,0.23864392945944402,0.19155012399810623,1.699,0.005707762557077625,Industrial,0.7993113968302005
MAC002933,1912.463,0.10918377483443709,0.13905825899825397,1.628,0.0228310502283105,Residential,1.2620574962802271
MAC002934,2797.9989997000002,0.1597031392522831,0.21605941460480835,2.5439999,0.0,Commercial,1.3444629371279615
MAC002936,3062.3929998000003,0.1755657283609471,0.13647144156386218,1.471,0.43949771689497713,Commercial,0.772921465738121
MAC002937,5169.5430006999995,0.2950989268580888,0.22097256497816506,3.7850001,0.01141552511415525,Industrial,0.7462795198986671
MAC002938,2165.9249991,0.12364702854940915,0.17603340698356526,3.6619999,0.017123287671232876,Residential,1.4122551418366698
MAC002939,2902.4949995999996,0.1657053550810687,0.1803999783100787,1.9069999,0.0228310502283105,Commercial,1.0821486701632967
MAC002940,763.9870000000001,0.04360656392694064,0.04666846966788417,0.411,0.0,Residential,1.0462242674490831
MAC002941,5132.8479994,0.2931380924842947,0.2572152592057062,2.3150001,0.05707762557077625,Industrial,0.874471092925307
MAC002942,4682.7630005,0.2687844679428309,0.20590994538688875,1.726,0.5593607305936072,Industrial,0.7632386955298051
MAC002943,3827.9359996,0.21873919997714283,0.21680707924311582,1.877,0.1141552511415525,Commercial,0.9866563602018574
MAC002944,3037.4629998,0.17338107196757807,0.1681582302779727,1.355,0.005707762557077625,Commercial,0.9643146952854931
MAC002945,2276.357,0.12994388628838907,0.0854302576809399,1.135,0.01141552511415525,Residential,0.65241883452878
MAC002946,841.3590001000001,0.048025515160682694,0.07123791953242428,1.314,0.005707762557077625,Residential,1.4530784490267918
MAC002947,1729.444,0.09872382692088137,0.08584950271714063,0.992,0.01141552511415525,Residential,0.8608725253319017
MAC002948,868.9609999,0.04960672489010676,0.049222624103586576,1.0319999,0.017123287671232876,Residential,0.9726498644295639
MAC002949,4649.7469993,0.26539651822488586,0.30585600470459307,2.392,0.0,Industrial,1.1481231314231983
MAC002950,4256.3299999,0.2429550773388892,0.23378870317538522,2.5179999,0.005707762557077625,Industrial,0.95832685970548
MAC002952,4300.6349989,0.252963649132404,0.2523621141040495,4.5040002,2.962328767123288,Industrial,0.9936938414854816
MAC002953,9105.0629995,0.519754709413175,0.3093884316946458,3.013,0.01141552511415525,Industrial,0.594115475294093
MAC002955,5908.394002,0.3372563503624636,0.333783289581618,2.964,0.005707762557077625,Industrial,0.9867761217903155
MAC002956,6357.4540002,0.3628890918545579,0.2873240297552744,2.461,0.005707762557077625,Industrial,0.7895923131164215
MAC002957,1139.4510001,0.06504458272063021,0.0889521913360691,1.428,0.01141552511415525,Residential,1.3468506828537095
MAC002958,2617.7809995000002,0.14942525255436956,0.11214311557256168,1.714,0.005707762557077625,Commercial,0.7455072447495396
MAC002960,3942.3529985000005,0.22504583848042017,0.22697920131099425,2.618,0.01141552511415525,Commercial,1.0041290865465542
MAC002961,3380.192,0.192988409934342,0.09124181299916748,1.137,0.028538812785388126,Commercial,0.470346723446259
MAC002962,8060.6190001,0.4600809931563927,0.3142460879415891,2.6210001,0.0,Industrial,0.6815420557468108
MAC002964,1508.839,0.08612586334836463,0.07712992048304365,1.3200001,0.005707762557077625,Residential,0.8852700853551013
MAC002965,4310.1770007000005,0.24604275606233592,0.20353460137452206,2.7969999,0.01141552511415525,Industrial,0.8238841106644895
MAC002966,1890.4840004,0.10790433792237443,0.14438121676238616,1.432,0.0,Residential,1.3257618522532975
MAC002967,1577.739,0.09005359589041097,0.06179822248378535,0.611,0.0,Residential,0.6787016139171879
MAC002968,1707.5520001,0.0974630137043379,0.08424277643638241,1.536,0.0,Residential,0.8555778791145309
MAC002969,4868.7090002,0.27789434932648405,0.4323216423644648,2.9389999,0.0,Industrial,1.5501269330429248
MAC002972,1831.8529994,0.10456378785318797,0.147265087144012,1.582,0.005707762557077625,Residential,1.3950341318636634
MAC002973,3630.0290005,0.20721709102066446,0.18643475703643367,2.148,0.01141552511415525,Commercial,0.8953864263617581
MAC002974,2576.9659993,0.14708710041666667,0.18968207612667304,1.803,0.0,Commercial,1.2808818296325086
MAC002975,2546.4150001000003,0.14537651290819822,0.14972394802633038,3.562,0.0228310502283105,Commercial,1.0228686628177264
MAC002977,2180.5810008999997,0.12555164675840624,0.2200753306264118,2.7049999,0.8675799086757991,Residential,1.7390159374737113
MAC002979,1640.4559999999997,0.09363333333333332,0.09034253572830835,1.239,0.0,Residential,0.9546587079426737
MAC002980,4634.803999,0.2660164150261149,0.25393317586936326,2.2030001,0.5536529680365297,Industrial,0.951002116647128
MAC002981,2112.7940003,0.12060014842742164,0.16384623490940317,1.845,0.005707762557077625,Residential,1.3474180502928954
MAC002984,2351.3890008000003,0.13422702367850212,0.1695764637927663,1.726,0.01141552511415525,Commercial,1.2540131342085061
MAC002986,1202.8959999,0.06866236656772648,0.08601535018209697,1.075,0.005707762557077625,Residential,1.234746311675644
MAC002987,1929.2689999000002,0.11012437923968264,0.1419738053798022,3.8069999,0.005707762557077625,Residential,1.2776116847733372
MAC002988,1541.5099999000001,0.08798573058789955,0.08443829920178376,1.261,0.0,Residential,0.9488970719679167
MAC002990,4048.2069984,0.23120720763036154,0.31007689735971977,2.4200001,0.06278538812785388,Commercial,1.335345704915908
MAC002991,3639.9000004000004,0.20775684933789956,0.18043221141341514,1.485,0.0,Commercial,0.8643175636424874
MAC002993,2974.6560000000004,0.16978630136986303,0.0784568532320289,0.798,0.0,Commercial,0.4593861018286178
MAC002994,3046.6070004,0.17389309363013697,0.20547376694115743,1.973,0.0,Commercial,1.174853521521509
MAC002996,3047.8639999,0.17396484017694064,0.23520989699394845,2.937,0.0,Commercial,1.3443266473200126
MAC002998,6969.4960005,0.39784769953761845,0.3327042556356823,3.069,0.01141552511415525,Industrial,0.8341636570083873
MAC002999,3210.2760000999997,0.183255851130266,0.21687380133461737,2.1589999,0.01141552511415525,Commercial,1.177025315637282
MAC003000,4538.4669994,0.2590449200570776,0.3440931372506206,2.5320001,0.0,Industrial,1.3232065336061751
MAC003001,3008.3059994,0.17171676462126834,0.1371419445652265,1.98,0.005707762557077625,Commercial,0.7940279848684639
MAC003002,1437.3250001000001,0.08203909817922375,0.07619111904495472,2.299,0.0,Residential,0.9175330743658969
MAC003003,1906.6229999,0.10882551369292237,0.10469739307768688,1.205,0.0,Residential,0.9533066548673383
MAC003004,949.5459998000001,0.054197831038812795,0.06801321793937146,1.0779999,0.0,Residential,1.2321719288489328
MAC003005,5951.8659969,0.33971837881849315,0.4978552495990607,3.474,0.0,Industrial,1.4611928224285113
MAC003006,381.3620001,0.02437596676893576,0.08508742968275758,2.4909999,10.702054794520548,Residential,3.3530714497513525
MAC003007,3085.2369994,0.17610805407842914,0.20253959841465322,1.903,0.005707762557077625,Commercial,1.1435933812753776
MAC003008,2302.994,0.1314569324733147,0.07533069509467735,0.679,0.005707762557077625,Residential,0.568718402940924
MAC003010,1154.8440003,0.06592327893024318,0.07191063750291983,1.96,0.01141552511415525,Residential,1.0745235238380233
MAC003011,1739.2229997,0.0992877204829594,0.11576527919810697,1.423,0.017123287671232876,Residential,1.1543315436886161
MAC003012,5558.1250006,0.31724457765981734,0.30088437204934043,2.8499999,0.0,Industrial,0.9454501134374901
MAC003013,2802.1830003,0.15996021237013358,0.18121997468746473,1.6950001,0.01141552511415525,Commercial,1.1258681385853488
MAC003015,2580.2280003,0.14727328768835618,0.18041859925598036,1.8150001,0.0,Commercial,1.2167977257993217
MAC003016,2774.0980001999997,0.15834796507791538,0.14392202558749417,2.155,0.005707762557077625,Commercial,0.903193370038466
MAC003017,494.53300000000013,0.02823321534596941,0.03199478111463496,0.797,0.0228310502283105,Residential,1.0944667131542993
MAC003018,7277.646999500001,0.41565177905648526,0.3936007766108738,2.76,0.06278538812785388,Industrial,0.9446756173757116
MAC003020,3517.0179983,0.2007888786423841,0.3456823675931512,3.5929999,0.0228310502283105,Commercial,1.7130892937156321
MAC003021,1616.68,0.09228679072953534,0.0878873779050885,0.93,0.01141552511415525,Residential,0.9421202853885149
MAC003023,2771.9229998,0.15823284620390457,0.11683783742564086,1.577,0.01141552511415525,Commercial,0.7337546254497325
MAC003024,1330.8090004,0.07701886685572082,0.12162886164755851,1.897,1.3755707762557077,Residential,1.558967292776567
MAC003025,7103.9130013,0.4054976312175353,0.47225041881847857,3.142,0.005707762557077625,Industrial,1.1617544176186256
MAC003026,3635.6959998,0.20757613473023123,0.1633344356752143,2.0999999,0.028538812785388126,Commercial,0.7830926385056863
MAC003027,677.082,0.038648438837833206,0.044274063523972514,0.705,0.005707762557077625,Residential,1.1166659979995344
MAC003028,4459.011000500001,0.27487430652817163,0.24342390778909945,2.516,7.408675799086758,Industrial,0.8823725226627496
MAC003029,2752.9950000000003,0.15714338717963355,0.10138840138470886,1.327,0.005707762557077625,Commercial,0.6411169204915458
MAC003030,981.5260000000001,0.056026371368228786,0.044346916873845225,0.572,0.005707762557077625,Residential,0.7776562984779408
MAC003031,292.31100000000004,0.01668632263957073,0.022667190533522338,0.146,0.01141552511415525,Residential,1.2816225846071356
MAC003032,3216.9369995,0.18361512554223744,0.20128913436017795,2.1229999,0.0,Commercial,1.0903176745078005
MAC003033,4698.7370003,0.2689449373418808,0.2808822074600151,2.888,0.2796803652968036,Industrial,1.0405166706434001
MAC003034,3236.4679996,0.18472990865296804,0.17149342063353737,3.029,0.0,Commercial,0.9233484357867682
MAC003036,1864.7130000000002,0.10645161842781299,0.07403492824992378,1.011,0.017123287671232876,Residential,0.6890071022956359
MAC003038,1933.6409993000002,0.11036763694634705,0.1683447049978408,1.696,0.0,Residential,1.5116124361958336
MAC003039,2933.5749998000006,0.16747973280429326,0.1679565566724239,1.631,0.0228310502283105,Commercial,0.9968947236373108
MAC003040,3489.8979999000003,0.1992178330802603,0.06902998156956049,1.179,0.01141552511415525,Commercial,0.3447743915093157
MAC003041,2507.9469983,0.14719726483742224,0.25949688101655916,3.6129999,2.7511415525114153,Commercial,1.751023416668564
MAC003042,3013.6789997,0.1720725704978874,0.1782974126260448,2.1530001,0.03424657534246575,Commercial,1.0301887359338733
MAC003046,1996.2200001,0.11399805836902518,0.11131269288240728,2.0969999,0.05136986301369863,Residential,0.9679528025178331
MAC003048,1649.797,0.09416649543378995,0.06520877584599044,1.091,0.0,Residential,0.6852072838109086
MAC003050,2875.5359996999996,0.16414750540586823,0.15492537343950424,1.523,0.01141552511415525,Commercial,0.9381030192297367
MAC003051,3697.3689995,0.21106113708756707,0.16716828807308165,1.785,0.01141552511415525,Commercial,0.7883023281349865
MAC003052,2054.783,0.1173692237390758,0.1103149203864728,0.81,0.07420091324200913,Residential,0.931956102285867
MAC003053,2942.4049999999997,0.16795507734459728,0.1783672640514392,2.201,0.005707762557077625,Commercial,1.05570822052092
MAC003054,1472.1029999999998,0.08403373672793697,0.04787144605574187,0.585,0.01141552511415525,Residential,0.5629700386907046
MAC003056,1349.3630005,0.07702722916428816,0.1276374890673028,1.765,0.01141552511415525,Residential,1.6358070180674886
MAC003057,1325.333,0.07570735747743632,0.05724385805902302,0.889,0.07990867579908677,Residential,0.7462629393257545
MAC003058,2675.5820001,0.15275946332286613,0.2310136828724409,1.5549999,0.028538812785388126,Commercial,1.5024355436735322
MAC003059,2076.054,0.11850976138828634,0.056178509062164574,0.625,0.01141552511415525,Residential,0.470074648376554
MAC003060,2180.1190011,0.12448575350311197,0.22204036118598988,2.128,0.039954337899543384,Residential,1.769446769752101
MAC003062,1009.0840000000001,0.05759940635881044,0.047699717817906266,1.164,0.005707762557077625,Residential,0.8139966047750686
MAC003063,3039.312,0.17349651786733644,0.18554883424526092,2.424,0.01141552511415525,Commercial,1.0633383205178177
MAC003064,3034.4750002000005,0.17320062786529683,0.14333441535369582,1.364,0.0,Commercial,0.8228122774880653
MAC003065,6503.3060006000005,0.37121445291397914,0.3150674862658991,2.908,0.005707762557077625,Industrial,0.8464676312252521
MAC003066,2467.3139998999995,0.14084450279141453,0.19068406856223732,1.864,0.01141552511415525,Commercial,1.3443176493250673
MAC003067,5545.4740026,0.31657669707141634,0.40111737184478213,5.2329998,0.017123287671232876,Industrial,1.2630566900649491
MAC003070,2912.8789999,0.16627919853293754,0.09275168212730114,1.222,0.01141552511415525,Commercial,0.5544723010436841
MAC003072,6070.029000099999,0.34670030843614347,0.28715306489802894,2.7490001,0.0684931506849315,Industrial,0.8258637048369651
MAC003073,3187.3219996000003,0.18192477166666668,0.2098395267631747,2.0550001,0.0,Commercial,1.14713564954206
MAC003075,1376.7609999000001,0.0785912204532481,0.11166833970459628,1.699,0.01141552511415525,Residential,1.4030233368539724
MAC003076,5437.824,0.3103957988469661,0.19450237933627637,1.784,0.005707762557077625,Industrial,0.6246146545858301
MAC003077,1871.1039999999998,0.10681646400639377,0.09847472673096076,1.298,0.017123287671232876,Residential,0.9133551878043503
MAC003078,5194.9039997,0.29685165712571426,0.27092119301710327,2.1819999,0.1141552511415525,Industrial,0.9095843066025164
MAC003079,1817.0339999999999,0.10375344030149032,0.08739384259138994,1.148,0.039954337899543384,Residential,0.8342813595416263
MAC003081,4096.247000599999,0.23380405254566206,0.19379363515789927,1.785,0.0,Industrial,0.8253419523933151
MAC003083,1773.8480000999998,0.10125281123922597,0.1544382654704912,2.388,0.005707762557077625,Residential,1.5103571588772706
MAC003084,1779.4989999000002,0.10157537530110167,0.1050159257627614,2.0539999,0.005707762557077625,Residential,1.023792751959188
MAC003085,4125.436000000001,0.2361440183171151,0.15814813152798943,1.596,0.28538812785388123,Industrial,0.6668864458411499
MAC003086,2064.0519999000003,0.11783136381229664,0.17228385881842645,1.66,0.017123287671232876,Residential,1.449818072361453
MAC003087,1765.873,0.10079759118671157,0.06742617002198116,0.86,0.005707762557077625,Residential,0.6623552604335379
MAC003089,4416.7109999,0.25210976653347794,0.16384043447990954,1.753,0.005707762557077625,Industrial,0.6473098084037738
MAC003090,4868.6000005999995,0.27788812788812783,0.39412410398677317,2.2219999,0.0,Industrial,1.4131978545349577
MAC003091,2849.5969996,0.16265751467549516,0.1372606375035195,1.9680001,0.005707762557077625,Commercial,0.8387065988120609
MAC003092,4390.3970002999995,0.2548851669259797,0.22866387304114014,2.1440001,1.6837899543378994,Industrial,0.8936191018344026
MAC003093,2569.9739995,0.14668801367009132,0.18373057883219537,2.178,0.0,Commercial,1.2440452970179199
MAC003095,7212.5939995,0.41170123862663394,0.3660638761224367,3.3670001,0.005707762557077625,Industrial,0.8869948569590083
MAC003096,421.77900000000005,0.024075518009018783,0.03188674362277804,1.425,0.005707762557077625,Residential,1.2716285107773047
MAC003098,2259.5350005,0.12899098021921562,0.16506921319774295,1.71,0.017123287671232876,Residential,1.2698512844458263
MAC003100,5052.9280017,0.28850793660500174,0.31096902909765795,2.6630001,0.03424657534246575,Industrial,1.0741295480335562
MAC003101,3070.0080002,0.17527878962032542,0.1292579854938237,1.448,0.028538812785388126,Commercial,0.7332588666635586
MAC003103,3052.4690003,0.17424757394108917,0.1642153096094914,2.0829999,0.01141552511415525,Commercial,0.9370475488847204
MAC003104,1156.3660000999998,0.06605163649397383,0.05294800607847988,1.153,0.07420091324200913,Residential,0.7896601611392216
MAC003105,2085.0079999000004,0.11901409897254411,0.07034027811606677,1.3049999,0.005707762557077625,Residential,0.5861001225544231
MAC003106,1789.5809998999998,0.10217419354267769,0.11973644227065879,3.4679999,0.028538812785388126,Residential,1.160527048085238
MAC003107,5135.3780008,0.29311518269406395,0.3310451532455261,4.2379999,0.0,Industrial,1.1255629519468784
MAC003108,3325.6659997999996,0.18986446676181773,0.10548861716391153,1.2359999,0.0228310502283105,Commercial,0.5526886117338549
MAC003109,3950.7149998000004,0.2254974314954338,0.20190618184472872,2.483,0.0,Commercial,0.8914281301631412
MAC003110,2871.7169999,0.1639201438381186,0.16085568246197413,3.325,0.005707762557077625,Commercial,0.9753549731309109
MAC003112,6184.615999600001,0.3530434980933897,0.23145676031395543,1.9680001,0.01141552511415525,Industrial,0.6537523258029206
MAC003113,4999.0300003,0.28693777983583973,0.2740976389808423,2.76,0.5593607305936072,Industrial,0.9519335709857593
MAC003114,4058.4429988999996,0.23165951246646496,0.26074906315271923,2.3610001,0.005707762557077625,Commercial,1.1207324402448537
MAC003115,2843.581,0.1623048515981735,0.23168261971422036,2.096,0.0,Commercial,1.4187124108492293
MAC003117,3562.2430004999997,0.20337080386503767,0.20593286774830674,2.612,0.0228310502283105,Commercial,1.007643282962769
MAC003118,3608.9419998,0.20598984017123287,0.18999387316893812,3.648,0.0,Commercial,0.9178898491431522
MAC003119,3484.4879997999997,0.19892036306445166,0.09508042579295017,1.353,0.017123287671232876,Commercial,0.4755915022137966
MAC003121,4342.1690001,0.24786899189976022,0.24378189518887117,2.211,0.01141552511415525,Industrial,0.9795591380346088
MAC003122,5635.5419996,0.3218470588006853,0.31339904103013005,2.562,0.05707762557077625,Industrial,0.970735314096858
MAC003123,3834.6119976000004,0.2188955358830917,0.22730261209395997,2.2320001,0.01141552511415525,Commercial,1.0336845228854772
MAC003125,2331.61,0.13309035903875793,0.09822596277194275,1.78,0.005707762557077625,Commercial,0.7325356086454446
MAC003126,4748.667000399999,0.27180281611813856,0.18586489921923124,1.952,0.2796803652968036,Industrial,0.6813159111185332
MAC003127,4808.9050011,0.27449654666933043,0.2803181587512646,2.4960001,0.005707762557077625,Industrial,1.0175015336497897
MAC003128,4330.3069998,0.2471636415410959,0.173866372781073,1.757,0.0,Industrial,0.7006117886623643
MAC003129,2895.4619997,0.16530383647522265,0.18787089463054565,2.402,0.0228310502283105,Commercial,1.1296846700138288
MAC003130,5427.7500014,0.30983845195798604,0.27364098230534545,2.187,0.01141552511415525,Industrial,0.8803318269720751
MAC003131,2617.3050003,0.14938955481164382,0.11741620286054474,1.324,0.0,Commercial,0.780747060576137
MAC003132,3869.5060007,0.22088743011188494,0.13101980223546192,1.408,0.01141552511415525,Commercial,0.5904787043114441
MAC003133,7334.1740006,0.41899988577468006,0.486177584203041,2.776,0.091324200913242,Industrial,1.157565991491397
MAC003134,2962.0500000999996,0.16907643130886463,0.11533161033900496,1.337,0.005707762557077625,Commercial,0.6781163589301731
MAC003136,5212.523000599999,0.2975524032766297,0.48929015102771467,3.3399999,0.01141552511415525,Industrial,1.6388752716699893
MAC003137,5694.4989995999995,0.32504703462526396,0.298554678874596,2.0380001,0.005707762557077625,Industrial,0.9156797859478595
MAC003138,2207.9709996,0.12603293564701182,0.20538402169382147,2.303,0.005707762557077625,Residential,1.6167777328591768
MAC003139,2741.363,0.15655091085603334,0.11320886534972956,0.947,0.05136986301369863,Commercial,0.7185541786754721
MAC003141,4025.5329996,0.2299122165514878,0.14064887395871228,1.395,0.06278538812785388,Commercial,0.6091010517295476
MAC003142,2089.2049997,0.11924686071347032,0.11863801370562119,1.375,0.0,Residential,0.9866204656129629
MAC003143,4643.099999999999,0.2650171232876712,0.2994947979937346,2.3369999,0.0,Industrial,1.1258478187130103
MAC003144,7000.8839993,0.399639456519009,0.29578450125074707,2.2609999,0.01141552511415525,Industrial,0.7382810066205077
MAC003146,2472.2490003000003,0.1411181574462013,0.14058707418076172,1.898,0.005707762557077625,Commercial,0.98922668789863
MAC003147,8487.2149976,0.4844300797716895,0.5216714272065156,2.339,0.0,Industrial,1.0746582235939548
MAC003148,4369.628003,0.24953617743132886,0.3821887579006798,3.8629999,0.05136986301369863,Industrial,1.525483312706152
MAC003149,1272.9440002000001,0.0726607683201096,0.1057700055163294,1.614,0.005707762557077625,Residential,1.4359069003554483
MAC003150,2025.2289996,0.11559526253424657,0.14949931855904616,1.48,0.0,Residential,1.2822074869048385
MAC003152,1713.7290004000001,0.09783233432665411,0.1404859741731951,1.586,0.017123287671232876,Residential,1.4214576143559468
MAC003153,6768.608000199999,0.3863581254751983,0.23406770900622595,2.0580001,0.005707762557077625,Industrial,0.6042669395900223
MAC003154,1058.3329999000002,0.060407134697488596,0.10921268315898777,1.4579999,0.0,Residential,1.778501532387153
MAC003158,4358.3230005000005,0.24876272833904112,0.3515613081878225,2.1259999,0.0,Industrial,1.4075811492201296
MAC003159,1471.3219995000002,0.08398435980934986,0.17221482949801262,1.906,0.005707762557077625,Residential,2.026429685230926
MAC003160,2885.0069993999996,0.1646693492808219,0.23405690984645952,1.83,0.0,Commercial,1.4127954921203658
MAC003162,5903.9650005,0.3370035390433244,0.3109119394981677,2.7060001,0.005707762557077625,Industrial,0.9198481778568472
MAC003163,4063.1569982,0.23195507211280472,0.30851715702799715,2.4909999,0.017123287671232876,Industrial,1.3243633385179212
MAC003164,3404.0769998,0.1943299080778672,0.1494020956349506,1.71,0.017123287671232876,Commercial,0.764870557228708
MAC003166,7939.9810002,0.453324636037682,0.4609079572468024,5.5029998,0.028538812785388126,Industrial,1.0144903460805819
MAC003168,3788.6840003,0.21640966472268236,0.24437468660370992,2.184,0.07420091324200913,Commercial,1.124028625477266
MAC003169,1181.9360000000001,0.06746210045662102,0.0626613876523906,0.598,0.0,Residential,0.9152711826610422
MAC003171,4157.7889994,0.23733026995833095,0.2422582674827662,2.46,0.005707762557077625,Industrial,1.0164813203338459
MAC003172,2032.9340000000002,0.11603504566210046,0.0971944390124226,1.073,0.0,Residential,0.8304729447710818
MAC003173,4682.841999200001,0.2673007591300874,0.2852919471029041,2.5139999,0.005707762557077625,Industrial,1.0633288851955072
MAC003174,5375.442000399999,0.3068174657762557,0.23351585271432532,2.1110001,0.0,Industrial,0.7586179430249151
MAC003176,4696.5450003999995,0.26809824183125924,0.23161288452435994,3.201,0.01141552511415525,Industrial,0.8607001032343984
MAC003177,3168.1780003999997,0.18087337293902717,0.2295833193141252,2.5550001,0.0228310502283105,Commercial,1.2623250759807085
MAC003179,1184.778,0.06762817512415092,0.06156048150784353,0.804,0.005707762557077625,Residential,0.8970146939865198
MAC003181,2785.9200002000002,0.15903185296266698,0.235922169841911,2.4289999,0.01141552511415525,Commercial,1.4742200722811607
MAC003182,7376.722998200001,0.42109390331088026,0.3893764071351478,3.6459999,0.01141552511415525,Industrial,0.9224876362366329
MAC003183,4729.0969984,0.27085320723940437,0.24225463619974222,2.359,0.3424657534246575,Industrial,0.8911229654406964
MAC003184,5260.934997499999,0.3003159605833999,0.3408010712085319,3.8900001,0.01141552511415525,Industrial,1.1310422141219536
MAC003186,6732.542000199999,0.3845848280703758,0.3485475705277836,3.372,0.07990867579908677,Industrial,0.9039452414973334
MAC003187,2654.7899997,0.15162430748186648,0.11528526865306511,1.5039999,0.06278538812785388,Commercial,0.7553532628920353
MAC003188,7717.5999997,0.4406783532061897,0.36658703983173674,2.892,0.039954337899543384,Industrial,0.829986430556632
MAC003189,3736.7450003,0.21329670645013984,0.2840451100229077,2.158,0.005707762557077625,Commercial,1.325475854147092
MAC003190,3613.3800002,0.20630202684556093,0.10986990412313662,1.411,0.028538812785388126,Commercial,0.5299991794339242
MAC003191,4021.1209997,0.2295422422479735,0.13527896315278906,2.0369999,0.01141552511415525,Commercial,0.5867860129827387
MAC003192,4708.63,0.2687574200913242,0.23890895538334522,2.266,0.0,Industrial,0.8856436842495918
MAC003193,5347.351999799999,0.305231577133398,0.22121101724579903,1.982,0.005707762557077625,Industrial,0.7223651437795292
MAC003194,3462.209,0.19761466894977167,0.19669786347870696,3.141,0.0,Commercial,0.9903491243562204
MAC003195,5305.3159994,0.3028148401484018,0.25975718693162486,2.46,0.0,Industrial,0.8549851837544983
MAC003199,6940.0479991,0.39612146113584473,0.3176550065380813,3.3150001,0.0,Industrial,0.7998938300376064
MAC003200,3930.0290003,0.2243551407375692,0.1370681020552812,2.8829999,0.017123287671232876,Commercial,0.608231530049274
MAC003203,3754.6610001999998,0.21538899725791646,0.1571937769617916,2.2650001,0.502283105022831,Commercial,0.7264407107281456
MAC003204,2633.989,0.1503590021691974,0.09836510950079794,0.959,0.01141552511415525,Commercial,0.6498794791923906
MAC003205,1632.6489999,0.09318772830479452,0.11315019271708644,1.482,0.0,Residential,1.2013262741716073
MAC003206,1510.6229999,0.08622277396689497,0.1254184814847951,1.099,0.0,Residential,1.4379098001675243
MAC003208,3278.1300009,0.18715060521237725,0.21974368097508565,2.5699999,0.0228310502283105,Commercial,1.1679137610375865
MAC003209,2129.791,0.12157729192830233,0.0659385214706194,0.85,0.01141552511415525,Residential,0.5379342326243268
MAC003210,5472.6319999,0.3123648401769406,0.23542120619095303,1.985,0.0,Industrial,0.7512687321845778
MAC003212,4303.9690002,0.24568837768010046,0.18551198317454745,1.755,0.01141552511415525,Industrial,0.7520094173837201
MAC003213,5236.902998299999,0.29899531820154146,0.3100619803712108,2.9990001,0.028538812785388126,Industrial,1.0335560642413306
MAC003214,3821.2379999,0.2181694547473594,0.24269165029063552,2.418,0.028538812785388126,Commercial,1.107324241739756
MAC003215,3539.0529995,0.2053767989496286,0.15429599550913567,1.63,1.643835616438356,Commercial,0.7476421588785058
MAC003216,4820.3589995,0.2751503510188938,0.15444017893818326,1.78,0.005707762557077625,Industrial,0.5592612081366383
MAC003217,2040.9009996999998,0.11649643242764997,0.16536992867982642,2.003,0.005707762557077625,Residential,1.4074463816733773
MAC003219,2781.0459996,0.15878081642021125,0.14205240530198945,1.204,0.028538812785388126,Commercial,0.8890454341427482
MAC003220,4891.881999499999,0.28001614192902113,0.1791319021656171,2.5669999,0.28538812785388123,Industrial,0.6374434612046668
MAC003222,4016.7820007,0.22926837903538813,0.1461644464553245,1.65,0.0,Commercial,0.6347569174179215
MAC003223,6702.991000200001,0.38261264913522464,0.39029574562297803,4.4039998,0.005707762557077625,Industrial,1.017421470597539
MAC003224,5516.281999700001,0.31487425079627834,0.2747252298322985,1.54,0.005707762557077625,Industrial,0.8697297394129201
MAC003225,4178.5130002,0.2385404464348918,0.1702673802384144,1.7970001,0.017123287671232876,Industrial,0.7108084783698265
MAC003226,6091.827001,0.34788572902746845,0.3270682543422495,3.507,0.05136986301369863,Industrial,0.93746527051698
MAC003227,3014.8910003,0.17210246605206075,0.1385695736043546,2.1170001,0.01141552511415525,Commercial,0.8005060630544665
MAC003228,5333.1200005,0.3044365795467519,0.2838541484805229,2.0380001,0.01141552511415525,Industrial,0.9293390755676484
MAC003229,4627.996999800001,0.2656257246054067,0.2387358483428758,2.7409999,0.5536529680365297,Industrial,0.8953969040166453
MAC003230,3596.12,0.20528142482018494,0.2599518272240585,1.36,0.01141552511415525,Commercial,1.260180491048372
MAC003231,6679.1909988,0.4256430664542442,0.3002654209964983,2.7,10.433789954337898,Industrial,0.7037860089745548
MAC003232,4178.6099995,0.2385596026204613,0.27626815904451435,3.2130001,0.0228310502283105,Industrial,1.153233500233389
MAC003233,3097.9049991,0.1768412489496518,0.20066265968813032,2.427,0.01141552511415525,Commercial,1.128324620262532
MAC003234,2442.9069996999997,0.1394432901250071,0.13610912477508272,1.791,0.005707762557077625,Commercial,0.96913939180671
MAC003235,8103.0900011,0.4625579404669483,0.33615078178182123,2.131,0.01141552511415525,Industrial,0.7251537562773963
MAC003236,2773.943,0.1583481561822126,0.19477236864856787,2.3239999,0.01141552511415525,Commercial,1.2223070119860573
MAC003237,3869.3109993,0.22085108443493148,0.2521672327602684,2.9549999,0.0,Commercial,1.136650890855702
MAC003239,2566.046,0.1464721730692391,0.11726768678930437,1.357,0.005707762557077625,Commercial,0.7951851820495414
MAC003240,4276.351999500001,0.2440979507677379,0.15456725656635928,2.566,0.005707762557077625,Industrial,0.6306346343663713
MAC003241,4775.2230001,0.2726050693669007,0.1435484120816067,1.822,0.017123287671232876,Industrial,0.5246555278152036
MAC003242,2916.0089998000003,0.1664388698515982,0.12553105139811913,1.7079999,0.0,Commercial,0.7497127250642449
MAC003243,5342.349999800001,0.30506795339195986,0.19250102124581125,2.207,0.045662100456621,Industrial,0.628948634159319
MAC003244,5949.6839994,0.3395938355821918,0.2711745621295602,2.3340001,0.0,Industrial,0.7961816503990149
MAC003248,1944.1979996999999,0.11097653973971117,0.09644241636354578,1.423,0.005707762557077625,Residential,0.8612734112674462
MAC003249,5356.5600019,0.3057571780295679,0.24606580805373848,2.187,0.005707762557077625,Industrial,0.8021517528434836
MAC003250,4238.5070002,0.24193772476739542,0.1907828853569602,1.64,0.005707762557077625,Industrial,0.7853160127338326
MAC003251,762.8530000000001,0.04354432330612478,0.037956032793818914,0.622,0.005707762557077625,Residential,0.8520958446931893
MAC003252,4642.0189989,0.2649705462012672,0.27373556632761664,2.888,0.005707762557077625,Industrial,1.0291950377109556
MAC003253,6503.6020008000005,0.371273734132557,0.29941028118795115,2.9260001,0.017123287671232876,Industrial,0.8042745263391022
MAC003254,4177.8779981,0.23849058100810594,0.3348922456089298,2.3399999,0.01141552511415525,Industrial,1.3983524704781387
MAC003255,6798.3389999,0.3880330479394977,0.31836307944321474,3.174,0.0,Industrial,0.818344562574865
MAC003258,1426.7100001000001,0.0814425162746889,0.07909177315394877,1.446,0.01141552511415525,Residential,0.9593566126781496
MAC003260,5831.6869999,0.3328778469033621,0.30420851350421596,2.5899999,0.005707762557077625,Industrial,0.9111371608678978
MAC003261,4199.3340009,0.23968801375,0.23052498185347114,2.322,0.0,Industrial,0.957775080951538
MAC003263,4420.9780014,0.25235333074947197,0.226995336102339,2.1900001,0.005707762557077625,Industrial,0.895963496634678
MAC003264,6541.7870004,0.3737950403062682,0.3352201016302463,4.0770001,0.1084474885844749,Industrial,0.8944091185313371
MAC003266,1543.1760000000002,0.08809590683336188,0.07927735993864801,0.742,0.017123287671232876,Residential,0.8897980025830173
MAC003267,5657.296996700001,0.3229050797203197,0.31369716130821873,2.6229999,0.0,Industrial,0.96848484617495
MAC003270,2968.4280004,0.16950822295568754,0.2051961080150095,2.4230001,0.045662100456621,Commercial,1.2034381946983097
MAC003271,5000.4569992,0.285414212283105,0.2650834817079726,2.7049999,0.0,Industrial,0.9255248878709688
MAC003273,4565.3339991,0.26057842460616437,0.35587631751855137,3.661,0.0,Industrial,1.3604956832902524
MAC003275,3386.624,0.19330045662100456,0.15849815909414205,1.859,0.0,Commercial,0.8157374503926299
MAC003276,7179.6070009,0.4098183115988355,0.5745813594686776,4.7490001,0.005707762557077625,Industrial,1.3986264566262978
MAC003278,9697.5019994,0.5535103880936073,0.3132110446203702,3.1830001,0.0,Industrial,0.5648425193569084
MAC003279,4291.7170002,0.2449610159931507,0.18107812937288842,1.534,0.0,Industrial,0.7362066246218909
MAC003280,7321.5419996,0.4179200867401107,0.33600951626821224,2.9100001,0.005707762557077625,Industrial,0.8020849964080752
MAC003281,3666.856,0.2093193286904898,0.25755351802500914,2.7820001,0.01141552511415525,Commercial,1.2245832070148441
MAC003282,2857.6799994000003,0.16311889944631544,0.1774277030389598,2.118,0.005707762557077625,Commercial,1.0810924496663334
MAC003283,8704.4829966,0.4968879436351181,0.44839822141391084,3.961,0.01141552511415525,Industrial,0.9006006816315354
MAC003284,2170.8690002000003,0.1239221943258363,0.10247550411027231,1.607,0.01141552511415525,Residential,0.8203146339471433
MAC003287,2297.3930003,0.1318749210894897,0.152941760266763,1.844,0.565068493150685,Residential,1.1510205162323937
MAC003288,2861.4030005,0.16333141163879217,0.15609834307327394,1.848,0.005707762557077625,Commercial,0.9498996054167971
MAC003289,2767.9449996000003,0.15800576547551093,0.25364720904966465,2.421,0.01141552511415525,Commercial,1.5952076221332352
MAC003290,7919.8940006,0.45210035395593107,0.46567619072208366,3.7550001,0.01141552511415525,Industrial,1.027755080428332
MAC003291,4352.0029995,0.24841617669387525,0.1974010939842338,1.7309999,0.005707762557077625,Industrial,0.7914526499478702
MAC003292,7150.229001500001,0.40823459900085646,0.30191204031217317,2.7409999,0.028538812785388126,Industrial,0.7377480815387785
MAC003293,6273.8729977,0.358199999868684,0.3995366839615043,5.566,0.028538812785388126,Industrial,1.1122958911680583
MAC003294,5167.6670021,0.29497499869284777,0.32315797752423775,2.9189999,0.005707762557077625,Industrial,1.0918421452874116
MAC003295,4268.9770024,0.2437187144553551,0.3687562482979131,4.9640002,0.0228310502283105,Industrial,1.5068575736784797
MAC003296,5116.075998300001,0.2922136165352982,0.244090349851979,3.5699999,0.0684931506849315,Industrial,0.8324659432130924
MAC003297,4858.725999400001,0.27740371107051104,0.17751314744735014,1.819,0.028538812785388126,Industrial,0.637610564761443
MAC003299,6878.329000000001,0.39262109709458304,0.26758286801993875,3.223,0.005707762557077625,Industrial,0.6797980849985827
MAC003300,6747.9789999,0.38520259161433956,0.27071186648684176,2.118,0.01141552511415525,Industrial,0.7009581819615898
MAC003301,4052.4940001000004,0.23133314305856836,0.22793596521557946,2.454,0.01141552511415525,Commercial,0.9810738244871055
MAC003302,7282.3399995,0.41565867577054794,0.4534277943738993,3.875,0.0,Industrial,1.088247577073374
MAC003303,7207.6479981,0.4114424019922366,0.412638507851361,2.8740001,0.01141552511415525,Industrial,1.0004754745345705
MAC003304,2491.816,0.14223505907871453,0.11750404938858271,1.058,0.005707762557077625,Commercial,0.8203581591292436
MAC003305,5657.6730001999995,0.3229265411073059,0.24830659611637865,2.23,0.0,Industrial,0.7665521796008777
MAC003306,1930.3589999,0.11019288731019523,0.13685719415923442,1.1950001,0.01141552511415525,Residential,1.230808889578012
MAC003307,6026.5279976,0.343999543215937,0.3688219078997743,2.875,0.005707762557077625,Industrial,1.069050423840494
MAC003309,3026.5609999000003,0.17278836491778946,0.13206596036449303,1.455,0.0228310502283105,Commercial,0.7599240629657043
MAC003310,1939.0140000000001,0.11069958894724824,0.07765420514908326,1.921,0.0228310502283105,Residential,0.6952058273531928
MAC003311,2071.513,0.11825054229934924,0.11965397709535043,1.153,0.01141552511415525,Residential,1.0033830856298203
MAC003312,2756.9700004,0.15736130139269408,0.15490575233509452,1.957,0.0,Commercial,0.978179334046828
MAC003313,3158.0539997000005,0.18041898992801647,0.14692528315453512,1.474,0.091324200913242,Commercial,0.8098671655752919
MAC003314,2771.2939997,0.1586134386275183,0.19475577544859948,1.85,0.273972602739726,Commercial,1.2201715414645695
MAC003316,6692.1389983,0.38199320727781266,0.35976457850073396,2.849,0.005707762557077625,Industrial,0.939349763035799
MAC003317,7826.2990018,0.4480107047798958,0.3831325302525297,3.316,0.2910958904109589,Industrial,0.8532815057056168
MAC003318,5363.093001300001,0.3073758024587346,0.2629723264065565,2.8710001,0.410958904109589,Industrial,0.8527657627798025
MAC003319,8555.7350007,0.48842467321459154,0.20148560751773964,1.998,0.017123287671232876,Industrial,0.41167848403383805
MAC003320,6786.868000099999,0.38742253682497996,0.2692322354861447,2.543,0.01141552511415525,Industrial,0.6931426731489028
MAC003322,5801.5320028,0.3311754768124215,0.37429925274296294,3.0840001,0.01141552511415525,Industrial,1.1268118174609518
MAC003323,6311.1719999,0.36022671232305936,0.19219180761551788,1.9349999,0.0,Industrial,0.5320531429681012
MAC003324,4523.6370006,0.28910570720265866,0.2924720104989078,2.572,10.690639269406391,Industrial,1.0081566933621064
MAC003325,4563.9749997,0.26053059708300036,0.18258847768821396,1.605,0.01141552511415525,Industrial,0.69815340814699
MAC003326,7581.8230023,0.4328512789620918,0.342019963382805,4.7600002,0.0228310502283105,Industrial,0.7883345744676008
MAC003327,859.5239988,0.049059588972602736,0.16456208285053298,1.734,0.0,Residential,3.287323891943992
MAC003328,2404.1280003,0.13751232627695475,0.15509170532195543,1.584,0.21118721461187215,Commercial,1.1196960551499964
MAC003329,24780.0870011,1.4144692620069639,0.7118434424150694,4.8099999,0.005707762557077625,Industrial,0.5029027909837912
MAC003330,6358.4759982,0.3629474284034477,0.31498705564678164,2.8169999,0.005707762557077625,Industrial,0.8654740521963742
MAC003332,4285.2650008,0.24460671275757748,0.2424768899411732,2.8540001,0.005707762557077625,Industrial,0.9872567700562259
MAC003335,2574.5479999,0.1469490867522831,0.15883365526640122,1.859,0.0,Commercial,1.0735696904458936
MAC003339,6114.4199985,0.34911613557725246,0.3564216975807981,3.527,0.03424657534246575,Industrial,1.0180099154617634
MAC003340,3853.4999995,0.21997374126612626,0.20063671452890414,1.827,0.01141552511415525,Commercial,0.907966319343213
MAC003341,3323.7890001000005,0.1897248130658143,0.15955989296179926,2.4860001,0.005707762557077625,Commercial,0.8365974536660796
MAC003342,3531.3560003000002,0.20160744463918703,0.2797105996585192,2.796,0.0228310502283105,Commercial,1.3805544024141911
MAC003344,10927.857998700001,0.6238073980305971,0.44154876161376305,3.862,0.01141552511415525,Industrial,0.7066957961854033
MAC003348,4061.8390004000003,0.23185335923283293,0.25048900909198296,3.194,0.005707762557077625,Industrial,1.075737150270252
MAC003349,7392.203001899999,0.4219775660406439,0.3007172066185779,3.1170001,0.01141552511415525,Industrial,0.7109530877334568
MAC003350,5368.7889997,0.30649020949363476,0.17609405531770778,2.0020001,0.017123287671232876,Industrial,0.5726818281716805
MAC003351,1525.9080000000001,0.08757506887052342,0.11107085364238596,1.5829999,0.547945205479452,Residential,1.2539742283999378
MAC003352,12555.5209923,0.7168439047844705,0.39962236233045456,3.687,0.028538812785388126,Industrial,0.556698134046899
MAC003354,8806.5860014,0.5028025122123895,0.3867366548781478,3.3629999,0.028538812785388126,Industrial,0.7676354236104128
MAC003355,6406.3529991000005,0.36565941775684935,0.33902598410872187,3.046,0.0,Industrial,0.9246346000951416
MAC003356,10738.6730038,0.6129379568378995,0.4657965108198816,3.8829999,0.0,Industrial,0.7587029041484524
MAC003357,7048.7019999,0.40232317351027397,0.3486094605546712,3.5380001,0.0,Industrial,0.8643427490679282
MAC003359,1649.5910000000001,0.10112745218244239,0.07430893316480121,0.694,6.894977168949771,Residential,0.727609781472413
MAC003361,3032.1860002999997,0.17308973628838906,0.14742769458983374,1.2920001,0.01141552511415525,Commercial,0.8468488592895091
MAC003362,1154.548,0.06592519842402786,0.04413334662945036,1.646,0.039954337899543384,Residential,0.6594428954820305
MAC003363,3692.3109974000004,0.21082054341669523,0.31409773344861114,2.6429999,0.03424657534246575,Commercial,1.4828483034844988
MAC003364,8391.7159984,0.47900656421028603,0.40608276852548864,3.4749999,0.005707762557077625,Industrial,0.8459941984201447
MAC003367,1336.979,0.07631594269079285,0.10134958987825231,1.255,0.005707762557077625,Residential,1.310849824124585
MAC003368,2997.6250004999997,0.17113638961520894,0.2417183558949644,3.152,0.0228310502283105,Commercial,1.4042257795420128
MAC003369,4013.2159985999997,0.23097646035107913,0.31024502768068685,2.8699999,0.8276255707762556,Commercial,1.3373987481796819
MAC003370,2089.5579995999997,0.11927381697585476,0.1273120934752227,1.501,0.005707762557077625,Residential,1.0585187755434826
MAC003371,4106.7769999,0.23441845995205207,0.2026429347097786,1.727,0.005707762557077625,Industrial,0.8607775904703951
MAC003373,903.6929999,0.05158948449506194,0.06724215203074545,1.0549999,0.017123287671232876,Residential,1.278623524766807
MAC003374,6287.5400004,0.36002863034814475,0.39861212554687303,3.352,0.31963470319634707,Industrial,1.1041011488825305
MAC003375,3844.0890001000002,0.2194114726084475,0.14453617510145692,1.4630001,0.0,Commercial,0.6557561337028035
MAC003376,2509.4879999,0.14326832609614068,0.19096864711229472,2.096,0.0228310502283105,Commercial,1.3237046015563587
MAC003377,2474.3330002,0.14124517640141568,0.1607442316767498,1.589,0.01141552511415525,Commercial,1.1300504927009252
MAC003378,2210.76,0.12618493150684934,0.1418752014837564,1.523,0.0,Residential,1.1155032267019458
MAC003380,5205.903,0.29715754323876936,0.16461713308567372,1.654,0.005707762557077625,Industrial,0.5521146012188787
MAC003381,3899.3299998,0.22260261459153965,0.18138509493095983,1.849,0.017123287671232876,Commercial,0.8111939802774686
MAC003382,1905.0269999000002,0.1087468318244092,0.16319724385422654,2.05,0.01141552511415525,Residential,1.487033758890972
MAC003384,1414.8690002,0.08077119370896843,0.11428693048952254,2.253,0.017123287671232876,Residential,1.3976429266311161
MAC003385,3095.8630000000003,0.17673477193583378,0.10093789332836824,0.839,0.017123287671232876,Commercial,0.5679130325989844
MAC003386,3978.1320005000002,0.22706232879566213,0.23784442491174307,2.3570001,0.0,Commercial,1.0428922048097011
MAC003388,10358.5890023,0.5912436645148401,0.5254379300670227,3.9579999,0.0,Industrial,0.8871989040143738
MAC003389,4449.8549994,0.2539871575,0.12355073868128327,2.3169999,0.0,Industrial,0.4845371033295403
MAC003391,4470.6219999,0.25520162118392514,0.2855853253331813,2.2539999,0.01141552511415525,Industrial,1.1146897666512494
MAC003392,1909.4920001,0.10902038253497003,0.1531006411412836,1.669,0.028538812785388126,Residential,1.3915661590489425
MAC003393,3199.5010007,0.1827242147744146,0.2198866814298572,2.2969999,0.05707762557077625,Commercial,1.1968301603566225
MAC003394,10234.0879942,0.5873558307047749,0.4891211001796495,5.4039998,0.547945205479452,Industrial,0.8313355195167269
MAC003395,2800.5470001000003,0.1598576973628632,0.1454253758151234,1.5140001,0.005707762557077625,Commercial,0.9040622749129156
MAC003397,2682.7590001,0.15312551370433788,0.14813777067088785,2.3640001,0.0,Commercial,0.9611502152399216
MAC003398,3842.5680004,0.21943738223973502,0.25523459580631935,2.7509999,0.05136986301369863,Commercial,1.157855320241196
MAC003400,4283.1509988,0.24454187832143875,0.22931741379082712,1.938,0.028538812785388126,Industrial,0.9339238396255477
MAC003401,3476.7150001,0.19844263699200912,0.16852703904112187,1.691,0.0,Commercial,0.8449900261190093
MAC003402,5495.8929997,0.3137283365509761,0.2543696952820852,2.1259999,0.01141552511415525,Industrial,0.8082198700938557
MAC003403,2063.17,0.11777428930243179,0.10341048860075239,1.2180001,0.01141552511415525,Residential,0.8706470837088406
MAC003404,2166.2390004,0.12364377856164382,0.11022585736784181,1.262,0.0,Residential,0.8843269887981494
MAC003405,1793.6649999,0.10237813926369864,0.11449245654734577,1.3099999,0.0,Residential,1.107511291679342
MAC003406,4578.121999500001,0.2613232490153548,0.24287682411173558,2.875,0.005707762557077625,Industrial,0.9258684658084539
MAC003407,2371.3010000000004,0.13534823059360732,0.15226725892948884,1.76,0.0,Commercial,1.1167527313451464
MAC003408,7720.1330007,0.44064686077054793,0.4167291267056942,3.744,0.0,Industrial,0.9435799588354836
MAC003410,1882.977,0.10749426271621854,0.08145504768248042,0.83,0.017123287671232876,Residential,0.7507774664134743
MAC003411,3116.3440004000004,0.17787351600456622,0.19580026574120357,2.046,0.0,Commercial,1.0946297144190158
MAC003412,2342.6650003,0.1337213882242137,0.16539547062075255,1.489,0.005707762557077625,Commercial,1.2276853200583762
MAC003413,5303.6329993,0.3027533393823496,0.21706751008666111,2.187,0.01141552511415525,Industrial,0.714617691209733
MAC003415,1947.6450000000002,0.11118599075184107,0.1255647366253041,1.374,0.017123287671232876,Residential,1.1192550494389022
MAC003416,2264.9859999,0.13107557869791667,0.09798286998276827,1.638,1.36986301369863,Residential,0.741869700278768
MAC003417,6036.2550003,0.3445351027568493,0.26899884774892935,2.5569999,0.0,Industrial,0.7784993350971406
MAC003418,3373.1820005,0.192533219206621,0.20669887494618777,1.881,0.0,Commercial,1.068027885825176
MAC003420,1233.1970001,0.07038795662671232,0.06909394960098512,1.151,0.0,Residential,0.9678656298047223
MAC003421,2847.806,0.16257384255294857,0.09857648069940578,1.122,0.017123287671232876,Commercial,0.602642079937058
MAC003422,6041.848996799999,0.3535933163691695,0.4371354771914522,1.127,2.471461187214612,Industrial,1.2327797987493578
MAC003423,6352.0300002,0.36262088258263403,0.4251667402167946,6.1220002,0.017123287671232876,Industrial,1.1692583143108513
MAC003424,3675.9980002,0.20982921400764884,0.1702330859099208,1.6720001,0.005707762557077625,Commercial,0.8074454326037794
MAC003426,7510.8550046,0.42889761332800364,0.4397159772402928,4.4419999,0.045662100456621,Industrial,1.0228388425706332
MAC003428,10129.5550002,0.5783029801438685,0.5076070064274282,7.4109998,0.0228310502283105,Industrial,0.8762375196160137
MAC003431,11295.563995100001,0.6447239723230594,0.41957756434607607,3.638,0.0,Industrial,0.649778515789962
MAC003432,5239.7050002000005,0.2991211394759377,0.22949747244238874,2.3010001,0.017123287671232876,Industrial,0.7646827972302456
MAC003433,5443.5940008,0.31074289306998515,0.25141991904005345,2.859,0.01141552511415525,Industrial,0.8064976768647958
MAC003435,3352.6999993,0.19137507844625834,0.1887664344929635,2.2869999,0.005707762557077625,Commercial,0.9812416245262093
MAC003437,2415.8930002,0.1379249257935602,0.18776713478614124,2.1500001,0.0228310502283105,Commercial,1.351572683689316
MAC003440,1743.5870002000001,0.09955389974877242,0.144850220858879,2.178,0.03424657534246575,Residential,1.4405231544552537
MAC003441,6136.473000800001,0.3502753011473258,0.27551493585553555,2.6129999,0.005707762557077625,Industrial,0.7843276625360683
MAC003442,2558.271,0.14602003424657536,0.09978500604496292,1.562,0.0,Commercial,0.6787170643533385
MAC003443,3776.3379993999997,0.21554440635844746,0.23623653951031814,3.2249999,0.0,Commercial,1.0909380827841573
MAC003444,2513.7270006,0.14347756852739726,0.14293424476667124,1.546,0.0,Commercial,0.9893179005124705
MAC003445,6942.7189996,0.3962739155022831,0.32835345373559255,2.8299999,0.0,Industrial,0.8265165190129518
MAC003446,2153.0669995,0.12290598238954217,0.2115585445582047,2.2869999,0.01141552511415525,Residential,1.707411865660334
MAC003447,1218.4779999999998,0.0695478310502283,0.06910936506111591,0.938,0.0,Residential,0.9796100607531331
MAC003448,1684.8370000000002,0.09618845626855448,0.07799893823100763,1.092,0.0228310502283105,Residential,0.8025535256520413
MAC003449,16451.7130057,0.9392391531000228,0.7123493688599831,5.2140002,0.0228310502283105,Industrial,0.7576257237441412
MAC003450,2822.0230007,0.1610835664535647,0.17597042428759027,2.0550001,0.005707762557077625,Commercial,1.0856771487564967
MAC003451,750.3019999,0.0428279011302015,0.11371859386946025,2.1730001,0.005707762557077625,Residential,2.5946620973619376
MAC003452,5371.2059992,0.30659318449683204,0.27578916250016106,2.78,0.005707762557077625,Industrial,0.8966036193269473
MAC003453,3937.3680001,0.22474844455162965,0.23316043674868062,2.737,0.005707762557077625,Commercial,1.032832971282581
MAC003454,5049.609,0.2882690529200206,0.23878513996314896,2.4849999,0.017123287671232876,Industrial,0.8254776567100325
MAC003455,2558.0670007,0.14605007140736512,0.16745252011365247,1.806,0.028538812785388126,Commercial,1.1387449085268888
MAC003456,4343.3569994,0.24797927487296603,0.22962545041935045,3.3340001,0.028538812785388126,Industrial,0.9222673274171505
MAC003457,3552.5760002,0.20280733003368157,0.22519187994393736,2.2079999,0.017123287671232876,Commercial,1.1049253228856968
MAC003458,5215.0829995,0.2976985386174221,0.20673782011012523,4.3039999,0.01141552511415525,Industrial,0.6921286627883987
MAC003459,6321.2999984,0.36080479442922375,0.32807152471408524,2.8559999,0.0,Industrial,0.9067638952425838
MAC003460,2524.6389999,0.1441086249158057,0.17662511398517147,1.989,0.005707762557077625,Commercial,1.217192390098467
MAC003462,1111.1000000000001,0.0634189497716895,0.02699481561585336,0.328,0.0,Residential,0.41905084934676934
MAC003465,1386.1059997999998,0.07911563925799085,0.18294146692376645,2.4660001,0.0,Residential,2.2834676053030383
MAC003466,2120.777,0.12109729914920345,0.10136531756008767,0.927,0.039954337899543384,Residential,0.8302011450410446
MAC003468,6388.692999999999,0.3657160112198752,0.17373160378461855,1.8200001,0.2910958904109589,Industrial,0.4737497095005561
MAC003469,2274.6019997,0.12983629200867627,0.18078057618219218,2.0739999,0.005707762557077625,Residential,1.3817311191470016
MAC003470,1445.9029997000002,0.08252871002853883,0.10983087658338572,1.352,0.0,Residential,1.3148877379509436
MAC003473,1507.3489999,0.0860506365188103,0.10182724566667177,1.289,0.017123287671232876,Residential,1.1697472843253531
MAC003475,5309.625999399999,0.30313005248915276,0.2502995224424726,2.1760001,0.0228310502283105,Industrial,0.8230016086667394
MAC003477,2380.1059998,0.1358585535589931,0.18295554111230158,2.2939999,0.005707762557077625,Commercial,1.3368221156410096
MAC003478,3658.9809999,0.2088817148998116,0.14026406821313975,1.47,0.017123287671232876,Commercial,0.6683005629151434
MAC003479,1026.1240001,0.06325508569226976,0.12239976627386229,2.375,7.408675799086758,Residential,1.904903945814637
MAC003480,2625.8949999999995,0.15005971769815415,0.2961291005241769,2.5799999,0.11986301369863014,Commercial,1.9603445911099793
MAC003482,4804.865001,0.2742972541531084,0.23242854592735537,2.553,0.017123287671232876,Industrial,0.8442821075072863
MAC003485,2569.917,0.14672663431344563,0.1401503204323638,1.501,0.028538812785388126,Commercial,0.9487139613225978
MAC003486,1764.7040000999998,0.10073086363947713,0.0936456217165516,1.476,0.005707762557077625,Residential,0.920523215534877
MAC003487,2212.8789999,0.12631308864090415,0.11922203043347333,1.363,0.005707762557077625,Residential,0.9364475538705039
MAC003488,3994.5449995,0.2280121581996689,0.24796497138934345,2.5190001,0.005707762557077625,Commercial,1.0827589824866422
MAC003490,3324.0200007999997,0.18972716899543376,0.17381091386023087,2.1619999,0.0,Commercial,0.9113065263627549
MAC003491,4108.5340007,0.23451875111022322,0.24765922629068174,3.427,0.005707762557077625,Industrial,1.0515478072265114
MAC003492,1172.5580000000002,0.06694211007079243,0.08635728824602043,0.573,0.0228310502283105,Residential,1.271042188063342
MAC003493,2404.0379997,0.13723244660920197,0.1419816602613617,1.747,0.01141552511415525,Commercial,1.027122529797647
MAC003494,2159.285,0.1232468607305936,0.10602577085911052,1.145,0.0,Residential,0.8533476840836072
MAC003495,2368.2160001999996,0.13517986187567782,0.14200791811920593,1.438,0.005707762557077625,Commercial,1.0427967554325228
MAC003496,1917.596,0.11006118349308386,0.14251861963960757,2.26,0.5536529680365297,Residential,1.2832442006930591
MAC003498,2547.0810002999997,0.14541453529915505,0.136181801483929,1.655,0.0228310502283105,Commercial,0.9301112161144488
MAC003499,1471.1300012,0.08420410973613417,0.1390662217672331,2.2980001,0.2796803652968036,Residential,1.6321539207193496
MAC003500,2251.7609997,0.12856186124464744,0.19373617073205265,2.575,0.028538812785388126,Residential,1.4953179035165831
MAC003501,4525.189000099999,0.25836077648301453,0.22745867933157476,2.108,0.028538812785388126,Industrial,0.8769972176053805
MAC003504,1588.174,0.09065955017696084,0.08269948870628148,1.498,0.01141552511415525,Residential,0.9022462858111262
MAC003506,12134.2029951,0.6926705671366594,0.5786715171725361,4.1399999,0.01141552511415525,Industrial,0.8342166218197528
MAC003507,23024.936996,1.3250999652394106,0.9046534799153131,5.4899998,0.821917808219178,Industrial,0.6821910139723059
MAC003508,4904.1389997,0.27999651725378244,0.178939018823595,1.6619999,0.028538812785388126,Industrial,0.6368015538854026
MAC003509,1040.5259998000001,0.05940092480447566,0.08183396924400826,1.522,0.017123287671232876,Residential,1.3548462959617538
MAC003510,5096.8100008,0.2909802466773236,0.21277936383813578,3.082,0.0228310502283105,Industrial,0.7287457499591911
MAC003511,3647.7699996,0.20820605020547947,0.1678384699793975,1.673,0.0,Commercial,0.8022639393772251
MAC003512,2435.2360005000005,0.13899748861301373,0.16154857562169528,1.71,0.0,Commercial,1.1539390972094783
MAC003514,4887.7419999,0.2790444165277461,0.1900106271671897,1.7869999,0.0228310502283105,Industrial,0.6785017516975345
MAC003515,2912.0410008999997,0.16712815661730945,0.19919662939034774,2.1819999,0.547945205479452,Commercial,1.1847904205822932
MAC003516,1379.4380001,0.07874403471286676,0.07761823220300083,1.3710001,0.01141552511415525,Residential,0.9733421751542887
MAC003517,2809.7409997,0.16128471383387866,0.15455070231498044,1.5930001,0.565068493150685,Commercial,0.952342945085912
MAC003518,3689.1480025,0.2105798277584337,0.2965835006001818,3.2509999,0.005707762557077625,Commercial,1.4017569810048198
MAC003519,1312.2110000000002,0.07490643909122047,0.06469804608302994,1.123,0.01141552511415525,Residential,0.8523393648499193
MAC003520,2983.507,0.17029149543378996,0.11748738969341625,1.1720001,0.0,Commercial,0.6858915522681578
MAC003521,1216.436,0.069439205388743,0.0681821330170798,1.021,0.01141552511415525,Residential,0.9679571573925804
MAC003522,3825.8729998999997,0.21875881982388928,0.13010010321424967,1.406,0.1769406392694064,Commercial,0.5920131138240983
MAC003526,2826.8990001,0.1613711040130152,0.13464225223370815,1.309,0.01141552511415525,Commercial,0.8292254527191958
MAC003527,4984.8920020000005,0.28452579920091325,0.3454216492606204,2.4389999,0.0,Industrial,1.2097738636134971
MAC003529,1793.993,0.1024027056338832,0.08024581124368768,1.092,0.005707762557077625,Residential,0.7760513687892571
MAC003530,793.4340002000001,0.04529249915515471,0.0745960144939336,1.3940001,0.01141552511415525,Residential,1.611406077773342
MAC003532,2053.885,0.1172308789954338,0.20134160207659532,1.874,0.0,Residential,1.7029527631641082
MAC003533,4538.552000400001,0.2590645585021977,0.35939534635499354,2.4549999,0.005707762557077625,Industrial,1.38194665364968
MAC003534,4593.690999100001,0.26225685082781464,0.3819134466509058,3.503,0.0228310502283105,Industrial,1.450725576371418
MAC003535,4626.564999300001,0.26407334470890415,0.22990765276058794,2.306,0.0,Industrial,0.867335993413694
MAC003537,4197.0579995,0.23959913224296397,0.245760848933421,2.346,0.017123287671232876,Industrial,1.0214535964545566
MAC003538,1481.968,0.08459204292482449,0.11896603807783375,1.368,0.005707762557077625,Residential,1.3899193664803824
MAC003540,1958.4730000000002,0.1117849885844749,0.07585987810279352,0.96,0.0,Residential,0.6726061602247286
MAC003542,1193.228,0.06810662100456621,0.07092031451978721,0.749,0.0,Residential,1.0262448588696176
MAC003543,2166.5349999,0.123667732170786,0.09557076385185537,1.148,0.005707762557077625,Residential,0.7666038532002023
MAC003546,899.1760000000002,0.05132576060277414,0.04334114224958773,0.764,0.005707762557077625,Residential,0.8282945484272602
MAC003547,4675.839000399999,0.26690102177064895,0.328209678892052,2.625,0.005707762557077625,Industrial,1.225115442721355
MAC003548,5086.808000700001,0.29039264718273683,0.3497565200699279,2.737,0.017123287671232876,Industrial,1.2002928812770977
MAC003549,3341.3419999000002,0.1907376412775431,0.15548506752091298,2.1800001,0.01141552511415525,Commercial,0.8109261514062647
MAC003551,1214.6559998,0.06933363775329643,0.0965753821794646,2.4419999,0.005707762557077625,Residential,1.3731037561033625
MAC003552,2536.6790001,0.14481241080664498,0.15984378860018744,1.34,0.017123287671232876,Commercial,1.0962289678630224
MAC003553,5947.4170011999995,0.3395031967804544,0.1948952247851614,2.5120001,0.01141552511415525,Industrial,0.5723741410593088
MAC003556,6506.449999300001,0.37139391513785036,0.26977076740907735,3.0280001,0.005707762557077625,Industrial,0.7244231348657116
MAC003557,3136.8569992000002,0.20176606414099185,0.23080764713646412,2.0639999,11.261415525114156,Commercial,1.1382952473544772
MAC003558,4240.449999199999,0.24203481730593604,0.21255322942878405,2.3,0.0,Industrial,0.8745793371705203
MAC003561,2353.1910008000004,0.13432222163365493,0.16608567215051406,2.033,0.005707762557077625,Commercial,1.2273348024106647
MAC003562,2214.0799997000004,0.1267216117044414,0.13924710208093952,1.906,0.273972602739726,Residential,1.0902391554780022
MAC003563,3515.5130012000004,0.20066858845824537,0.17909115737549974,1.974,0.005707762557077625,Commercial,0.8880468631463636
MAC003564,1419.73,0.08103944289057595,0.046084768626505256,1.219,0.005707762557077625,Residential,0.561739170851916
MAC003565,2809.1870001,0.16035087619727154,0.12413068152212102,1.652,0.005707762557077625,Commercial,0.7693213972408541
MAC003566,10498.8890002,0.5992858610765455,0.3416052229706602,2.7869999,0.005707762557077625,Industrial,0.5690709129114411
MAC003567,3532.8040001000004,0.20164406393264842,0.12363677297714026,1.396,0.0,Commercial,0.6101179110690983
MAC003568,8012.8720007,0.45735570780251145,0.5212363395191554,4.4650002,0.0,Industrial,1.1371874084826208
MAC003569,1929.1950000000002,0.11012644137458615,0.06680551060937688,0.909,0.01141552511415525,Residential,0.6011666510960085
MAC003570,2967.2789999,0.16937490723785606,0.10523801658533631,2.6229999,0.005707762557077625,Commercial,0.6176849530923952
MAC003573,4412.9629982999995,0.2518958272903704,0.24365634058689836,2.688,0.005707762557077625,Industrial,0.9634652465306854
MAC003574,7390.763999899999,0.4220158739165191,0.3559952075143368,4.6700001,0.039954337899543384,Industrial,0.8415646538706283
MAC003575,4024.4580006,0.22970650688356165,0.1787350530972684,2.1210001,0.0,Commercial,0.7747291375161628
MAC003576,3559.7100012,0.2317821331683813,0.18577494723179785,2.53,12.340182648401827,Commercial,0.7980636000848865
MAC003577,2167.368,0.12371528055254295,0.12372529912004485,1.551,0.005707762557077625,Residential,0.992062067870817
MAC003578,625.1470002,0.03588261968775112,0.07606172940900849,1.171,0.5593607305936072,Residential,2.062264829693454
MAC003579,3956.9439996000006,0.22585296801369867,0.15620663512186675,1.776,0.0,Commercial,0.6885809627689513
MAC003582,3202.1829984,0.18279386907181186,0.26544412198813067,2.2939999,0.01141552511415525,Commercial,1.4442490564493011
MAC003583,3063.5809992000004,0.17496179321530556,0.2046673302842227,2.3280001,0.05707762557077625,Commercial,1.163135056448267
MAC003584,2639.2960000000003,0.15066194771092592,0.1289261606774389,1.517,0.01141552511415525,Commercial,0.8500890475386589
MAC003585,6572.7509969,0.37522127058857113,0.4506768624570088,4.1059999,0.017123287671232876,Industrial,1.1979037276439932
MAC003586,2140.7009997,0.1221931046121354,0.11893340760148349,1.3279999,0.005707762557077625,Residential,0.9654226019868299
MAC003587,1246.0370000000003,0.07113301364388881,0.08260243700196947,1.214,0.017123287671232876,Residential,1.145140523446959
MAC003589,5250.0700004,0.29969574154583856,0.1824182750312762,2.046,0.01141552511415525,Industrial,0.6066540021268244
MAC003590,4152.5199994,0.23736824050531613,0.1620868162079984,2.007,0.14840182648401826,Industrial,0.6799849504463809
MAC003591,3529.6919998,0.2015009419306959,0.08907523002182038,1.339,0.017123287671232876,Commercial,0.43987563303436666
MAC003593,3721.2569998,0.2124490180292304,0.11980238299016333,1.293,0.0228310502283105,Commercial,0.5612693096285746
MAC003594,9132.353001599999,0.5213720599223566,0.7618372171137722,5.592,0.0228310502283105,Industrial,1.4584187699989328
MAC003595,5894.3489987,0.3365122744176753,0.24869845452977565,2.3900001,0.0228310502283105,Industrial,0.7368575112086397
MAC003596,5285.4729992,0.3016822488127854,0.22199499902789502,2.392,0.0,Industrial,0.733425894312035
MAC003597,9867.9899976,0.5632735885381586,0.3539322477086093,2.902,0.005707762557077625,Industrial,0.6272351832477712
MAC003598,1582.0539999999999,0.09032050696506051,0.09464048976969612,1.824,0.0228310502283105,Residential,1.0363552822358493
MAC003599,4549.953001,0.2599973143428571,0.22537761056189798,2.0090001,0.1141552511415525,Industrial,0.8635246348390866
MAC003600,1321.8070000999999,0.07544991153033848,0.11706544792314362,1.404,0.005707762557077625,Residential,1.5312698939708678
MAC003601,2003.4499999,0.11435869626691021,0.09081423855876515,1.119,0.005707762557077625,Residential,0.7872335723060225
MAC003602,9709.3869972,0.5542203891317997,0.7462906978393303,4.066,0.005707762557077625,Industrial,1.344134171668854
MAC003603,13501.8460022,0.7706533106278539,0.3987290191545637,4.0370002,0.0,Industrial,0.516720415325036
MAC003604,2411.0039997000003,0.13761438354452057,0.14129474810947412,1.415,0.0,Commercial,1.0193368429481393
MAC003607,7879.7609982,0.44975804784246576,0.47651209777614795,3.608,0.0,Industrial,1.0571349753087114
MAC003609,8775.699998099999,0.5009247102060619,0.4003438205563385,3.085,0.005707762557077625,Industrial,0.7976172768859695
MAC003610,6650.4640004,0.37961436157314915,0.2295442175812304,2.5320001,0.005707762557077625,Industrial,0.6030886922723618
MAC003611,3029.3720002000005,0.17291923056110511,0.16968394951519802,2.0339999,0.005707762557077625,Commercial,0.9756480003261108
MAC003612,3971.8429998000006,0.22671630799703182,0.22833855047572216,2.0009999,0.005707762557077625,Commercial,1.0027325336694746
MAC003613,11527.8599956,0.6580955640577725,0.553299955091639,4.2410002,0.017123287671232876,Industrial,0.8394836580073537
MAC003614,3805.6439967999995,0.2172171231050228,0.35894018686942986,3.8139999,0.0,Commercial,1.6448763587478894
MAC003615,5139.2410002,0.29340266043617264,0.19096102272179288,2.2709999,0.0228310502283105,Industrial,0.6486389166418345
MAC003616,1179.347,0.06732201164516498,0.03654539557580964,0.413,0.01141552511415525,Residential,0.5348992908114392
MAC003618,1358.5779990000003,0.07754440633561646,0.13624977961704499,2.0969999,0.0,Residential,1.7346846958758113
MAC003619,1803.6799999,0.10295564814772533,0.10295938086955608,1.633,0.005707762557077625,Residential,0.9904164199259908
MAC003620,2397.4839999,0.13688175848701115,0.08977987365094238,1.21,0.028538812785388126,Commercial,0.6511367031876076
MAC003621,5598.4249993,0.31956304579599293,0.26884897416212855,2.119,0.005707762557077625,Industrial,0.8386773762226625
MAC003622,6104.872000599999,0.34847148813288426,0.37456050734432456,2.901,0.005707762557077625,Industrial,1.0717913193590785
MAC003623,5884.2389965,0.3360501996858938,0.3689322836695921,4.6469998,0.05707762557077625,Industrial,1.0945915000596649
MAC003624,2167.1910002,0.12373342850128462,0.12654968652800586,1.562,0.028538812785388126,Residential,1.0145611168436899
MAC003625,1988.0439998,0.11347283103881278,0.11844272389306619,1.59,0.0,Residential,1.0346797822525013
MAC003627,0.0,0.0,0.0,0.0,0.01141552511415525,Inactive,0.0
MAC003628,4308.6639993,0.24599851551812732,0.17273574732460836,1.915,0.028538812785388126,Industrial,0.6993392124736524
MAC003629,1420.784,0.08110423564333828,0.08007914024719168,0.833,0.01141552511415525,Residential,0.9753350679136258
MAC003630,1234.2930000000001,0.07084273661252369,0.07620899698426417,1.404,0.5536529680365297,Residential,1.0607752513004822
MAC003631,1774.631,0.10130328804658066,0.05275075988903543,0.833,0.01141552511415525,Residential,0.5156311287376901
MAC003632,3504.4960001,0.20037141224128072,0.17823908700062907,1.7819999,0.17123287671232876,Commercial,0.8851260713564705
MAC003633,5724.8799992,0.3267812089274502,0.29169716622614345,3.576,0.005707762557077625,Industrial,0.8899142424320807
MAC003635,769.6220000000002,0.04406653306613228,0.02784135234913257,0.419,0.3139269406392694,Residential,0.6177833184611107
MAC003636,2789.1739998000003,0.15919942921232877,0.12729484946394987,1.348,0.0,Commercial,0.7946023908439331
MAC003639,6608.9209989,0.37724305033963124,0.387164939795517,3.517,0.005707762557077625,Industrial,1.0235877154857826
MAC003640,5004.4470011,0.28572349421067655,0.22381833155189734,2.033,0.028538812785388126,Industrial,0.7806068776053691
MAC003641,3436.3739997,0.19614006847602738,0.17231544067866714,1.723,0.0,Commercial,0.8740761936968741
MAC003642,8355.0249991,0.4770483612595638,0.40435043164709433,3.039,0.03424657534246575,Industrial,0.8458358283703978
MAC003644,4175.8209990000005,0.23864561658475258,0.1878487502746273,1.808,0.12557077625570776,Industrial,0.7838605727561601
MAC003645,1417.462,0.0811322763436552,0.07008311906656073,0.813,0.2796803652968036,Residential,0.8532957101215753
MAC003646,3648.4759990000002,0.20824634697488587,0.22415802546772884,2.5369999,0.0,Commercial,1.0712637458594807
MAC003647,3143.0999989999996,0.17941092522404245,0.24103112375991664,3.4349999,0.005707762557077625,Commercial,1.3360117934132496
MAC003650,4447.6700002,0.25390591997488154,0.26811845269710677,2.3970001,0.017123287671232876,Industrial,1.0518329771373187
MAC003651,8218.2160023,0.4691030311262058,0.4155019926294296,4.4770002,0.005707762557077625,Industrial,0.883853038841356
MAC003653,4819.044999600001,0.27510675341668095,0.20448888513004873,2.187,0.017123287671232876,Industrial,0.7406152967995261
MAC003654,2622.9880001,0.149731019528485,0.16391938617399604,2.9460001,0.01141552511415525,Commercial,1.0874960355656502
MAC003655,7413.3130003,0.4232067705828623,0.2467585269074486,3.22,0.017123287671232876,Industrial,0.5816939851488016
MAC003656,6321.7569988,0.36182217255036625,0.3210043643562527,4.822,0.273972602739726,Industrial,0.8847429640251424
MAC003657,1882.7130001,0.10747305629067246,0.05356959484574897,1.3660001,0.01141552511415525,Residential,0.4938516224913946
MAC003658,3111.3059995,0.17758595887557077,0.23891444917815713,2.3080001,0.0,Commercial,1.3378120580275858
MAC003659,2855.8750003,0.16303448080721586,0.19410936305389362,2.007,0.017123287671232876,Commercial,1.1833448802878448
MAC003660,1864.394,0.10645163868904876,0.10154683950864184,1.626,0.03424657534246575,Residential,0.9450469136399617
MAC003662,3741.6689994,0.23204148833488372,0.18399011508230292,1.954,7.962328767123288,Commercial,0.7895165637541186
MAC003663,2446.4170000999998,0.13965161548692773,0.12114827458707612,1.0700001,0.01141552511415525,Commercial,0.8613358201942284
MAC003664,2445.9039996,0.13966219377605207,0.14568897701269007,1.558,0.039954337899543384,Commercial,1.0357365621969548
MAC003667,14555.421000999999,0.8307888699200913,0.43437928176648927,2.7060001,0.0,Industrial,0.5222230033063793
MAC003668,13074.716005200002,0.7462737445890412,0.631319585662476,4.9569998,0.0,Industrial,0.8448304121934146
MAC003670,2214.0059998,0.12639184790774677,0.10715030267188098,1.789,0.017123287671232876,Residential,0.841108002055798
MAC003671,1932.2530001,0.11030100468660806,0.12774227241627667,2.0450001,0.01141552511415525,Residential,1.1477189516479438
MAC003672,2359.7429996000005,0.1347039045324809,0.1737935086026852,2.0220001,0.01141552511415525,Commercial,1.2806817106805315
MAC003673,2327.5999994,0.13285388124429223,0.18252556373789847,2.339,0.0,Commercial,1.36361801421938
MAC003674,3567.9130001000003,0.2036480022888128,0.18435656679171342,1.807,0.0,Commercial,0.9008471362038376
MAC003676,5152.218999000001,0.29409321302585767,0.3237234360836638,2.6289999,0.005707762557077625,Industrial,1.0970209472601369
MAC003678,4720.0049982,0.26940667797945206,0.23262821301533734,2.4159999,0.0,Industrial,0.8602901923635722
MAC003680,5583.557998,0.3196083570692616,0.24204695808668053,2.214,0.28538812785388123,Industrial,0.7549614748014528
MAC003681,2818.4929994,0.16090043953873379,0.1698584165197578,1.896,0.017123287671232876,Commercial,1.0491535230151128
MAC003683,3389.784,0.21664114526746342,0.11241227469475941,1.473,10.690639269406391,Commercial,0.5165028632642683
MAC003685,4278.41,0.24424330650225495,0.2644390148063023,2.2780001,0.017123287671232876,Industrial,1.078272098748884
MAC003686,5852.701002,0.33417271908187735,0.2976928296428647,2.6159999,0.03424657534246575,Industrial,0.8881773864481587
MAC003687,4466.3009971,0.254954960446398,0.29373397189673767,5.0689998,0.01141552511415525,Industrial,1.1476002316362661
MAC003688,2562.195,0.14627740351678467,0.07086605600020211,1.053,0.0228310502283105,Commercial,0.4811739907685551
MAC003689,5428.0639994,0.30985637626441376,0.4437115715254934,3.0810001,0.01141552511415525,Industrial,1.4273844945939707
MAC003690,1976.102,0.1127912100456621,0.11177113894889402,1.214,0.0,Residential,0.9822475646760636
MAC003691,1824.0980003999998,0.10416274556875285,0.12274525223541173,1.939,0.045662100456621,Residential,1.1671933018824034
MAC003692,2883.6380004999996,0.16569775328966269,0.1490147513665664,1.8430001,0.6678082191780822,Commercial,0.8939217741443138
MAC003693,7004.131999200001,0.39987051833752,0.32602453511237184,2.5799999,0.0228310502283105,Industrial,0.8132913751414109
MAC003694,826.3750000000001,0.0471890703517588,0.0489549603606547,1.177,0.045662100456621,Residential,1.0158934381448996
MAC003696,1679.1310000000003,0.09584628118043269,0.08580168107665703,0.832,0.005707762557077625,Residential,0.8859574165455187
MAC003697,6881.1250004,0.3928703968255781,0.3311152711001038,2.6289999,0.028538812785388126,Industrial,0.8406706210183528
MAC003698,2780.465,0.15884740630712982,0.10706032790129276,1.202,0.091324200913242,Commercial,0.669765812124519
MAC003699,4673.8050011000005,0.2667849192933387,0.37505847275382864,3.267,0.005707762557077625,Industrial,1.4005959474625218
MAC003700,1365.0069999000002,0.07792025344788218,0.05318406427443847,1.1339999,0.01141552511415525,Residential,0.6738962680797834
MAC003701,1686.618,0.0962736457560363,0.08713115272385814,1.03,0.005707762557077625,Residential,0.8957323645747208
MAC003702,3216.7280008000002,0.18360319639269407,0.21884924936163705,4.2389998,0.0,Commercial,1.1855117009788587
MAC003704,6214.1989982,0.3547322181870076,0.3348863894706077,5.6430001,0.01141552511415525,Industrial,0.9414002228343532
MAC003707,1344.0200000000002,0.07672660843751786,0.09156475431084465,0.874,0.017123287671232876,Residential,1.1780361468421832
MAC003709,13241.068005599998,0.7558118617272674,0.5684086558203503,3.4489999,0.005707762557077625,Industrial,0.751056748136947
MAC003710,2814.511,0.16066394565589678,0.14425358418208728,1.7359999,0.01141552511415525,Commercial,0.8923052298199649
MAC003711,4063.0620003999998,0.2378284945211894,0.263887016597801,3.1470001,2.4885844748858448,Industrial,1.1049226648053436
MAC003712,9585.2009994,0.5471317426451281,0.5076312605668147,4.0809999,0.005707762557077625,Industrial,0.9261117740000433
MAC003714,4171.1149996,0.23811811380944228,0.17732375625167698,2.1229999,0.017123287671232876,Industrial,0.7415739168676683
MAC003715,4284.1930003,0.2446013702711961,0.24037439998792567,2.349,0.028538812785388126,Industrial,0.978717666446654
MAC003717,7727.0630016999985,0.44104240877283096,0.6522300662198157,4.119,0.0,Industrial,1.475492064280651
MAC003719,4804.1080001,0.2742227296135624,0.2546094835602476,3.0580001,0.005707762557077625,Industrial,0.9251034023161616
MAC003721,1520.132,0.08680020556158283,0.06771686729310912,0.88,0.039954337899543384,Residential,0.7712609197208848
MAC003724,3099.957,0.17696848775475252,0.1731974131786277,1.867,0.017123287671232876,Commercial,0.9731914641950571
MAC003725,5958.2939995,0.3629786170880292,0.37181560821980136,4.3299999,6.307077625570777,Industrial,1.0215314602667354
MAC003726,3444.5660002000004,0.19664131987212424,0.1963305249616888,1.825,0.017123287671232876,Commercial,0.9933678093665659
MAC003727,3072.518,0.17542209534684555,0.20592088805737904,3.497,0.028538812785388126,Commercial,1.1672057723412643
MAC003729,4943.468000000001,0.28219362940975,0.2397061295987448,2.378,0.01141552511415525,Industrial,0.8464389898118662
MAC003730,3970.4639985999997,0.22663759339003367,0.3372552491622007,5.3699999,0.005707762557077625,Commercial,1.4815446084265544
MAC003731,1523.7200000999999,0.08697528398310406,0.06442925076816879,1.1720001,0.005707762557077625,Residential,0.7323562692965292
MAC003732,9151.6440011,0.5223541096518265,0.3022775423677245,3.181,0.0,Industrial,0.5775774696196074
MAC003733,7627.245001400001,0.4355687854148821,0.37566278984330137,3.599,0.05136986301369863,Industrial,0.8604893487432909
MAC003734,4020.1519980000003,0.22950002842952563,0.34215051898053905,3.0969999,0.017123287671232876,Commercial,1.4843838472026483
MAC003735,4067.3190003,0.232166162469319,0.26477251315736333,2.223,0.005707762557077625,Industrial,1.1355529050755948
MAC003737,3637.4730010000003,0.20763017301215825,0.25406169481002144,3.3440001,0.005707762557077625,Commercial,1.2177610320785939
MAC003739,2292.2569998000004,0.13083658674657536,0.13771907647815232,1.413,0.0,Residential,1.044619554228028
MAC003740,3614.6040003,0.206324790244877,0.25275905971956125,2.1289999,0.005707762557077625,Commercial,1.2191453777477388
MAC003741,3812.7599979,0.21766055819489638,0.2577250760054301,2.905,0.017123287671232876,Commercial,1.1786537002055706
MAC003742,1836.7960002,0.10488784834399269,0.18835338385957442,2.2130001,0.045662100456621,Residential,1.7788007481999253
MAC003743,2530.834,0.1444622409954906,0.1047731528699704,1.498,0.005707762557077625,Commercial,0.7202773183813277
MAC003744,1240.5949999,0.07088304193235058,0.1015098090004525,1.421,0.10273972602739725,Residential,1.4121523835341274
MAC003746,16053.129994800001,0.9171644857910073,0.7200317101905319,5.7340002,0.09703196347031963,Industrial,0.7842077550736651
MAC003749,11553.951996799999,0.6597734123343992,0.4878032699442745,2.5810001,0.045662100456621,Industrial,0.7382307775080554
MAC003750,5587.877000200001,0.31896095668702557,0.2790954175002124,3.602,0.005707762557077625,Industrial,0.8722796068309472
MAC003751,3639.4909991,0.20773350451484018,0.28307886702084667,2.901,0.0,Commercial,1.3561735940706194
MAC003752,4206.3530007,0.2407620056493618,0.2376542391021005,1.881,0.2796803652968036,Industrial,0.9830090483563453
MAC003754,4203.8820001,0.2399476027454338,0.15215862505630112,1.8200001,0.0,Industrial,0.6315008878385061
MAC003755,4159.2790001,0.23742887316474484,0.2513167661577592,3.3139999,0.01141552511415525,Industrial,1.054053407298995
MAC003756,6868.2359996,0.3920449797134539,0.19421944328135865,1.5140001,0.005707762557077625,Industrial,0.4941405012295353
MAC003757,5257.792002100001,0.30015367940286586,0.30861267844172025,2.7709999,0.017123287671232876,Industrial,1.0247680820425116
MAC003759,4198.3939996,0.23964803924881556,0.2522720489927362,2.983,0.005707762557077625,Industrial,1.0483029480738968
MAC003761,1123.9910000000002,0.0646975766994762,0.04892926345492569,0.749,0.839041095890411,Residential,0.7447651178786293
MAC003763,1646.7040001,0.0939953193732519,0.17267836414259305,1.786,0.005707762557077625,Residential,1.8177565513950427
MAC003764,6529.035999899999,0.3727682557750499,0.5224729553194605,3.174,0.028538812785388126,Industrial,1.3978526727371614
MAC003765,2441.2760000000003,0.13935814590706702,0.14551577749353345,2.155,0.01141552511415525,Commercial,1.0367462219818817
MAC003767,2580.4449996000003,0.1472940806895371,0.1870006202466528,2.0569999,0.005707762557077625,Commercial,1.261012033502202
MAC003768,5660.5189988,0.32310742615446086,0.24553125690204483,2.5,0.005707762557077625,Industrial,0.757561342593339
MAC003772,5703.984999,0.3256070897933554,0.6110787023894267,5.7779999,0.01141552511415525,Industrial,1.8709903167627402
MAC003773,4570.647000699999,0.2608816781221461,0.22208302978380176,2.9189999,0.0,Industrial,0.8480281300176274
MAC003774,4393.451999700001,0.2507964379324124,0.2118002065077235,2.082,0.01141552511415525,Industrial,0.8411564843684375
MAC003775,10253.5999994,0.5853179586368307,0.5118879961712374,4.0300002,0.01141552511415525,Industrial,0.8730552912985295
MAC003776,6444.526998200001,0.3678592955191507,0.33992289678167276,3.017,0.005707762557077625,Industrial,0.9215516618694631
MAC003777,2911.5360001000004,0.16620253454161435,0.29758271061542574,3.148,0.01141552511415525,Commercial,1.779773921676777
MAC003778,2191.472999,0.12508407528538812,0.19409012957604704,2.4059999,0.0,Residential,1.5393706868748407
MAC003779,6940.9669996,0.39621914599840163,0.5829345914173664,5.3779998,0.01141552511415525,Industrial,1.4675390078496167
MAC003780,2753.9360001,0.15718812785958905,0.13447999312052955,1.592,0.0,Commercial,0.8501269655324367
MAC003781,2464.9189994,0.14070778624272176,0.1560680340549852,1.3839999,0.01141552511415525,Commercial,1.101337041478206
MAC003784,6473.178999400001,0.37253562381445676,0.2998063361641319,2.7379999,0.821917808219178,Industrial,0.802617788104334
MAC003785,2540.3829991000002,0.14500730630172956,0.1561706134048014,1.876,0.005707762557077625,Commercial,1.0696082090718733
MAC003786,3217.8679993000005,0.18372069650585215,0.19877854287293284,2.256,0.028538812785388126,Commercial,1.076103255525757
MAC003787,2634.171,0.15036080826531192,0.10243696775464874,1.233,0.005707762557077625,Commercial,0.6767733928527435
MAC003789,5960.1639989,0.34025027110235767,0.532883093040839,3.2939999,0.017123287671232876,Industrial,1.5615609368439192
MAC003790,2636.1549998,0.15048264640940748,0.2060594662345366,3.1530001,0.01141552511415525,Commercial,1.360284303969882
MAC003791,1749.6590001,0.09986638128424657,0.09676037193610425,1.5,0.0,Residential,0.959292587918155
MAC003792,1859.1620001,0.10620141666285844,0.2178295214726894,2.233,0.07990867579908677,Residential,2.0319649520840684
MAC003793,3087.1889992,0.17621947595182375,0.18585536490421672,1.984,0.005707762557077625,Commercial,1.0487299090915978
MAC003794,5789.743,0.33046478310502286,0.17086961711897342,2.2019999,0.0,Industrial,0.5154985561915164
MAC003795,8530.7679984,0.4869993719472513,0.31660064849636976,3.0639999,0.017123287671232876,Industrial,0.6487726556553677
MAC003796,4576.0039994,0.26118744288812784,0.34491049772878735,2.1140001,0.0,Industrial,1.315511124138605
MAC003797,972.4820000000001,0.05550696347031964,0.08062465513907138,0.981,0.0,Residential,1.4268091963819574
MAC003798,2115.4679999,0.120752782687368,0.1464147064654244,2.174,0.005707762557077625,Residential,1.2025573726834837
MAC003799,8580.595997,0.49017971990859754,0.5051784390366079,3.6440001,0.08561643835616438,Industrial,1.0285001977089268
MAC003800,4218.2509967000005,0.24076775095319639,0.4081649072341517,3.438,0.0,Industrial,1.688252075079972
MAC003801,3642.185,0.20862555848321687,0.24730584611704146,2.6329999,0.3538812785388128,Commercial,1.1797504460165402
MAC003802,7787.4649982,0.4448200718683955,0.47247334593921997,3.3269999,0.07420091324200913,Industrial,1.0597848229648403
MAC003803,2819.6619995,0.16096717471599017,0.22681225446483136,1.785,0.017123287671232876,Commercial,1.4003593929606242
MAC003804,4211.719002899999,0.2404223657323895,0.3051345127626629,2.829,0.01141552511415525,Industrial,1.263903250376134
MAC003805,4524.0929997,0.258239225966094,0.19633853458184103,1.877,0.005707762557077625,Industrial,0.7573642987482158
MAC003806,2729.0620001,0.15579505623679854,0.1740483987001079,1.671,0.017123287671232876,Commercial,1.1100375412171966
MAC003809,1217.4020001,0.0694943486756479,0.08594158145186397,1.284,0.01141552511415525,Residential,1.2191272501472488
MAC003810,4452.9989997,0.2542391664116472,0.24078575713284536,2.0050001,0.028538812785388126,Industrial,0.9433730744305461
MAC003811,5414.619999099999,0.3099736660808335,0.38164212812553366,2.9809999,0.2968036529680365,Industrial,1.2272490238010405
MAC003812,1940.055,0.11073373287671233,0.10557869117346963,1.128,0.0,Residential,0.944913308230432
MAC003813,5237.7649997,0.2989762543352931,0.17455084956085937,2.335,0.005707762557077625,Industrial,0.5818822224700434
MAC003814,2116.224,0.12084422110552764,0.10086835787397058,1.238,0.045662100456621,Residential,0.8278468765999977
MAC003815,3218.6860006,0.18372544098407445,0.1628385096037922,2.3099999,0.005707762557077625,Commercial,0.8815164209992647
MAC003817,7360.4480042,0.42011689521689494,0.4438427427855546,3.892,0.0,Industrial,1.053965651406493
MAC003818,8039.5129989,0.4594269957654723,0.36483094750844614,3.4619999,0.11986301369863014,Industrial,0.7923752318256336
MAC003819,3654.1999997000003,0.20858496487813233,0.1996274800018416,2.049,0.005707762557077625,Commercial,0.9524895076224541
MAC003821,3699.1630002,0.2253526043374962,0.1822716192513315,1.8279999,6.307077625570777,Commercial,0.8052552334655754
MAC003822,2428.3159999,0.13861042296363948,0.1362832780511277,2.227,0.005707762557077625,Commercial,0.9761683630642798
MAC003824,3521.2439995,0.20098424654680366,0.1871012157846168,1.952,0.0,Commercial,0.9263158834580786
MAC003825,1818.6909996999998,0.10380656390981734,0.096841366571324,1.7029999,0.0,Residential,0.924000968628767
MAC003826,4049.9679985000002,0.23117575195502027,0.26981477562818257,4.6609998,0.005707762557077625,Commercial,1.16211436102274
MAC003828,3768.6010015,0.21510279688926942,0.23518511312279491,2.8139999,0.0,Commercial,1.0883020326817112
MAC003830,1383.47,0.07897870639949764,0.048758014464374014,0.83,0.017123287671232876,Residential,0.6096374480080397
MAC003831,2729.722,0.1558238383377098,0.10555997480764352,1.084,0.01141552511415525,Commercial,0.6731117917183425
MAC003832,8775.098001800001,0.5013195841978977,0.3304013017066471,2.757,0.091324200913242,Industrial,0.6577511849039906
MAC003833,2239.3899998999996,0.12781906392123285,0.13360591985986411,1.5089999,0.0,Residential,1.0371595305300325
MAC003834,4762.3030001,0.2718209474942922,0.25405174391863405,2.1860001,0.0,Industrial,0.9312032168055907
MAC003835,4043.2540001,0.23077933790525115,0.23865275568010536,3.585,0.0,Commercial,1.0296550065116847
MAC003836,6247.911001,0.3566362806667047,0.38446399331177306,3.2650001,0.005707762557077625,Industrial,1.0750139571831363
MAC003837,1238.99,0.07072264398652892,0.08852617221723678,1.105,0.005707762557077625,Residential,1.2342848408358167
MAC003838,4488.8969982,0.25625946213392703,0.2026904100437916,3.9879999,0.017123287671232876,Industrial,0.7878832069479829
MAC003839,3137.7469995,0.20175842332175928,0.2571084526693227,2.2349999,11.232876712328768,Commercial,1.2680531267562425
MAC003840,3659.813,0.20896499942902821,0.2152488641556346,2.138,0.03424657534246575,Commercial,1.0251654549137958
MAC003841,4167.9430014,0.23790986936468977,0.28493948343583453,3.2079999,0.005707762557077625,Industrial,1.1926651845465694
MAC003842,5867.2620004,0.3349084993664022,0.24807290474051638,1.913,0.005707762557077625,Industrial,0.7385133308875387
MAC003843,5057.2689991,0.2886733831325989,0.22076691789255815,1.8839999,0.005707762557077625,Industrial,0.7621235872800277
MAC003844,5271.4459991,0.300898795541983,0.3459716065457359,3.664,0.005707762557077625,Industrial,1.1459853820371535
MAC003845,3664.0609997,0.20914783947143104,0.16770926806247977,1.789,0.005707762557077625,Commercial,0.798053734381977
MAC003846,890.111,0.05080832239283064,0.06554158799722996,0.812,0.005707762557077625,Residential,1.2650783690749223
MAC003847,2179.534,0.12441682840506908,0.09939594528597584,1.355,0.01141552511415525,Residential,0.7925247875424545
MAC003849,2001.5990002,0.11425303956846852,0.0959232969742853,1.6160001,0.005707762557077625,Residential,0.8322843140054456
MAC003850,3627.1469999,0.20702893835045663,0.15021160600084826,1.449,0.0,Commercial,0.7220707233903861
MAC003851,4670.7089997,0.26660819679776243,0.2516152563909564,2.2119999,0.005707762557077625,Industrial,0.9402374792768688
MAC003853,2139.9019998999997,0.12216841744119661,0.14122718679020824,1.87,0.0228310502283105,Residential,1.146618505978883
MAC003854,3192.0730018000004,0.18220634749700326,0.25318106227257575,2.8800001,0.005707762557077625,Commercial,1.3819448164956025
MAC003855,3813.8109996000003,0.21770812875899076,0.1839811949376636,1.549,0.01141552511415525,Commercial,0.8412179098308911
MAC003856,12192.203003200002,0.6961006567627749,0.5275089288510647,4.1149998,0.028538812785388126,Industrial,0.7567184505330015
MAC003857,1902.9839997,0.10862400820252296,0.12512231892827827,1.885,0.005707762557077625,Residential,1.1413769755355343
MAC003858,6230.6249995,0.35562928079337897,0.33552212879929827,2.8369999,0.0,Industrial,0.9408148653775023
MAC003859,5360.7290018,0.3060475566225166,0.3463791742066145,2.9630001,0.0228310502283105,Industrial,1.1280961751226444
MAC003860,10875.348001800001,0.6207390411986302,0.679461794504382,4.369,0.0,Industrial,1.0928408053553627
MAC003861,9521.368002099998,0.5434570777454337,0.47295313549629775,2.977,0.0,Industrial,0.8686692759230354
MAC003863,4985.5379999,0.2845951592590478,0.26104368135701966,4.0159998,0.01141552511415525,Industrial,0.9140339844494393
MAC003864,2742.073,0.15651994976882241,0.17990165761398527,2.171,0.005707762557077625,Commercial,1.1420880839411798
MAC003866,1548.8249999999998,0.08840829956047719,0.06288544417410058,1.312,0.005707762557077625,Residential,0.7033513050045636
MAC003867,7399.016002299999,0.42234237127119123,0.3729837124025059,2.9909999,0.005707762557077625,Industrial,0.8810450777287638
MAC003868,3601.3459984,0.2055797464550748,0.24398148530284738,2.3959999,0.01141552511415525,Commercial,1.1810523029947972
MAC003870,5164.560000400001,0.2948144765612513,0.2978034579852127,2.4170001,0.01141552511415525,Industrial,1.0067237460690992
MAC003871,1216.781,0.06946683032655858,0.06007120892326581,0.918,0.0228310502283105,Residential,0.8524749679371528
MAC003872,6526.4600009000005,0.3725999087063257,0.23898121541911352,2.4089999,0.0228310502283105,Industrial,0.6396715037930285
MAC003873,5802.7919996,0.3313230558182026,0.18108124246717233,2.0250001,0.03424657534246575,Industrial,0.5448952135485684
MAC003874,3955.4679999,0.2257816085335921,0.13195466964094735,1.347,0.005707762557077625,Commercial,0.5818578962120798
MAC003875,4761.5030001000005,0.27177528539383566,0.19596402497901338,2.227,0.0,Industrial,0.7184082850324163
MAC003876,6865.535001499999,0.3918684361586758,0.3729924349839209,2.8380001,0.0,Industrial,0.9494079968116167
MAC003877,5370.6529996,0.30657911859801346,0.36930217712194346,4.2579999,0.01141552511415525,Industrial,1.200673760966843
MAC003878,4216.8260002,0.24068641553652967,0.15588535950677931,1.751,0.0,Industrial,0.6449901586761629
MAC003879,4900.0330001,0.27969821337405104,0.30256515535906453,3.378,0.005707762557077625,Industrial,1.0779019635435805
MAC003880,2869.7729996999997,0.16381852949537618,0.21366661206948265,1.8150001,0.01141552511415525,Commercial,1.2963749447569053
MAC003881,9066.4640086,0.517639966234656,0.6078690341920121,2.523,0.028538812785388126,Industrial,1.1720443347340972
MAC003882,1599.7379999999998,0.09157582002404258,0.1289095195439688,1.8200001,0.2910958904109589,Residential,1.3924750492136078
MAC003883,1363.633,0.07787738435179897,0.06385735884820329,0.9,0.05707762557077625,Residential,0.8095775407992073
MAC003884,964.2609999,0.055037728304794524,0.13052403389340161,1.234,0.0,Residential,2.3292170800263174
MAC003885,1891.4410003,0.1079712866936865,0.13805784619862915,1.438,0.01141552511415525,Residential,1.266919482989163
MAC003886,1747.903,0.09977184770820252,0.1076288987846468,1.095,0.005707762557077625,Residential,1.0680453046400393
MAC003887,2650.8269999000004,0.15131154745704667,0.16533667013750186,1.612,0.005707762557077625,Commercial,1.085516317691726
MAC003888,3700.7299992000003,0.21125299687178903,0.22640554289062698,5.4860001,0.01141552511415525,Commercial,1.066677720585433
MAC003889,4029.9899999,0.23004852151501312,0.1918750797706958,2.1849999,0.01141552511415525,Commercial,0.8304536142994885
MAC003891,2651.7799996999997,0.1534772542944785,0.14682076245230813,2.4849999,1.3812785388127853,Commercial,0.9504361216339664
MAC003893,1477.7619998,0.0843953169503141,0.11749012404475895,1.503,0.05707762557077625,Residential,1.375838022981034
MAC003894,2458.4899998,0.1403247716780822,0.10520677291449654,1.687,0.0,Commercial,0.744432640260284
MAC003896,4139.8060001,0.23629029680936076,0.28108996182611906,2.678,0.0,Industrial,1.1845826213953745
MAC003898,3529.3969994999998,0.2014496004280822,0.2513591596716386,2.467,0.0,Commercial,1.2415888158837385
MAC003900,4285.2510014,0.24460591365945544,0.2167557452564791,2.5339999,0.005707762557077625,Industrial,0.8825347159882375
MAC003901,2165.7420001,0.12361541096461187,0.15211660137502261,1.772,0.0,Residential,1.2206885183584597
MAC003902,10343.4989983,0.592004292485119,0.49197588268343023,4.783,0.273972602739726,Industrial,0.8296329198928624
MAC003904,5340.7730008,0.30483864159817353,0.21483575999322443,3.0339999,0.0,Industrial,0.7024480584617776
MAC003905,2023.8239997000003,0.1155414478020096,0.11223341778881518,1.355,0.0228310502283105,Residential,0.963034353061125
MAC003906,6370.770999399999,0.36364923793595516,0.6270246165163839,5.1440001,0.005707762557077625,Industrial,1.7195281143752472
MAC003907,8852.2180045,0.5052635847317352,0.6066615532857473,3.247,0.0,Industrial,1.1983116534190628
MAC003908,1635.4079996,0.10331067590650664,0.12517892466951072,1.5700001,9.646118721461187,Residential,1.2000586093575718
MAC003909,4786.1170021,0.2732737810951239,0.20765952431301415,2.3099999,0.03424657534246575,Industrial,0.7571249555238876
MAC003910,1125.5240000000001,0.06424957186893482,0.09685987394868166,1.14,0.01141552511415525,Residential,1.484452252702005
MAC003912,2639.7219997,0.15070347109499888,0.12153965393406292,1.638,0.0228310502283105,Commercial,0.8011659394263501
MAC003917,4838.228999399999,0.2761546232534246,0.3108447201969419,2.467,0.0,Industrial,1.1215570447573295
MAC003918,2777.3420002000003,0.158533135464353,0.10572334876975642,1.574,0.005707762557077625,Commercial,0.6627046378924826
MAC003920,950.9750001000001,0.05428559196826122,0.07365305125172114,1.173,0.01141552511415525,Residential,1.3322286807384545
MAC003921,996.698,0.05689565018837767,0.050572612708510795,1.081,0.01141552511415525,Residential,0.873513166256194
MAC003922,2131.7840003,0.12168411440721504,0.12824225094373706,1.707,0.005707762557077625,Residential,1.0453044517081762
MAC003923,3020.365,0.17241494462838222,0.11041770447755903,0.887,0.01141552511415525,Commercial,0.6367254259093846
MAC003924,2662.053,0.15194366438356163,0.07366604426590784,0.848,0.0,Commercial,0.4816547619858483
MAC003925,2411.428,0.1376621567620026,0.09936390711983983,0.905,0.017123287671232876,Commercial,0.7165899437896842
MAC003926,1753.5140000000001,0.10008641552511416,0.090413867610554,1.557,0.0,Residential,0.8944215416174428
MAC003927,2224.3420001,0.12697465464664917,0.15251328112967055,2.0120001,0.01141552511415525,Residential,1.1917459871313971
MAC003928,332.44900000000007,0.01897648267595183,0.03739613107544943,1.099,0.005707762557077625,Residential,1.8720077844568601
MAC003929,1538.6609998,0.08783815720728434,0.06566298182122078,1.3279999,0.017123287671232876,Residential,0.7391303904245855
MAC003930,4046.4909987,0.23096409809931506,0.23026883627965955,2.5039999,0.0,Commercial,0.99269170602888
MAC003931,1186.916,0.06775408151615481,0.06149428325872511,0.871,0.01141552511415525,Residential,0.8944092030998348
MAC003932,8882.2430073,0.5070641666552491,0.5309859285784029,4.9050002,0.017123287671232876,Industrial,1.0451158798977207
MAC003933,2892.4879998000006,0.16513404885818683,0.12633334253161685,1.346,0.0228310502283105,Commercial,0.7604301670842674
MAC003934,4969.6349996,0.2837035451047554,0.23250306421682024,2.066,0.017123287671232876,Industrial,0.8166496983073105
MAC003936,2178.1510002,0.12433078373194817,0.1321389286581575,2.2520001,0.005707762557077625,Residential,1.0543214102990872
MAC003937,3115.9429996,0.17788108692127647,0.19913051902071294,1.938,0.017123287671232876,Commercial,1.1132005202335784
MAC003938,5301.9990002,0.3026427878417718,0.42700396529489903,4.0180001,0.005707762557077625,Industrial,1.406270731242959
MAC003939,4264.3240011,0.24339748864726027,0.3153632558058652,2.77,0.0,Industrial,1.290370279790518
MAC003940,2564.8029994000003,0.1463928652625571,0.2144795794614871,2.464,0.0,Commercial,1.455155777584116
MAC003941,1937.3220007000002,0.11059036423678503,0.13391185115860516,2.4530001,0.01141552511415525,Residential,1.2000305947066887
MAC003942,1872.2189998000001,0.10719833952476382,0.12360560435781326,1.7,0.3139269406392694,Residential,1.1423983482622957
MAC003943,1043.8370000000002,0.059583138306981004,0.07255779144286938,1.364,0.005707762557077625,Residential,1.1976565339882455
MAC003944,2641.7160000000003,0.1507914835321651,0.06280864482072882,0.93,0.005707762557077625,Commercial,0.41378240306492203
MAC003945,2761.7680001,0.15766215676771136,0.14840262442719718,1.997,0.017123287671232876,Commercial,0.9353372439306078
MAC003946,4476.256998700001,0.28697634303756897,0.4338903705935784,4.0669999,10.970319634703197,Industrial,1.5066875494594836
MAC003948,5116.409999500001,0.2922493859313418,0.20263872506403172,1.744,0.07420091324200913,Industrial,0.691011592131604
MAC003949,3554.006,0.20313248742569728,0.2103958393099662,2.3110001,0.136986301369863,Commercial,1.0306827784408825
MAC003950,2854.5819996,0.16327758391580394,0.18085635871428613,2.171,0.21118721461187215,Commercial,1.1009192757971118
MAC003952,4213.694000500001,0.24053510677588769,0.28017404693423803,2.714,0.01141552511415525,Industrial,1.1599723562927111
MAC003953,1464.4539972999999,0.0836018723126106,0.24828999293613485,4.092,0.017123287671232876,Residential,2.934804941652872
MAC003955,1164.404,0.06647279785351373,0.07820405772952568,1.226,0.017123287671232876,Residential,1.1590457223859305
MAC003956,4684.528000599999,0.2673817351940639,0.31849574215131354,2.378,0.0,Industrial,1.1867265927057695
MAC003957,4191.5829999,0.23924560501712328,0.15986758462105732,1.6849999,0.0,Industrial,0.665433961256702
MAC003958,4431.3279991,0.25292968031392693,0.24705716235565536,2.402,0.0,Industrial,0.9729353498583732
MAC003959,3231.8829999,0.1844682077568493,0.2565406439629665,3.1530001,0.0,Commercial,1.3832054941690808
MAC003961,7546.559999200001,0.43081349541588176,0.3976123644643009,4.6199999,0.017123287671232876,Industrial,0.920796521380969
MAC003962,1622.0100001,0.0926545184565292,0.09185859589753172,1.063,0.07990867579908677,Residential,0.9808239624889954
MAC003963,1893.5559996,0.1080920196141112,0.13432271043739782,2.2409999,0.01141552511415525,Residential,1.2312789781739726
MAC003964,1519.6240003,0.08674643225824866,0.09035105246517182,1.369,0.01141552511415525,Residential,1.0296834884324122
MAC003965,1199.9460000000001,0.06849397796677893,0.09000794104159272,1.113,0.005707762557077625,Residential,1.2951905139841087
MAC003966,2549.4620008999996,0.1455172374942922,0.1917943797828673,1.862,0.0,Commercial,1.3090226314862026
MAC003969,6367.8780031999995,0.3634633563470319,0.3990608102386523,3.1110001,0.0,Industrial,1.0949271121200939
MAC003970,1666.3,0.09510844748858448,0.1409935806725459,1.809,0.0,Residential,1.4670258895743036
MAC003971,2297.0570007,0.1311405001541448,0.11428994252563651,1.464,0.0228310502283105,Residential,0.8649122895124113
MAC003972,6500.028001200001,0.37307168691958914,0.38913391144093756,3.214,0.5536529680365297,Industrial,1.0402656096359044
MAC003974,3304.9000001000004,0.18867892213404888,0.19433432150817928,2.848,0.0228310502283105,Commercial,1.0245435777563117
MAC003976,3627.837,0.20710378489467374,0.11757854126823117,1.179,0.017123287671232876,Commercial,0.5649995329385309
MAC003978,6790.7469992999995,0.38766609575269734,0.33984886621929333,3.263,0.017123287671232876,Industrial,0.8743980242504463
MAC003979,16845.7130036,0.9616230736157096,0.6853863983838441,4.073,0.01141552511415525,Industrial,0.7119987222095804
MAC003980,2370.0139995,0.13528249326445574,0.187040768201394,2.8989999,0.005707762557077625,Commercial,1.372448975074458
MAC003981,6447.671002100001,0.3680387580398425,0.3117291374386869,3.063,0.005707762557077625,Industrial,0.8447056864553824
MAC003983,3684.5769997,0.21033091675419568,0.15004902780590532,1.409,0.01141552511415525,Commercial,0.7100192915948551
MAC003985,3529.7919999999995,0.20147214611872144,0.2515028616100215,1.994,0.0,Commercial,1.2421602992371625
MAC003986,1514.353,0.08645047667979677,0.07823483960723226,0.932,0.017123287671232876,Residential,0.8946187897144585
MAC003987,5776.1899999,0.3297476736827082,0.33778210549672544,3.6259999,0.017123287671232876,Industrial,1.021268272987962
MAC003990,1408.7610000000002,0.0804960287983544,0.08216568591189179,0.99,0.1084474885844749,Residential,1.0082170520872167
MAC003992,12688.2989991,0.7246315819017703,0.6050409003984146,4.1230001,0.05707762557077625,Industrial,0.8338127990690457
MAC003993,5120.4410022,0.2926635232167353,0.3782133946894755,3.372,0.136986301369863,Industrial,1.287914108455135
MAC003994,2325.4669997,0.13273971115360467,0.15238676232051346,2.0109999,0.005707762557077625,Commercial,1.1394279306128605
MAC003995,1739.9610001,0.0993809115889879,0.1540842184399898,2.753,0.0684931506849315,Residential,1.53499520975553
MAC003996,924.1730001000001,0.052758634475081355,0.06026738856121659,1.086,0.017123287671232876,Residential,1.1210736498367015
MAC003997,3845.9479996,0.21951757988584475,0.2378951063792687,2.108,0.0,Commercial,1.078803361176101
MAC003999,4463.4550006,0.2853141779979545,0.22222492844304262,1.9170001,10.707762557077626,Industrial,0.7761576111841386
MAC004002,4327.4080008,0.24699817356164383,0.21287118316686957,2.033,0.0,Industrial,0.8583578665508079
MAC004003,2177.473,0.124292082881443,0.07469032326418125,1.214,0.005707762557077625,Residential,0.5961296320283588
MAC004004,3155.7410003,0.18014276745633062,0.21617421422421892,2.9189999,0.01141552511415525,Commercial,1.1933913633970155
MAC004005,2265.3599999,0.12932351429468517,0.13908667673270947,2.1210001,0.017123287671232876,Residential,1.0672416062861012
MAC004006,4231.933000800001,0.24156247507277817,0.2579718395258976,2.145,0.005707762557077625,Industrial,1.0635274044284715
MAC004007,6742.6770009,0.3848559932020548,0.29830014665131493,3.579,0.0,Industrial,0.773086726412745
MAC004009,1396.839,0.07973735586254138,0.06116522841637508,1.072,0.01141552511415525,Residential,0.7575827541406157
MAC004010,8130.8299999,0.46408847031392697,0.522915095577569,3.1440001,0.0,Industrial,1.1243346781411503
MAC004011,2978.8959997999996,0.17008655931254993,0.14652613292034258,1.45,0.03424657534246575,Commercial,0.8564444425623227
MAC004013,2875.973,0.16418182337158188,0.12249127178373598,1.117,0.017123287671232876,Commercial,0.7415541812260292
MAC004014,7157.2150001,0.40861012788878737,0.2806736168179833,2.2650001,0.0228310502283105,Industrial,0.6852213793263153
MAC004015,4451.1089994,0.2540587328424658,0.2258679417997061,2.3529999,0.0,Industrial,0.8855526697029854
MAC004016,14006.5970021,0.799463299206621,0.7993197806255946,5.2870002,0.0,Industrial,0.9985714290934266
MAC004017,1568.0679998000003,0.08950159816210047,0.09373622032534445,1.582,0.0,Residential,1.0357410502016808
MAC004019,2841.4540001,0.16218344749429223,0.1736243063802795,1.92,0.0,Commercial,1.0639823404046693
MAC004020,4401.284000000001,0.2512435209498802,0.24985829085428915,2.7850001,0.01141552511415525,Industrial,0.9905439391005608
MAC004022,1281.1800003,0.07313088648324677,0.15890385558265677,2.096,0.005707762557077625,Residential,2.1435580109859913
MAC004023,501.26700000000005,0.028611130136986303,0.024607149837840517,0.603,0.0,Residential,0.8310101547628715
MAC004026,3649.4489995,0.20830188353310503,0.19872299798149037,2.381,0.0,Commercial,0.9494563289491783
MAC004027,1139.2870000000003,0.06502779680365298,0.07014786168636954,0.941,0.0,Residential,1.0623989453255331
MAC004028,783.129,0.044824509186652164,0.030658332771943887,0.509,0.2796803652968036,Residential,0.6690378864084833
MAC004029,4002.3109995,0.22845544834180034,0.17970929640249053,1.965,0.005707762557077625,Commercial,0.7831990815698253
MAC004030,3856.413,0.22011489726027397,0.27406741314153926,2.868,0.0,Commercial,1.239479639487768
MAC004032,3051.8240007,0.1742008105885039,0.13329998966995663,1.755,0.005707762557077625,Commercial,0.7608411697537165
MAC004036,2593.9410007000006,0.14808134958611638,0.21900791940256606,2.1340001,0.017123287671232876,Commercial,1.4690497504253999
MAC004038,2550.8379994,0.1456040869570181,0.17231386539096535,1.934,0.005707762557077625,Commercial,1.1753687701863655
MAC004039,2741.5619999,0.15648184930936074,0.12946442872382896,1.937,0.0,Commercial,0.8220911126685225
MAC004040,1457.6770000000004,0.0832054911810035,0.06601697353060075,1.623,0.005707762557077625,Residential,0.7839984376873272
MAC004041,1279.884,0.0730527397260274,0.10853903250155206,1.4220001,0.0,Residential,1.4656990801841154
MAC004042,3740.1770004,0.21359014336131574,0.16678187849303064,1.49,0.05136986301369863,Commercial,0.7772112729903534
MAC004043,2216.0490003,0.12648681508561643,0.13251885771755983,1.362,0.0,Residential,1.0394710827826708
MAC004044,2755.0519999,0.15725182647831049,0.11195578792558107,1.26,0.0,Commercial,0.707453369841045
MAC004045,2753.7230007999997,0.15719391487612738,0.1808116588655418,1.813,0.01141552511415525,Commercial,1.1429748041011885
MAC004048,7045.264001,0.4021498944574462,0.29252247283082955,3.4660001,0.005707762557077625,Industrial,0.725592333899783
MAC004049,3441.8859991,0.19645468031392693,0.3005913338509072,2.5020001,0.0,Commercial,1.5223307615347814
MAC004051,6567.3350006,0.3749548958378533,0.3109307695721327,2.789,0.028538812785388126,Industrial,0.8270427463890109
MAC004052,1859.2309997,0.10613260644479963,0.1288169393716515,1.706,0.01141552511415525,Residential,1.2024064721885095
MAC004055,8692.6180005,0.4961539954623288,0.4814986793902663,3.309,0.0,Industrial,0.9685101272141968
MAC004056,2447.3559999999998,0.13971319289832732,0.0857480133988233,1.04,0.017123287671232876,Commercial,0.6093814775476011
MAC004057,5203.3770039,0.29701335714938065,0.480711958574614,3.5899999,0.005707762557077625,Industrial,1.6130550763657712
MAC004058,2074.2929999000003,0.12406058611842107,0.07799507661527519,1.267,4.5662100456621,Residential,0.6236583326214457
MAC004059,4330.965,0.24728588557725248,0.3217197577997417,3.454,0.03424657534246575,Industrial,1.2957633779776048
MAC004060,2682.6589994,0.1531198059018265,0.2105606283008314,2.5899999,0.0,Commercial,1.3662139467977101
MAC004061,2148.0439999,0.13240732293040744,0.14909416008595922,1.8200001,7.402968036529681,Residential,1.1175860275956133
MAC004063,3872.2840010000004,0.2211091189973163,0.24309233432403504,2.573,0.039954337899543384,Commercial,1.0944725521466423
MAC004064,927.1100001000001,0.05336192011626569,0.06088989361292792,1.473,0.8333333333333334,Residential,1.1200835710493784
MAC004067,0.0,0.0,0.0,0.0,0.08561643835616438,Inactive,0.0
MAC004068,2919.3209996000005,0.1666469345587396,0.18848530039836253,2.2119999,0.01141552511415525,Commercial,1.1242991164405791
MAC004070,2574.8689996999997,0.14859585640004616,0.13072744066813036,2.3859999,1.095890410958904,Commercial,0.873870732880072
MAC004072,2937.7559999000005,0.1677280045618042,0.11597791016702828,1.556,0.028538812785388126,Commercial,0.6873660982848059
MAC004073,2227.5979999,0.12715326216679035,0.10904974070249897,1.239,0.005707762557077625,Residential,0.850932226450636
MAC004074,4479.108,0.2556568493150685,0.16984744550632488,1.744,0.0,Industrial,0.6617686064470559
MAC004075,5199.479998299999,0.29677397250570775,0.3372485536103266,2.76,0.0,Industrial,1.13256558581144
MAC004077,2784.5090000000005,0.1589513072268524,0.1913171487057709,2.085,0.01141552511415525,Commercial,1.1960961871629696
MAC004078,3751.8790010000002,0.21414834480593609,0.1892625128099338,2.075,0.0,Commercial,0.879683796687577
MAC004079,1796.9249997,0.10257592189176847,0.09123426089298921,1.738,0.01141552511415525,Residential,0.8808443046089838
MAC004080,1507.561,0.08606765243206212,0.05874022647885163,0.708,0.0228310502283105,Residential,0.6746503992936521
MAC004081,2510.9900000000002,0.14333770978422194,0.11491111310731687,1.518,0.01141552511415525,Commercial,0.7961267591061515
MAC004082,5246.132001800001,0.29945385020834525,0.37540377980318773,3.1500001,0.005707762557077625,Industrial,1.2494557135575715
MAC004084,3234.3319994000003,0.18460799083333335,0.19537962256300706,2.2130001,0.0,Commercial,1.0526466112035453
MAC004085,4946.1760005999995,0.28231598176940637,0.2595396775204023,2.451,0.0,Industrial,0.9160784926409276
MAC004086,3401.9199999,0.19417351597602742,0.25126805403466923,2.4849999,0.0,Commercial,1.2874085542709173
MAC004087,5974.6440006,0.3416620346886258,0.5317309974532138,5.5,0.18835616438356165,Industrial,1.5517651318926926
MAC004088,2709.1840001,0.15463378996004568,0.16541615741966673,2.829,0.0,Commercial,1.0628550359284599
MAC004089,2649.0419994,0.1512010273630137,0.1270850076664442,1.755,0.0,Commercial,0.834981273571397
MAC004090,1657.8650001000003,0.09465401085355411,0.1025444540061813,1.61,0.028538812785388126,Residential,1.0720350677524273
MAC004092,1746.8249998000001,0.11163961141432863,0.1717536202142412,3.783,10.690639269406391,Residential,1.524806576102879
MAC004093,865.752,0.049994340821158396,0.07509430870663278,1.375,1.158675799086758,Residential,1.4726008317274866
MAC004094,2211.9310001000003,0.12639605714857144,0.13952054675880576,1.8329999,0.1141552511415525,Residential,1.095171623687651
MAC004095,2738.0379992999997,0.15628962836349106,0.1996784549573263,2.368,0.005707762557077625,Commercial,1.2694953700054277
MAC004096,1754.3999999999999,0.1002399725745629,0.09190853246161837,1.223,0.10273972602739725,Residential,0.9078285001897649
MAC004097,2017.025,0.11514671462008336,0.07470340262940704,1.155,0.017123287671232876,Residential,0.6431813665480108
MAC004098,1382.882,0.07894063249229365,0.052036569328274676,0.654,0.01141552511415525,Residential,0.6509401753018536
MAC004099,1210.978,0.06912764014156868,0.09646286632949272,1.237,0.01141552511415525,Residential,1.3755327590485058
MAC004101,1196.7140002,0.06835631462843435,0.09810919957604872,1.646,0.07420091324200913,Residential,1.414567658354592
MAC004102,10112.7519975,0.5772118720034246,0.4432658973960922,4.0209999,0.0,Industrial,0.7666150054308585
MAC004103,3963.8329995,0.22624617577054795,0.1600937311670362,1.663,0.0,Commercial,0.7044947208646712
MAC004105,1557.8139999,0.0889315522007193,0.08654309230167453,1.452,0.017123287671232876,Residential,0.9623217901156423
MAC004108,1849.8229999999999,0.10559555885375042,0.14010293582624408,2.4489999,0.01141552511415525,Residential,1.3143412102043195
MAC004109,1790.9240003,0.10230343883811265,0.14812614584541048,2.049,0.07990867579908677,Residential,1.4338936584438369
MAC004110,951.422,0.05434833771278419,0.05214877199733542,0.852,0.07990867579908677,Residential,0.9421921985796198
MAC004111,3174.7539996000005,0.1812074200684932,0.14697754609236297,2.0610001,0.0,Commercial,0.8066496196319171
MAC004112,6469.4939981,0.3693055142196598,0.5511990563179817,5.256,0.01141552511415525,Industrial,1.4884981053536743
MAC004113,2312.976,0.13202671385353046,0.13906781369488622,1.7920001,0.005707762557077625,Commercial,1.045412681906939
MAC004114,3569.1029997,0.2037275529253953,0.1649249920428813,1.473,0.005707762557077625,Commercial,0.8055827839791626
MAC004115,4607.486998999999,0.2629994291340829,0.3690356800137127,4.73,0.005707762557077625,Industrial,1.3978654469979281
MAC004116,2222.2820008,0.1269367681955789,0.16923287454866623,2.5439999,0.07420091324200913,Residential,1.3227852863217346
MAC004117,3020.8470001,0.17244245919054688,0.24241885547358463,2.5699999,0.01141552511415525,Commercial,1.3976903729625922
MAC004120,4991.666000300001,0.28494497090421284,0.25752078675725937,2.1210001,0.01141552511415525,Industrial,0.9005956144041606
MAC004121,6121.6030009999995,0.3494664041217103,0.1696631268162462,2.0150001,0.017123287671232876,Industrial,0.4841066784744521
MAC004123,3894.4270003999995,0.22229733434556764,0.2704762033556564,1.9960001,0.005707762557077625,Commercial,1.211282723765418
MAC004124,3371.5650003000005,0.19403573896754148,0.13914239929972141,2.1170001,0.821917808219178,Commercial,0.7134200123336266
MAC004125,2914.2390002,0.1663473371881957,0.162901062040049,1.544,0.005707762557077625,Commercial,0.973430858101157
MAC004127,1899.6319999,0.1260455178753898,0.1279336835415972,1.5140001,13.978310502283106,Residential,1.0069909248359201
MAC004128,5260.984000300001,0.3003359022834961,0.25370974827102727,2.2850001,0.017123287671232876,Industrial,0.8419499513613805
MAC004129,3363.4750026,0.1922095549802846,0.25347974157886205,3.6040001,0.11986301369863014,Commercial,1.3119420600328358
MAC004130,6652.2870005,0.3797184200296821,0.19340614648032026,2.072,0.005707762557077625,Industrial,0.5080031233194382
MAC004131,6174.5849982,0.35255138735868446,0.3322849372249144,2.95,0.03424657534246575,Industrial,0.9398490547791435
MAC004132,3807.6050005,0.21732905253995435,0.3232881488978491,2.546,0.0,Commercial,1.480738111290467
MAC004133,3535.4899987999997,0.2021666284766697,0.20126610397418027,2.0250001,0.182648401826484,Commercial,0.9906454887953822
MAC004134,2026.4199998000001,0.11566984415777157,0.18078969753925614,3.6270001,0.005707762557077625,Residential,1.549583775005098
MAC004135,3859.283,0.2204926584014169,0.30622757104021886,4.6040001,0.09703196347031963,Commercial,1.3825630756809766
MAC004136,2827.053,0.16137989496517866,0.08877593655989088,1.182,0.01141552511415525,Commercial,0.5467175390089292
MAC004138,1843.185,0.10523465600913502,0.10949878897615578,1.475,0.028538812785388126,Residential,1.0307256886748903
MAC004139,6068.9640021,0.34644160304258476,0.4022082940097478,3.316,0.01141552511415525,Industrial,1.1576284776709669
MAC004140,988.0550000000001,0.05643448709161526,0.0434755609416865,0.8,0.0684931506849315,Residential,0.756959157175679
MAC004141,2524.5390008,0.14409469182648402,0.16613878495789472,1.854,0.0,Commercial,1.1450369608047202
MAC004142,674.8549998,0.03852131969861293,0.06857181820159572,1.776,0.005707762557077625,Residential,1.7350589181869442
MAC004143,2396.0749997000003,0.13676227167237445,0.17494419816822607,1.515,0.0,Commercial,1.2698991969606708
MAC004145,2676.1259999999997,0.15276435666171936,0.09136222517589335,1.217,0.01141552511415525,Commercial,0.5941703731566976
MAC004146,1413.4710001,0.08068677931841535,0.11421697517416189,1.535,0.01141552511415525,Residential,1.3982308535992554
MAC004147,6111.8870006,0.348871910531423,0.28886408819111753,2.3840001,0.005707762557077625,Industrial,0.8256281213097666
MAC004148,2196.6169998,0.12538483930589644,0.12002426808041226,1.8,0.005707762557077625,Residential,0.949672988782386
MAC004150,3801.582003,0.2170100469802489,0.3398206248881907,3.625,0.01141552511415525,Commercial,1.5587383682320728
MAC004151,940.0889999999999,0.05366111079399509,0.06788723710451085,0.755,0.005707762557077625,Residential,1.241965926385249
MAC004153,4310.0480005,0.24602134827901134,0.24426747154243847,2.6010001,0.005707762557077625,Industrial,0.9888516650250716
MAC004154,1722.1620002999998,0.09831375237198149,0.1277095893979728,1.676,0.017123287671232876,Residential,1.285920492860185
MAC004156,2290.4370000999998,0.13143790887753928,0.09748546549518372,1.0470001,0.5365296803652968,Residential,0.7360843003442853
MAC004158,5178.7999999,0.2980604316489209,0.250250242077886,2.5569999,0.8276255707762556,Industrial,0.8367882059759242
MAC004161,3728.7749999000002,0.21308503342476715,0.1648708506105026,2.0710001,0.11986301369863014,Commercial,0.7701185270778904
MAC004162,5806.0079992,0.33143098522662406,0.315762359678126,2.5150001,0.01141552511415525,Industrial,0.9498583877879652
MAC004163,2865.4789997,0.16355473742579907,0.13554389652177065,1.524,0.0,Commercial,0.8237009680920917
MAC004164,2570.2930002,0.14670622147260273,0.2036491263460161,2.2520001,0.0,Commercial,1.3787444043701973
MAC004165,2263.008,0.12917449626120212,0.09333012324941095,1.766,0.005707762557077625,Residential,0.716961662460664
MAC004166,2357.5360001999998,0.13456255708904108,0.1539481229198158,2.256,0.0,Commercial,1.1356242182618212
MAC004167,3201.2409998000003,0.18272966492379702,0.1366803586889631,1.434,0.005707762557077625,Commercial,0.743921014310085
MAC004168,1825.3760000000002,0.10418812785388129,0.08568920711337834,1.392,0.0,Residential,0.8146281225996411
MAC004169,2295.8239995000004,0.13107759060805027,0.19657154797587653,1.778,0.028538812785388126,Residential,1.4883035575597128
MAC004171,2936.139999,0.1676836093089663,0.17742725439868123,2.0350001,0.05707762557077625,Commercial,1.0518345862145966
MAC004172,9814.9659987,0.5603108979106011,0.31021742274886227,3.24,0.017123287671232876,Industrial,0.5526659537586067
MAC004173,5751.8960017,0.3283420482760589,0.38140074239035565,3.4619999,0.01141552511415525,Industrial,1.1580687749614664
MAC004174,1475.4300006,0.08421884814201724,0.13831915325198907,1.719,0.005707762557077625,Residential,1.623105172948127
MAC004175,1267.2280002999998,0.0723427527715933,0.13264407190287994,1.937,0.017123287671232876,Residential,1.8085504959974026
MAC004176,1199.6770000000001,0.06848644174230747,0.07477037010473576,1.029,0.017123287671232876,Residential,1.07604258082496
MAC004177,3346.5799998,0.1910257434670929,0.1943460104814341,1.642,0.005707762557077625,Commercial,1.0120831039237135
MAC004178,4557.0559994,0.26612099973137116,0.3093570141266007,3.152,2.26027397260274,Industrial,1.1581156645778654
MAC004179,36994.446999800006,2.111555194052512,0.7517225356565613,8.1709995,0.0,Industrial,0.3558356902451069
MAC004180,5315.573000100001,0.3034522463949307,0.27663636705009903,1.619,0.017123287671232876,Industrial,0.9086363143179134
MAC004181,7004.8860022,0.39984508260745477,0.5286651363736331,4.572,0.005707762557077625,Industrial,1.3188764420776287
MAC004182,3122.671,0.17826517097676542,0.18952420646875642,2.112,0.017123287671232876,Commercial,1.0572282693626007
MAC004183,3528.4390004,0.20250453399908175,0.2894896037048924,2.049,0.547945205479452,Commercial,1.4225216412436228
MAC004185,1798.064,0.10264094074666058,0.105522499849011,1.034,0.01141552511415525,Residential,1.0181545930478353
MAC004186,4058.7579985,0.23170394465376493,0.25915769617673134,1.946,0.017123287671232876,Commercial,1.1136798585959786
MAC004187,3252.4940011999997,0.1858355617186607,0.26739060464015024,3.602,0.10273972602739725,Commercial,1.4311547661509447
MAC004188,1431.1649998,0.08176683995886419,0.0891747294935911,2.069,0.09703196347031963,Residential,1.0774209760564943
MAC004190,2184.6839997999996,0.1247036931217535,0.1274361300617518,1.6849999,0.005707762557077625,Residential,1.013781909639841
MAC004191,1810.4840001,0.10335582577496147,0.18998432876512505,1.251,0.017123287671232876,Residential,1.8205435811012363
MAC004192,4241.560001,0.2421534597510847,0.2597481893776922,2.5320001,0.0228310502283105,Industrial,1.0682479683554387
MAC004193,7796.0700007000005,0.444981164423516,0.2872098454173452,2.8970001,0.0,Industrial,0.6439954606347519
MAC004194,2225.8290001,0.1270450342522831,0.1333116845394634,1.581,0.0,Residential,1.0411312341625336
MAC004195,6206.764998500001,0.3542876304869,0.36554078656774036,4.5029998,0.005707762557077625,Industrial,1.0288587476766051
MAC004196,6512.5840012,0.3718714098783761,0.2917019430051481,1.977,0.039954337899543384,Industrial,0.7823124414400557
MAC004197,6393.438998600001,0.36529762304879443,0.25231048223962943,2.723,0.10273972602739725,Industrial,0.6888127750859557
MAC004199,1431.1610000000003,0.08170592601050469,0.09373874952454463,3.5710001,0.0228310502283105,Residential,1.1333982224277208
MAC004200,4721.808001799999,0.2695249729893258,0.3153621150110456,2.8699999,0.005707762557077625,Industrial,1.1657412309343025
MAC004201,1503.989,0.08585392168055714,0.08594560877180875,0.937,0.01141552511415525,Residential,0.9895420622215644
MAC004202,1296.1370000000002,0.07399731673898151,0.07672045078831781,1.026,0.0228310502283105,Residential,1.0229759426638347
MAC004203,4984.9989993,0.28456439087224566,0.34697753632809,3.326,0.01141552511415525,Industrial,1.2150588358312469
MAC004204,3645.9439993,0.20813746642119085,0.2952351058626884,4.9809999,0.017123287671232876,Commercial,1.4116796522154564
MAC004205,4851.0309981,0.27696437328575507,0.3098091791050993,2.4560001,0.028538812785388126,Industrial,1.114564343059198
MAC004207,5438.3239992,0.31044205955017695,0.2653507451855362,2.6210001,0.01141552511415525,Industrial,0.8520067763769238
MAC004208,5113.147999100001,0.29184634698059364,0.26259639909325344,2.3529999,0.0,Industrial,0.8967036871067925
MAC004209,3170.4119997,0.19369574778225807,0.2082193407311221,2.0480001,6.575342465753424,Commercial,1.0694601351231792
MAC004210,2478.489,0.14188739409205403,0.07042180592439042,0.913,0.2968036529680365,Commercial,0.4928482765877985
MAC004211,2462.4899999,0.14055308218607304,0.15092587635890792,1.552,0.0,Commercial,1.066213988618872
MAC004212,3827.0760002,0.21845287974199443,0.179438309202575,1.696,0.005707762557077625,Commercial,0.8176621305381656
MAC004213,3162.5040001999996,0.1805082191894977,0.13480062193502715,1.5930001,0.0,Commercial,0.7426695195234823
MAC004214,4585.4449999,0.2617711366044414,0.2478639349010439,1.9910001,0.017123287671232876,Industrial,0.9432692574381263
MAC004215,2399.866,0.13699429158579746,0.16530597366793956,1.67,0.01141552511415525,Commercial,1.1979189267054657
MAC004216,13527.759005099999,0.7735894667524446,0.6578044088155113,4.8130002,0.18835616438356165,Industrial,0.849229736589928
MAC004217,5809.970000699999,0.33167608612776156,0.32422862806376707,3.2880001,0.017123287671232876,Industrial,0.9746075584743104
MAC004219,2484.2499997,0.14179509130707763,0.13071176668438708,1.539,0.0,Commercial,0.9153799720138445
MAC004220,2632.4499992,0.1503483922097207,0.13790934186569032,2.9119999,0.06278538812785388,Commercial,0.9112045384307211
MAC004221,1335.4340000000002,0.07625386855478788,0.06663900540156366,1.005,0.039954337899543384,Residential,0.8625976491300724
MAC004222,5222.0519994,0.29816443984241175,0.2422870805243224,2.562,0.03424657534246575,Industrial,0.8098792779380793
MAC004224,6474.914998800001,0.36957277390410964,0.275289956768466,4.0739999,0.0,Industrial,0.7428769088138697
MAC004225,11740.9539993,0.6701457762157534,0.5961226713473019,4.3299999,0.0,Industrial,0.8882163793215413
MAC004226,1325.8830003,0.08797578132174375,0.21429023955597573,3.095,13.978310502283106,Residential,2.408410877349698
MAC004228,3824.9570008,0.21835685338813723,0.219886213229569,2.135,0.017123287671232876,Commercial,1.002413235936126
MAC004230,2780.3449999,0.16001064686348987,0.1267543132384203,1.61,0.821917808219178,Commercial,0.7872418110703373
MAC004232,3382.6589997,0.19308516466122497,0.1812854980994427,1.64,0.005707762557077625,Commercial,0.9340512883397138
MAC004233,1747.4049974999998,0.09973772816780821,0.2349108704275959,1.651,0.0,Residential,2.3319055799658592
MAC004235,3274.6159998999997,0.1871316075147151,0.12045434943942221,1.255,0.11986301369863014,Commercial,0.6402664125963023
MAC004237,2498.4290003,0.14261253497916548,0.07002876075179984,1.733,0.005707762557077625,Commercial,0.4876228997834989
MAC004238,2041.9360003000002,0.11655551117643702,0.1312058523967805,1.387,0.005707762557077625,Residential,1.1161182583762996
MAC004241,5297.7490009,0.3023829338413242,0.22406953437250834,2.573,0.0,Industrial,0.7385700030500119
MAC004243,2057.7970001000003,0.11745416667237445,0.10483622910665681,1.1210001,0.0,Residential,0.8850362300603346
MAC004244,5210.9880006,0.2974477995661853,0.1296936792793446,1.5089999,0.005707762557077625,Industrial,0.434560681860826
MAC004247,7668.393998,0.43781866959748783,0.3031262888429221,2.7969999,0.028538812785388126,Industrial,0.6907780134354098
MAC004248,2392.6359997,0.15530546538361678,0.15707521335850455,1.484,12.0662100456621,Commercial,1.0049246388985733
MAC004249,16418.0359975,0.937263001512816,0.48317205650607914,4.243,0.017123287671232876,Industrial,0.514964413737974
MAC004250,1366.0430000000001,0.07798829641470656,0.13091190488225093,1.557,0.0228310502283105,Residential,1.6573582521002048
MAC004251,1418.0970001,0.08094160959474886,0.08661318489410735,1.28,0.0,Residential,1.057011026784344
MAC004252,2280.0919995,0.13019425566721862,0.1948745985978813,1.934,0.039954337899543384,Residential,1.4853897192891687
MAC004253,2038.2039997,0.11634912659550177,0.1821338179489424,1.3839999,0.01141552511415525,Residential,1.5520679465877163
MAC004254,2721.6559998999996,0.1553545293624065,0.11032842459065034,1.45,0.005707762557077625,Commercial,0.7056298595285685
MAC004255,4347.0060005000005,0.24882690329135665,0.26331710015930415,2.6400001,0.28538812785388123,Industrial,1.0539981750973184
MAC004256,4363.953999900001,0.2491125699223656,0.1616218718896455,2.6229999,0.01141552511415525,Industrial,0.6461965183909493
MAC004259,1866.9649995999998,0.106854681753663,0.11195213835612322,1.308,0.273972602739726,Residential,1.0379905307385608
MAC004261,5638.6159984000005,0.32187555647905014,0.25905577594234486,2.5999999,0.01141552511415525,Industrial,0.8023393866272864
MAC004262,3299.0529999,0.18832360999543327,0.16621067430529748,1.999,0.01141552511415525,Commercial,0.877918365856782
MAC004265,1047.8010000000002,0.059840148486579106,0.06925339941141445,0.626,0.05707762557077625,Residential,1.1382845231992036
MAC004266,3170.0070004,0.1809674602043729,0.16197370058747712,1.854,0.017123287671232876,Commercial,0.8901245332850158
MAC004267,603.117,0.03443038191471142,0.04708058686622208,0.638,0.017123287671232876,Residential,1.3288196266005605
MAC004268,2016.5980003,0.11510919574747416,0.12986967672887512,1.6210001,0.005707762557077625,Residential,1.1185132744466564
MAC004269,4691.351,0.26781703488040187,0.17407188934103301,1.816,0.017123287671232876,Industrial,0.6475478364623675
MAC004271,8593.3400013,0.49051544045322215,0.5436141557955037,5.776,0.005707762557077625,Industrial,1.1059960909757824
MAC004272,3353.0779998,0.19138573058219177,0.19199574098960748,2.256,0.0,Commercial,0.9979728767232158
MAC004273,2270.3889999,0.12958841323630135,0.16159513429260833,1.8660001,0.0,Residential,1.237438531397115
MAC004274,3954.916,0.22575009989154632,0.3584572469313933,1.483,0.005707762557077625,Commercial,1.5808471401019977
MAC004275,4893.2660000999995,0.27931194703464807,0.23603917258602017,2.2590001,0.005707762557077625,Industrial,0.8420589100215713
MAC004276,7899.7319997,0.4510524151935595,0.3727311981358183,3.369,0.03424657534246575,Industrial,0.8245309296184659
MAC004277,3951.4999996999995,0.22555511157600316,0.17461621254239762,2.4860001,0.005707762557077625,Commercial,0.7707449694147314
MAC004278,4804.6709993,0.2742705217090992,0.36540324804480406,3.9189999,0.01141552511415525,Industrial,1.3274332673767206
MAC004279,3120.1160000999994,0.1781396517328004,0.1551571830143979,1.502,0.028538812785388126,Commercial,0.8661241747071493
MAC004280,12070.1639982,0.6892903887956142,0.394634531194408,3.2460001,0.05136986301369863,Industrial,0.5716935040671036
MAC004281,2090.0520002000003,0.1193020149666077,0.09545522119282585,1.5190001,0.005707762557077625,Residential,0.7934631952700162
MAC004282,1017.8550000000002,0.05828303939532754,0.056676416832296565,0.734,0.31963470319634707,Residential,0.9560308886046011
MAC004285,5927.5300003,0.33840659969741954,0.25747320690829084,2.517,0.0228310502283105,Industrial,0.7585981154692567
MAC004286,3509.7839994,0.2004903461327545,0.2085673805326483,2.0599999,0.07990867579908677,Commercial,1.0351234415728832
MAC004287,4158.1810001,0.23735264570466352,0.22517575349491942,2.2550001,0.005707762557077625,Industrial,0.9447168200261085
MAC004288,1633.9610000999999,0.09327326179358374,0.12167399195887381,1.1720001,0.01141552511415525,Residential,1.2906521917665839
MAC004289,1841.7069999999999,0.1051262629145499,0.11507745414986863,0.975,0.005707762557077625,Residential,1.0843447322980362
MAC004290,4700.128000199999,0.26827214613013695,0.18625285494029648,3.5550001,0.0,Industrial,0.6916900155364828
MAC004291,3058.5460000000003,0.17459447425505195,0.050660941347341254,0.982,0.01141552511415525,Commercial,0.28851102269742246
MAC004292,818.671,0.046861534058385806,0.0611843992735037,1.209,0.28538812785388123,Residential,1.2783626868053468
MAC004293,1197.0779989,0.08488710813359807,0.1405029134664072,2.9130001,19.509132420091323,Residential,1.6359022502871305
MAC004294,2171.1620002,0.12393891997944971,0.17123317892551101,1.487,0.01141552511415525,Residential,1.370535129915289
MAC004295,4663.573,0.2662008676294309,0.1407516961435282,1.149,0.005707762557077625,Industrial,0.5267636194158266
MAC004296,1693.2399999,0.0966792280404248,0.172457196261179,2.8740001,0.03424657534246575,Residential,1.7655462652694915
MAC004297,1344.846,0.07678252926063374,0.051900340554379185,0.861,0.028538812785388126,Residential,0.6672493302509037
MAC004298,1109.7179999,0.06334006848744292,0.14286661969288128,1.665,0.0,Residential,2.2204921917477316
MAC004300,2666.3799998,0.1521993264341572,0.16196167147594884,2.05,0.005707762557077625,Commercial,1.057195715188458
MAC004301,2200.6329998,0.12560690638127855,0.14674282219524004,1.834,0.0,Residential,1.15904279149924
MAC004302,1944.8079997,0.11101135907871454,0.10300569716644972,2.023,0.005707762557077625,Residential,0.9196004585040682
MAC004304,886.7439999000001,0.05062191013872239,0.09778962423583833,1.582,0.017123287671232876,Residential,1.8943433897167015
MAC004305,2492.3569996,0.14230655473335618,0.1642387400871017,1.617,0.03424657534246575,Commercial,1.1460657915661503
MAC004306,1726.0910001,0.09853242379837882,0.15737348808693888,1.848,0.01141552511415525,Residential,1.5811278584527164
MAC004308,652.6650000000001,0.03730793414885104,0.05884942186385771,1.943,0.14840182648401826,Residential,1.536220189665925
MAC004310,791.115,0.04517559387848333,0.06660924703678302,1.076,0.045662100456621,Residential,1.4425206357296307
MAC004312,1950.8869998999999,0.11135835378160854,0.10282157558314355,1.337,0.005707762557077625,Residential,0.9151217699664622
MAC004313,5185.7420002,0.296040532065993,0.1348156966718046,1.42,0.017123287671232876,Industrial,0.45386296521261554
MAC004314,2593.0060000000003,0.14801107369142077,0.12140564493830334,0.877,0.005707762557077625,Commercial,0.8147424344429323
MAC004316,3369.7669998,0.19298820226791136,0.11721876027200366,1.33,0.3367579908675799,Commercial,0.6042571604953393
MAC004317,356.02800000000013,0.020322392830641026,0.011288359208435938,0.664,0.005707762557077625,Residential,0.5294133401488678
MAC004319,18573.197999599997,1.0601140410730592,0.8834147621158152,7.2919998,0.0,Industrial,0.8325351733376892
MAC004321,3766.6920007000003,0.2152764474309882,0.22641559022245308,2.421,0.1312785388127854,Commercial,1.0468804759459542
MAC004322,2565.496,0.14644077858325247,0.17554645462012883,1.174,0.005707762557077625,Commercial,1.1906234917296403
MAC004324,4114.9379995,0.23493793888095918,0.24082119211947664,2.947,0.028538812785388126,Industrial,1.0206971937691685
MAC004325,5413.872997800001,0.3091168778006167,0.3102259000805861,3.118,0.03424657534246575,Industrial,1.000351552230058
MAC004326,2983.8289998,0.17031959585592785,0.1294677127360934,1.607,0.005707762557077625,Commercial,0.7557087214061021
MAC004327,2420.5429997,0.13815884701484019,0.1599965919394524,1.5369999,0.0,Commercial,1.1497407126576007
MAC004328,3845.5679981999997,0.21952094977737183,0.2084271390935402,2.3429999,0.01141552511415525,Commercial,0.9451579965711149
MAC004329,6103.9210013,0.34843709334969747,0.21591894990451277,2.895,0.01141552511415525,Industrial,0.6179050650711341
MAC004330,5864.9049996,0.33483129707695825,0.585233805569826,4.3140001,0.0228310502283105,Industrial,1.742642245269104
MAC004332,3656.0569997000002,0.20867905249429225,0.3496146582108361,4.3169999,0.0,Commercial,1.6673799983923194
MAC004333,4489.2529992,0.25633832005938445,0.24323167544897614,2.865,0.039954337899543384,Industrial,0.9451824951404323
MAC004335,1677.73,0.09576084474885845,0.0568177984977052,0.733,0.0,Residential,0.5871982478571274
MAC004336,2553.9440001000003,0.14578138022147386,0.18214066415467856,3.3,0.005707762557077625,Commercial,1.240897611671536
MAC004337,4257.0439995,0.24299583306695585,0.23775270869558637,2.681,0.005707762557077625,Industrial,0.9744129877428838
MAC004338,2511.3699994,0.14336758573956726,0.24456488844104002,2.756,0.017123287671232876,Commercial,1.6940429334478466
MAC004339,2376.4099994000003,0.13563984014840183,0.18929273279641085,1.903,0.0,Commercial,1.3853407072990114
MAC004340,5389.0149997,0.3075921803481735,0.2806320582287931,3.253,0.0,Industrial,0.9093945864479328
MAC004341,5628.4030002,0.3212925562392967,0.22071258813616373,2.9879999,0.01141552511415525,Industrial,0.6848206198479136
MAC004342,1516.751,0.08659725949186411,0.09395957472533473,1.378,0.028538812785388126,Residential,1.0726314415585287
MAC004343,4271.0109999999995,0.243820916823657,0.25253726050673914,2.7160001,0.017123287671232876,Industrial,1.0315183187090184
MAC004344,2840.9190005,0.16215291098744292,0.1403926840997802,2.4130001,0.0,Commercial,0.8604975740248088
MAC004345,6814.0210003,0.3893058904359253,0.33561863467351744,2.925,0.09703196347031963,Industrial,0.8598861633850089
MAC004348,10339.333004700002,0.5902456473539991,0.6603158442667073,4.6820002,0.017123287671232876,Industrial,1.1168214890406687
MAC004349,6636.045999600001,0.37881299232789134,0.41889527440953994,2.9979999,0.01141552511415525,Industrial,1.1028987498350478
MAC004351,6382.3450002,0.3644763291759465,0.4266233902048368,3.404,0.05136986301369863,Industrial,1.1673078559335455
MAC004352,1019.1380001000001,0.058339801940580464,0.09746480908247246,1.548,0.2910958904109589,Residential,1.6424862553479405
MAC004353,5316.1320021,0.30343219190068493,0.24232965452194355,2.29,0.0,Industrial,0.7960053534712875
MAC004355,7359.4559995,0.42008425135567096,0.39373992997604734,3.3199999,0.005707762557077625,Industrial,0.9350621133619004
MAC004356,2947.3709995,0.16827696257493577,0.1979160664510426,1.985,0.028538812785388126,Commercial,1.169184887538544
MAC004357,2703.1379998,0.15428869861872146,0.17003782150785304,1.518,0.0,Commercial,1.0949787268508504
MAC004358,1683.43,0.09609715720972714,0.08959517736055894,1.073,0.01141552511415525,Residential,0.9227373893865488
MAC004359,2341.036,0.13362840344768537,0.15349276063156916,1.115,0.005707762557077625,Commercial,1.1401216734417727
MAC004360,2585.9580001,0.147634048875314,0.13933452179369898,1.493,0.0228310502283105,Commercial,0.9374334000050271
MAC004365,1688.392,0.0966341575091575,0.14728803554416273,1.802,0.273972602739726,Residential,1.5085707635706078
MAC004367,3089.5710003,0.17682984205013735,0.2273737794228663,2.8440001,0.273972602739726,Commercial,1.2786030556039099
MAC004368,3602.5629998000004,0.20566095791516814,0.13367389394758247,1.465,0.017123287671232876,Commercial,0.646827031559846
MAC004369,4503.0319987,0.25713978978414803,0.3270724360327413,3.3559999,0.045662100456621,Industrial,1.2670361136740427
MAC004370,969.3239997000001,0.05533618768624765,0.11822570796786064,1.405,0.017123287671232876,Residential,2.0985748738678134
MAC004371,3007.2540005,0.17170572116592442,0.15528553745421617,1.641,0.03424657534246575,Commercial,0.8991337195195053
MAC004372,2842.9929999,0.16228055253724527,0.20451526594708727,1.824,0.005707762557077625,Commercial,1.252539036456507
MAC004373,1893.308,0.10806552511415525,0.13085759114350828,1.714,0.0,Residential,1.1998070976740267
MAC004375,2362.6489992999996,0.13486979103208127,0.1886108788244163,1.809,0.01141552511415525,Commercial,1.3881737610083018
MAC004376,2186.3239995999998,0.12484006164563466,0.1155123263311018,2.0280001,0.039954337899543384,Residential,0.9179296705717155
MAC004377,2042.7870004,0.11665069668798538,0.15055845924564867,2.053,0.045662100456621,Residential,1.2797073326725474
MAC004378,1304.284,0.07445393309738556,0.0853926888244885,0.861,0.01141552511415525,Residential,1.13171951837521
MAC004379,3265.8639998000003,0.18641840286546038,0.14373949570612948,2.049,0.005707762557077625,Commercial,0.7669444062508306
MAC004380,3824.2630007000002,0.21827985163812788,0.28643583710885356,3.0999999,0.0,Commercial,1.3062569815194491
MAC004382,2232.768,0.1274556456216463,0.10753977995811832,3.0869999,0.01141552511415525,Residential,0.8371744148549637
MAC004383,3436.7840001000004,0.19624187746816651,0.16594194181315225,1.447,0.039954337899543384,Commercial,0.8413119158224102
MAC004384,4179.0410001,0.23852973744863012,0.21341948887006781,1.352,0.0,Industrial,0.8909937076845753
MAC004385,11804.2239951,0.6737955359952051,0.42086088050517123,2.881,0.005707762557077625,Industrial,0.6236865214060363
MAC004386,8185.0120009,0.4672610607352857,0.38430693377820146,3.3099999,0.017123287671232876,Industrial,0.8207108512818565
MAC004387,1602.5500000000002,0.0914854141690929,0.08928285027844696,1.449,0.017123287671232876,Residential,0.9653722274001971
MAC004388,1503.3979999999997,0.0858152862606313,0.08937314528028283,1.187,0.005707762557077625,Residential,1.0294632331450533
MAC004389,5176.448001199999,0.2955943353814527,0.355337704702109,3.631,0.045662100456621,Industrial,1.198059646840881
MAC004390,4743.9739989,0.27139439352974826,0.29968465249993304,2.1329999,0.228310502283105,Industrial,1.1001865663112644
MAC004391,5547.964999299999,0.3166646689098173,0.1968743000777946,2.661,0.0,Industrial,0.6197551045051403
MAC004393,1241.83,0.07088475369598721,0.05549005660365213,0.982,0.005707762557077625,Residential,0.7719308163498615
MAC004394,1899.6719999,0.10847830058816811,0.10322838438517773,1.229,0.045662100456621,Residential,0.9429118266413258
MAC004395,8993.9940014,0.5136196677174347,0.4649301708937847,3.098,0.05136986301369863,Industrial,0.9034442328175196
MAC004397,1545.8580000000002,0.08825909220668,0.04463470056142953,0.582,0.028538812785388126,Residential,0.5000577471489133
MAC004398,1268.27,0.07249328379537011,0.11645314370974373,1.534,0.14269406392694062,Residential,1.5845413035834437
MAC004401,3252.0750003000003,0.18667556399173413,0.1749626397354669,1.4859999,0.565068493150685,Commercial,0.9322611639689696
MAC004402,1526.0509998,0.08711331201050349,0.1402253626854602,1.566,0.01141552511415525,Residential,1.5914208589588
MAC004403,6005.7309991,0.3428515727065137,0.31775548852286684,2.9760001,0.017123287671232876,Industrial,0.9241065440584141
MAC004404,2236.4659999,0.12766674277314763,0.19242717313161706,2.2320001,0.01141552511415525,Residential,1.4955470930890469
MAC004405,3185.2919993999994,0.1818192818882356,0.1867891724345074,2.0450001,0.005707762557077625,Commercial,1.0217148350287184
MAC004406,1546.163,0.08825635024830185,0.07365165483093578,1.023,0.005707762557077625,Residential,0.8251699136929144
MAC004407,6241.1690037,0.3562311075171233,0.5668786499495209,6.2989998,0.0,Industrial,1.5868681030874348
MAC004409,17345.3599971,0.9900319633047946,0.6142129162853437,4.9380002,0.0,Industrial,0.6197710457664026
MAC004410,2593.1080001,0.14800844749429223,0.2928119355904177,3.339,0.0,Commercial,1.9650693669674926
MAC004411,10457.824999299999,0.5969078195947488,0.43451561005773487,2.71,0.0,Industrial,0.7267267558939801
MAC004412,8608.8240006,0.4913712329109589,0.15619089488934249,1.6569999,0.0,Industrial,0.3172218124237739
MAC004413,1030.9199998000001,0.05885254323228864,0.07582775146729712,1.318,0.017123287671232876,Residential,1.2669094306153115
MAC004414,2464.791,0.140700479506793,0.10520133810930343,1.187,0.01141552511415525,Commercial,0.7424204806890591
MAC004415,2408.1419997000003,0.13745887320623323,0.16535505767710076,1.526,0.005707762557077625,Commercial,1.19425396038581
MAC004416,2151.115,0.12278754495119583,0.10288433557993176,0.933,0.005707762557077625,Residential,0.8311364089213877
MAC004417,2216.108,0.12651906828042933,0.12802121724892776,1.437,0.0228310502283105,Residential,1.0039378343589693
MAC004418,3064.9879998,0.17494223743150686,0.13564263500576423,1.642,0.0,Commercial,0.7709498127677784
MAC004420,7802.3249998,0.44536360521719276,0.320844235123779,2.5320001,0.005707762557077625,Industrial,0.7187956889264343
MAC004421,1013.5199999,0.05785261715280553,0.15491647208513454,1.441,0.005707762557077625,Residential,2.6322783859026666
MAC004423,2328.201,0.13329903813122637,0.1670061593606496,1.443,0.3082191780821918,Commercial,1.2435395047093667
MAC004425,2673.5649998,0.1526007419977169,0.1388724076687409,1.965,0.0,Commercial,0.9041128699157266
MAC004426,1662.3010000000004,0.09489644345492952,0.06802564404544552,0.908,0.017123287671232876,Residential,0.7093656614847971
MAC004427,1812.4210003,0.10345459217421087,0.13244213869126872,2.0680001,0.005707762557077625,Residential,1.2679398381105143
MAC004428,5934.0210009,0.33869982881849314,0.7805941810300123,5.0469999,0.0,Industrial,2.2978939487399503
MAC004429,3751.3559999999998,0.21415516355540332,0.10360384663373373,1.036,0.017123287671232876,Commercial,0.4815308399840254
MAC004430,1091.7170004,0.062316171037159654,0.1118389080095573,1.829,0.005707762557077625,Residential,1.766356148477774
MAC004431,7759.7630014999995,0.44313648572325964,0.3198109921135965,3.984,0.05136986301369863,Industrial,0.7200736764348379
MAC004434,6943.4719987,0.3963847690072501,0.38552447948586555,4.0949998,0.017123287671232876,Industrial,0.970154141662213
MAC004437,4131.2109987,0.23581317419373254,0.3403119400693026,2.1800001,0.005707762557077625,Industrial,1.4370481761749436
MAC004438,2916.3410001,0.16646732119984017,0.20155213812592598,1.816,0.005707762557077625,Commercial,1.2035311527161296
MAC004440,1769.5869999999998,0.10103265772195259,0.08280543976189973,0.965,0.028538812785388126,Residential,0.8115581972543672
MAC004441,1575.1819998,0.08992304617228979,0.10946085289212988,2.4519999,0.017123287671232876,Residential,1.203884576026114
MAC004442,1344.2219999,0.0767732023473642,0.08460210131140138,1.541,0.06278538812785388,Residential,1.087805294856405
MAC004443,3157.5440000000003,0.18074092730394964,0.18268533184752184,1.365,0.28538812785388123,Commercial,1.0051964329531164
MAC004444,2804.5580000000004,0.16009578719031856,0.12028136251953296,1.785,0.01141552511415525,Commercial,0.7466449906441847
MAC004446,13818.3840002,0.7887655688224213,0.6005122755975981,4.1620002,0.005707762557077625,Industrial,0.7603677588692439
MAC004447,3287.0170005000004,0.1876258348364633,0.20883509361447578,2.392,0.005707762557077625,Commercial,1.1071394000484276
MAC004450,1563.6399999999999,0.08925395285119013,0.06918416049052885,1.003,0.005707762557077625,Residential,0.7665499216926159
MAC004452,1926.443,0.10996306866830298,0.09782645240419037,1.501,0.005707762557077625,Residential,0.8816127165392179
MAC004453,1362.0189999999998,0.07777188374350481,0.0872133821930538,0.821,0.039954337899543384,Residential,1.1071638514706084
MAC004454,718.7849999,0.041028882921399626,0.10625559923891814,2.131,0.005707762557077625,Residential,2.5281566354650016
MAC004455,6418.364001099999,0.3663449772317351,0.41827492187105725,4.566,0.0,Industrial,1.1386433673957481
MAC004457,3646.914,0.2082166143305738,0.201437874040505,3.0380001,0.028538812785388126,Commercial,0.9628196818165791
MAC004458,11265.759999200001,0.6431329565108181,0.6136678825858295,3.335,0.017123287671232876,Industrial,0.9527037490986118
MAC004459,6651.440001100001,0.3799086132682203,0.33245278265744405,2.918,0.0684931506849315,Industrial,0.8727888293335714
MAC004460,3765.6989994,0.21494942630287117,0.28221201156063547,4.2750001,0.005707762557077625,Commercial,1.3068430715107822
MAC004461,1703.3719995000001,0.09722442919520549,0.08716106207954624,2.1719999,0.0,Residential,0.8873664402399065
MAC004462,4395.1029984,0.2508763627147668,0.22138023602733672,2.2060001,0.005707762557077625,Industrial,0.8789242215556172
MAC004463,3813.3279996,0.21765570773972603,0.19839181073392312,1.939,0.0,Commercial,0.9073250947104304
MAC004464,5112.9290008,0.2918671652471743,0.2247437662548263,2.8570001,0.01141552511415525,Industrial,0.7673914761497652
MAC004465,2534.6600014,0.14471367407365116,0.1832777384583427,4.2909999,0.028538812785388126,Commercial,1.2577936808161514
MAC004466,4692.8320003,0.26793217244076506,0.30272861271268275,3.096,0.028538812785388126,Industrial,1.1256690115027486
MAC004468,6780.3409979,0.38702785535133283,0.5692080820159037,4.4660001,0.005707762557077625,Industrial,1.4669258254681856
MAC004469,9557.3210005,0.5455714693743579,0.6679070207991662,4.4590001,0.01141552511415525,Industrial,1.2219939353287084
MAC004470,5139.767999600001,0.2933657534018265,0.44983601869028156,2.73,0.0,Industrial,1.5281533720949836
MAC004472,4098.4099986,0.23395421843817787,0.21778170932660929,1.916,0.01141552511415525,Industrial,0.9269112543468246
MAC004473,2395.9049995999994,0.1367525684703196,0.1793069991046938,2.224,0.0,Commercial,1.301659933428592
MAC004475,2897.5659995,0.1654617404922339,0.2151262957461898,2.0899999,0.045662100456621,Commercial,1.2923467885776811
MAC004476,1143.2579997,0.06527308019982872,0.08071774781981324,1.2869999,0.028538812785388126,Residential,1.2179567869251058
MAC004477,2159.9890002,0.12331519754510163,0.10853107475590969,1.625,0.0228310502283105,Residential,0.8730314305822066
MAC004478,5639.036000000001,0.3218811576003197,0.18758427578425796,1.39,0.005707762557077625,Industrial,0.5809700298970689
MAC004479,3304.7880005,0.2192812686948444,0.2679302484303194,3.473,13.978310502283106,Commercial,1.216309720830068
MAC004480,7554.6049989,0.49049506550447997,0.3757658161170455,3.3529999,12.089041095890412,Industrial,0.7645362944414351
MAC004481,2559.1009993000002,0.14612579222863017,0.21227298383538667,2.7980001,0.039954337899543384,Commercial,1.4427992578318234
MAC004482,1533.7169999000002,0.08757591502883573,0.10077047551377036,1.0319999,0.039954337899543384,Residential,1.1376735479499671
MAC004483,2120.8940001,0.12734277995196638,0.19728268414829378,1.948,4.937214611872146,Residential,1.5371545187203275
MAC004484,5725.074997399999,0.3704111670160455,0.4057841923544669,2.951,11.78082191780822,Industrial,1.092547097101516
MAC004487,5201.238999,0.2969930336892594,0.4079878858624358,3.9059999,0.039954337899543384,Industrial,1.3691188710400413
MAC004488,3789.4599994,0.21633042184163956,0.28684540905735656,8.875,0.017123287671232876,Commercial,1.319858520618756
MAC004489,2477.3699996,0.14141854090649617,0.15796183288015908,1.9529999,0.01141552511415525,Commercial,1.109138121165472
MAC004490,2835.6470006000004,0.16200919845740733,0.1559695863338084,1.909,0.09703196347031963,Commercial,0.9568146326083659
MAC004492,2509.6439998,0.14326905290860306,0.13777984597680942,2.3180001,0.017123287671232876,Commercial,0.9550201044439887
MAC004494,4457.2910003,0.25441158677511416,0.1939148254421959,2.1110001,0.0,Industrial,0.7592248569871453
MAC004495,4178.3120002,0.23854258964375427,0.221287780499304,2.2950001,0.0228310502283105,Industrial,0.9237930542055228
MAC004496,1272.8689998,0.07287278867578863,0.12098454631941911,1.527,0.3025114155251142,Residential,1.6377416974251995
MAC004498,2398.6549999,0.13694861546674278,0.2255832052356152,3.2460001,0.028538812785388126,Commercial,1.6352698029796444
MAC004499,3068.5329994000003,0.1751645735472086,0.18923588793427293,3.1229999,0.01141552511415525,Commercial,1.0741994495480187
MAC004500,5143.677998900001,0.29358892687785393,0.3328034337134013,2.3699999,0.0,Industrial,1.1297214638735975
MAC004501,5252.7959992999995,0.2998342370740339,0.3214331754876485,2.7390001,0.005707762557077625,Industrial,1.0684727197740638
MAC004502,3811.5009999000004,0.21780005713714287,0.20540098858805456,1.903,0.1141552511415525,Commercial,0.9387611286559682
MAC004503,1523.3159996000002,0.08697208105052813,0.11943778558813947,2.1689999,0.028538812785388126,Residential,1.3576783015913712
MAC004504,10399.1490007,0.593626498498687,0.2641258894357292,3.1619999,0.01141552511415525,Industrial,0.4441878895451081
MAC004505,3293.8859994,0.18801792336320566,0.19054240230142053,1.944,0.005707762557077625,Commercial,1.0080652612783472
MAC004507,2253.3899999000005,0.1286328347927846,0.13487221541190772,2.0190001,0.01141552511415525,Residential,1.04041707972751
MAC004508,1931.8190002,0.11027623017467747,0.12108767048578503,1.729,0.01141552511415525,Residential,1.0881719329968844
MAC004510,2423.253,0.13831352739726027,0.05776217837119621,0.521,0.0,Commercial,0.4146200261406356
MAC004511,3517.425,0.20080065079636925,0.2189193319481545,2.447,0.017123287671232876,Commercial,1.0848296627599046
MAC004512,2492.1350007,0.14226138832629295,0.18753868747126842,3.71,0.01141552511415525,Commercial,1.3090665228242047
MAC004513,2276.619,0.12998852346694073,0.12644285426102378,1.2640001,0.03424657534246575,Residential,0.9652971948564318
MAC004514,4519.929,0.25806046246074793,0.40227361499158965,3.0799999,0.028538812785388126,Industrial,1.5528174819518858
MAC004515,6467.3039992,0.3691383561187215,0.6144646188032862,5.855,0.0,Industrial,1.660094417791701
MAC004516,725.9070001,0.041466183028675885,0.05877080944824798,1.6210001,0.07990867579908677,Residential,1.3839437702362412
MAC004517,1327.0039998,0.07575088479278456,0.11480386796532704,1.2410001,0.01141552511415525,Residential,1.495798625322426
MAC004518,2655.4019989,0.15158999822458183,0.30173733055926183,2.161,0.017123287671232876,Commercial,1.9774384564522052
MAC004519,2745.0300003,0.15668873795878763,0.17297832751100006,2.0550001,0.005707762557077625,Commercial,1.0969605676989336
MAC004520,504.4100000000001,0.02880038826081992,0.029606203310206785,0.35,0.03424657534246575,Residential,0.9934838113881743
MAC004521,5457.5989995,0.3116135091640973,0.3363858374703055,3.0120001,0.03424657534246575,Industrial,1.0760438292310956
MAC004522,2089.638,0.11928519237355863,0.12181816631955578,1.5319999,0.01141552511415525,Residential,1.0127444942785337
MAC004523,1927.6170001,0.11003008163137165,0.10773012291745183,1.744,0.005707762557077625,Residential,0.9702786968591455
MAC004524,1001.904,0.05718630136986301,0.05393052588099578,0.357,0.0,Residential,0.9268594946117084
MAC004526,2503.3369997,0.14290084482817672,0.1036803848637985,1.2359999,0.01141552511415525,Commercial,0.7204987919813602
MAC004527,5709.882998,0.3259251668474228,0.3045792335218556,3.1819999,0.005707762557077625,Industrial,0.9316481703104977
MAC004528,2807.819,0.1603460110787505,0.07293363220737209,1.141,0.05136986301369863,Commercial,0.45203244703567114
MAC004529,2748.2810003,0.156910134187839,0.18390153248083002,2.1140001,0.028538812785388126,Commercial,1.1645961383458356
MAC004530,1868.179,0.10663730806552886,0.08146495189062761,0.964,0.005707762557077625,Residential,0.7568467974044121
MAC004531,3723.5700004000005,0.2128605728234151,0.2004869478288969,2.5469999,0.1541095890410959,Commercial,0.9374656823464097
MAC004532,4972.6590002,0.28382756850456625,0.33289720391775474,3.161,0.0,Industrial,1.1687674955959113
MAC004533,4448.2070001,0.2539365759034081,0.12472720787283745,1.575,0.017123287671232876,Industrial,0.48924799209704156
MAC004534,1357.9390000000003,0.07753448669635722,0.052004083438024436,0.677,0.03424657534246575,Residential,0.6621814902679769
MAC004535,1757.1419999,0.10029921798618642,0.05589231288143957,1.183,0.005707762557077625,Residential,0.5517546333779326
MAC004537,3944.2890004000005,0.22528495547178437,0.18744765258871018,2.9289999,0.0684931506849315,Commercial,0.8283699294011756
MAC004539,1811.3240001000001,0.1033860730650685,0.08948346321172526,1.1440001,0.0,Residential,0.8572356501613604
MAC004540,3499.5809996999997,0.19974777395547944,0.11771871546364726,1.7079999,0.0,Commercial,0.5864010999681329
MAC004541,1868.7209994999998,0.10668042470171832,0.0888690164283299,2.0179999,0.017123287671232876,Residential,0.8253033610751701
MAC004542,1196.8190000000002,0.06831938577463181,0.05126285765782278,0.631,0.01141552511415525,Residential,0.739516905479895
MAC004544,4191.4429998,0.2392649274917228,0.24990143707110027,1.905,0.01141552511415525,Industrial,1.0401078496140868
MAC004545,3048.1120002000002,0.17397899544520548,0.1692449146374289,2.112,0.0,Commercial,0.9672298906895246
MAC004546,3391.421,0.19359635803173877,0.12196113573358078,1.288,0.01141552511415525,Commercial,0.626739045720932
MAC004547,2760.4719995,0.1575701809178606,0.16512091362665687,1.749,0.005707762557077625,Commercial,1.0413112520328747
MAC004548,4169.4479986999995,0.2706730718449753,0.33555408848493473,3.207,12.077625570776256,Industrial,1.2351393025673587
MAC004549,9154.6259995,0.5225839707443772,0.5383092189853852,3.513,0.01141552511415525,Industrial,1.0281239477596558
MAC004550,2256.8130003,0.1288944542977897,0.12051404579002808,1.757,0.06278538812785388,Residential,0.9277843803380816
MAC004552,4342.7370014,0.24788726533477937,0.5773896910035847,4.8239999,0.005707762557077625,Industrial,2.3198844273005905
MAC004553,5781.9579997,0.3300581116394566,0.3540078302615569,4.1589999,0.01141552511415525,Industrial,1.0693223268520726
MAC004554,4000.3079999999995,0.2285106820518679,0.20426393036302284,1.699,0.07990867579908677,Commercial,0.8899974874235289
MAC004555,3608.2329999,0.2059846434834732,0.15998129456653082,4.2259998,0.017123287671232876,Commercial,0.7729138349304866
MAC004556,2187.2589999999996,0.12485067640847078,0.09178100140459981,1.395,0.005707762557077625,Residential,0.7292849273746311
MAC004557,6454.1529983,0.3684087561105086,0.34594844847340067,4.5479999,0.005707762557077625,Industrial,0.9364922805725542
MAC004562,9830.5740015,0.5611378504195444,0.4788461246063977,4.3990002,0.005707762557077625,Industrial,0.8518304260227575
MAC004563,5015.956999599999,0.2863152576973571,0.4978553341515703,4.6630001,0.005707762557077625,Industrial,1.732784183275032
MAC004564,1285.4919999,0.07337701923054969,0.06737991885177802,1.285,0.005707762557077625,Residential,0.9059238935472467
MAC004565,6052.4660024,0.34548010744905533,0.30865585435851106,2.2550001,0.005707762557077625,Industrial,0.8908328291369346
MAC004566,5749.0820006,0.328162680552543,0.2883306444048709,2.638,0.005707762557077625,Industrial,0.8759518057176768
MAC004567,3728.8310001000004,0.21283281964041098,0.23154686657446974,3.0929999,0.0,Commercial,1.0828406367359666
MAC004569,1796.3390001000002,0.10254247060737529,0.11224870650603115,1.158,0.01141552511415525,Residential,1.0840837179911345
MAC004570,3642.1719999999996,0.20792213278529426,0.17935560729844785,2.6489999,0.017123287671232876,Commercial,0.8584806449528666
MAC004571,4529.999000600001,0.2586501656160786,0.41827795624545616,5.3870001,0.03424657534246575,Industrial,1.6109289021749602
MAC004572,2535.0959997,0.14470551970432102,0.16587041851634163,1.926,0.005707762557077625,Commercial,1.1383948861576492
MAC004573,4873.2549994,0.27820146140320834,0.3821446212742382,3.3410001,0.017123287671232876,Industrial,1.368705662762863
MAC004574,5538.8960023,0.31614703209474887,0.30408532733705074,2.1389999,0.0,Industrial,0.9588149866280448
MAC004575,6183.874999500001,0.3530213506593595,0.45828223957366143,3.3050001,0.017123287671232876,Industrial,1.294504522736037
MAC004576,6228.0709985,0.3555646836321078,0.26693461715769023,2.493,0.0228310502283105,Industrial,0.7486288727155742
MAC004577,1980.6230002000002,0.11308798676487383,0.15699694409729115,3.0190001,0.03424657534246575,Residential,1.3761040802731423
MAC004579,4956.204001,0.28293680430439,0.3992049484026796,1.87,0.017123287671232876,Industrial,1.4059640819747983
MAC004581,4307.0880003,0.24590853555809308,0.2125117403989426,2.8299999,0.028538812785388126,Industrial,0.8606901333669871
MAC004582,7673.397991999999,0.43810436722809015,0.8364312912554499,5.7490001,0.028538812785388126,Industrial,1.9048576003366657
MAC004583,1138.4690002,0.0649811073173516,0.09822509133911933,1.3839999,0.0,Residential,1.4886850999132635
MAC004584,1198.6440000000002,0.06841965865631601,0.06352240771636893,0.714,0.005707762557077625,Residential,0.9150492662439714
MAC004585,5811.022000200001,0.33167933791095894,0.4062747202794753,2.6760001,0.0,Industrial,1.2212201780569074
MAC004586,7457.6430012,0.4257131522548236,0.41403480005243803,4.2080002,0.01141552511415525,Industrial,0.9702883491277664
MAC004587,10042.8720047,0.5732560080312804,0.41397135692893844,3.7869999,0.005707762557077625,Industrial,0.7208829357278381
MAC004588,2194.1039999,0.12558548451147616,0.08765998535666009,1.276,0.2796803652968036,Residential,0.6924963450190285
MAC004589,2916.8330005,0.16648590185502282,0.18436326453681737,1.697,0.0,Commercial,1.1007688557357127
MAC004591,1096.474,0.06258413242009132,0.07683297401387593,0.865,0.0,Residential,1.2083671049602658
MAC004594,2078.8849999,0.11867136658865167,0.09397573195248239,1.388,0.01141552511415525,Residential,0.7852816812521803
MAC004595,1701.3140008999999,0.0971235942741337,0.14796739800675085,2.1630001,0.017123287671232876,Residential,1.5079696081389515
MAC004596,2294.6909999,0.1309829898909755,0.1384009504584223,1.9680001,0.005707762557077625,Residential,1.0486271797051145
MAC004597,3239.665,0.18493349697454048,0.18278481540883232,2.2780001,0.01141552511415525,Commercial,0.9830655496887724
MAC004598,1193.3999999999999,0.06813977389516956,0.08784165487681254,0.723,0.03424657534246575,Residential,1.2704938117095808
MAC004599,1205.754,0.06882943258362827,0.10142442782599835,1.151,0.01141552511415525,Residential,1.4524595728961662
MAC004600,2727.8240001,0.15585784482344875,0.11794512463468941,1.296,0.10273972602739725,Commercial,0.7519236590776985
MAC004601,2803.8029997999997,0.16011666951059333,0.1568932028862399,1.724,0.05136986301369863,Commercial,0.973786283956945
MAC004602,1811.766,0.10342310766069186,0.05132334832780359,0.867,0.01141552511415525,Residential,0.4914941671202849
MAC004603,2081.1170005000004,0.11879199728865805,0.11817863657247671,2.5409999,0.005707762557077625,Residential,0.9865319824971805
MAC004607,2476.188,0.14135106747345588,0.13933997337078588,1.8329999,0.01141552511415525,Commercial,0.9788474076372383
MAC004608,1588.633,0.090675399543379,0.10964559271532727,1.627,0.0,Residential,1.1960197966025239
MAC004613,3216.4239997,0.18358584473173517,0.17103527763191417,1.86,0.0,Commercial,0.926589348606257
MAC004614,4248.4860004,0.2425350231432323,0.4013924444939347,2.941,0.017123287671232876,Industrial,1.6481918670804911
MAC004615,1109.1779999999999,0.06331647448338851,0.09141866334658343,1.334,0.01141552511415525,Residential,1.4213879737794832
MAC004616,4162.3669988,0.23767298571347,0.2541623011268684,2.415,0.039954337899543384,Industrial,1.064897647997723
MAC004617,2291.3279999,0.13079849297294213,0.13958884412692538,1.783,0.01141552511415525,Residential,1.0591080442443495
MAC004618,3692.3580002999997,0.21077508849754537,0.26127920323878534,2.223,0.01141552511415525,Commercial,1.2337579697992371
MAC004619,2670.4219992,0.15255195653813194,0.19850029344222644,2.0009999,0.08561643835616438,Commercial,1.2927239607847807
MAC004625,1076.6770000000001,0.06145767452480165,0.06645691149099434,1.534,0.005707762557077625,Residential,1.0640311538433056
MAC004626,3645.3330002000002,0.20810258607067422,0.2219870673635347,2.026,0.017123287671232876,Commercial,1.0616179911256844
MAC004627,4035.564999,0.23034046797945207,0.33973918757652777,3.5179999,0.0,Commercial,1.4685679100757407
MAC004628,3965.5319994,0.22635607051772363,0.23761549392922854,1.796,0.005707762557077625,Commercial,1.0451249152404098
MAC004629,2965.7160011,0.16932435061946904,0.2374932386565859,1.853,0.028538812785388126,Commercial,1.3943586914779
MAC004630,2595.701,0.14817336453933097,0.1881963713716571,2.286,0.01141552511415525,Commercial,1.2615950035908545
MAC004632,1742.3229999999999,0.0994476598173516,0.06298942963812071,0.586,0.0,Residential,0.627087079506453
MAC004634,2348.8519994,0.13407454759974882,0.2873326787831924,2.9779999,0.005707762557077625,Commercial,2.1272155553288465
MAC004635,5598.684999000001,0.3195596460616439,0.243480554527181,2.1900001,0.0,Industrial,0.7595483633656106
MAC004636,15387.573997500001,0.8786874142016904,0.5321269202083193,3.7360001,0.045662100456621,Industrial,0.6049045508866583
MAC004637,7656.130999000001,0.4370187224727439,0.3944858712006239,3.7390001,0.005707762557077625,Industrial,0.9006141768864027
MAC004638,2187.5289999,0.1248732161148533,0.12327009216864794,1.618,0.01141552511415525,Residential,0.9793194769582265
MAC004642,1904.4710000999999,0.10870888749928648,0.11696260574206246,1.626,0.005707762557077625,Residential,1.0661178725636349
MAC004643,4291.1999985,0.24500142726234658,0.3053781394782449,2.7639999,0.028538812785388126,Industrial,1.2413673484608543
MAC004644,2265.4959999000002,0.1296792215168861,0.1646187181129027,1.683,0.28538812785388123,Residential,1.2597160910667884
MAC004645,2001.2810003,0.11424140885375042,0.12335279170655206,2.0090001,0.01141552511415525,Residential,1.0703860091045534
MAC004646,9781.3439955,0.5582958901541095,0.6275708623224748,3.849,0.0,Industrial,1.1220730804039212
MAC004647,3553.2669998000006,0.20283519807055603,0.18103834974739375,3.2809999,0.01141552511415525,Commercial,0.8881603935976193
MAC004648,1868.0310001,0.1066227739783105,0.09866330092471741,1.071,0.0,Residential,0.9167511417667163
MAC004650,1322.543,0.0755005423303077,0.05502627890792449,1.202,0.017123287671232876,Residential,0.7192926642315368
MAC004651,4708.2030006,0.2687330479794521,0.23954403373238925,2.444,0.0,Industrial,0.8880781777642516
MAC004652,1505.8299997,0.08595410695245162,0.1089783465975546,3.5339999,0.005707762557077625,Residential,1.253285789676919
MAC004653,2957.9160001000005,0.16884045893601235,0.19297895956320707,1.615,0.005707762557077625,Commercial,1.1362366821907386
MAC004654,5854.7950006,0.3341968720018266,0.2006914504677858,2.552,0.005707762557077625,Industrial,0.5987270981057728
MAC004656,590.139,0.03371259640102828,0.07683705852116951,1.539,0.08561643835616438,Residential,2.213520925760926
MAC004658,3506.2059997,0.241907409942045,0.27847601786303894,2.3429999,17.271689497716896,Commercial,1.1464286656775116
MAC004660,4409.8789994,0.2517054223401826,0.32001625622802937,3.1830001,0.0,Industrial,1.266360861055191
MAC004662,2730.0689998999997,0.15583475083623494,0.22415809660101954,2.3469999,0.005707762557077625,Commercial,1.4292629369818866
MAC004663,585.4000000000001,0.0334189644345493,0.05637653373529551,1.421,0.017123287671232876,Residential,1.637949736765046
MAC004664,3460.8429993,0.19766080297561253,0.12810679702424235,1.6849999,0.06278538812785388,Commercial,0.6448519038754145
MAC004665,5252.6269998,0.2998245904332439,0.2888449760479379,2.345,0.005707762557077625,Industrial,0.9601774098053185
MAC004666,6577.440994799999,0.3754890103784894,0.5699946587800429,4.4169998,0.017123287671232876,Industrial,1.513974227845375
MAC004667,703.08,0.04013471857517982,0.0667178033872107,1.1,0.01141552511415525,Residential,1.6219341154668163
MAC004671,7111.0909996,0.40600005707108194,0.3243515127464302,3.3399999,0.028538812785388126,Industrial,0.7969323520015691
MAC004672,0.7220000000000001,4.122180987724808e-05,0.00182612081922009,0.113,0.028538812785388126,Residential,1.753824979362827
MAC004673,1352.1040005,0.07717929108396598,0.1393756782678971,1.923,0.005707762557077625,Residential,1.7827697889739762
MAC004674,5700.393000399999,0.3254763617905675,0.19348705749742934,2.6400001,0.03424657534246575,Industrial,0.5926525780802165
MAC004675,3147.6639994,0.17967144239968036,0.1999551707689284,1.798,0.005707762557077625,Commercial,1.1067336824963665
MAC004676,4459.7619994,0.25456715562532106,0.27740815458652507,2.483,0.005707762557077625,Industrial,1.0854608993388195
MAC004677,847.3069998000001,0.04837331581411282,0.08571800328014502,2.7119999,0.0228310502283105,Residential,1.7361200451447798
MAC004678,1387.4159998999999,0.07919945198652814,0.10219280421176405,1.309,0.01141552511415525,Residential,1.27423319836313
MAC004680,4269.800998499999,0.24371010265410953,0.4211668479635372,3.8280001,0.0,Industrial,1.7210848403706653
MAC004681,1014.7190012,0.05793097746060744,0.1526830134004282,2.247,0.0228310502283105,Residential,2.590878685195567
MAC004682,2752.1330000000003,0.15708521689497718,0.1635627241354703,2.2739999,0.0,Commercial,1.034649079452711
MAC004684,1238.2559996,0.07068478134490239,0.0837601236458124,1.5039999,0.01141552511415525,Residential,1.168450570321349
MAC004685,3266.8610002000005,0.1865072505252341,0.16623114828816998,1.943,0.0228310502283105,Commercial,0.8865318424889344
MAC004686,2167.8189998000003,0.12374808766982534,0.10021679147677623,2.1849999,0.01141552511415525,Residential,0.8033533286860729
MAC004688,4377.086,0.24986219888115083,0.12571298364461214,1.301,0.01141552511415525,Industrial,0.5011236615372661
MAC004690,1566.4190001000002,0.08941768467290788,0.10903406957095207,1.149,0.01141552511415525,Residential,1.2058931830138122
MAC004692,4383.1230006,0.2502068158808083,0.26067836966776864,2.2279999,0.01141552511415525,Industrial,1.0377042070046951
MAC004694,1500.478,0.08564372146118722,0.1122764766032238,1.415,0.0,Residential,1.2958408839066198
MAC004695,2680.3099993000005,0.15299446311433304,0.17626358437439757,2.3469999,0.005707762557077625,Commercial,1.1446098827821545
MAC004696,4865.5909991,0.27771638122716896,0.29333880712797233,2.812,0.0,Industrial,1.0524634606563914
MAC004698,5721.5479989000005,0.3265910154061305,0.26265100350821047,2.5899999,0.005707762557077625,Industrial,0.8017649787573974
MAC004699,7547.522999999999,0.4308930691938798,0.20914897404144078,1.814,0.0228310502283105,Industrial,0.4842610103278882
MAC004700,7061.5169984,0.40314666581411285,0.4908010708864052,3.368,0.0228310502283105,Industrial,1.214413262318361
MAC004701,3002.718999,0.17145657505852796,0.1897411020436955,2.75,0.039954337899543384,Commercial,1.1002253870535323
MAC004702,3206.1190005000003,0.18300810551401336,0.2021459154043664,2.619,0.005707762557077625,Commercial,1.098570711543855
MAC004703,2381.868,0.13597465319404006,0.1275459664298509,1.026,0.017123287671232876,Commercial,0.9311647334428189
MAC004705,4805.495000000001,0.27428624429223747,0.2593301428807647,2.8080001,0.0,Industrial,0.9420381448680955
MAC004706,2905.1029996000007,0.1658163812557078,0.21279209405259047,3.2049999,0.0,Commercial,1.2756067027158915
MAC004707,4791.8130003,0.2735521493577667,0.17486905162147562,1.813,0.017123287671232876,Industrial,0.636924722791389
MAC004708,2467.6939999,0.14085011414954338,0.3196369489042818,3.21,0.0,Commercial,2.2533429093141883
MAC004712,5576.1189991,0.3619446319031546,0.3187271526881069,2.497,12.0662100456621,Industrial,0.8781701798889083
MAC004715,998.7540001000002,0.05700976083680576,0.06310508379307543,1.489,0.005707762557077625,Residential,1.0878356139168361
MAC004717,2931.6799999,0.16745758838750213,0.1740045686666829,1.609,0.07420091324200913,Commercial,1.0329280522906519
MAC004718,10021.999996600001,0.5720319632762558,0.3255170719364116,3.244,0.0,Industrial,0.5680609334168703
MAC004721,4211.3990017,0.24037665534817348,0.2422796321672465,3.9000001,0.0,Industrial,1.0037409451124033
MAC004723,3317.7189995000003,0.18937833206804044,0.13861036665820256,1.711,0.005707762557077625,Commercial,0.7280784801111914
MAC004724,4569.7540006,0.2608307077968037,0.16858171249203452,3.1889999,0.0,Industrial,0.6438576815934975
MAC004725,5194.2970000000005,0.29732667429879794,0.234176964837703,3.1630001,0.28538812785388123,Industrial,0.7849682412346276
MAC004726,3996.5360011999996,0.22813882870190658,0.19771398375778967,2.1240001,0.01141552511415525,Commercial,0.8628567444368043
MAC004727,7305.144003,0.41703168367871213,0.4005061820368042,3.253,0.017123287671232876,Industrial,0.9580761403353877
MAC004729,4226.4709986,0.2412644707500856,0.16183650176376588,2.4389999,0.01141552511415525,Industrial,0.6680158310572607
MAC004730,1337.218,0.07632522831050229,0.09425597586461805,1.186,0.0,Residential,1.2189550283140416
MAC004732,1313.1589999,0.07496055485215207,0.10536885995163928,1.459,0.01141552511415525,Residential,1.3871523207897425
MAC004734,5059.421999800001,0.28879627831497234,0.19643370728883125,1.931,0.005707762557077625,Industrial,0.6778337818242522
MAC004735,886.1489998000001,0.05058216792054342,0.1537393864891549,3.454,0.005707762557077625,Residential,2.980475476059348
MAC004736,772.8580000000002,0.04412045441571046,0.030945385966321733,0.76,0.017123287671232876,Residential,0.6858394129015438
MAC004737,2064.9890001,0.11796566695801199,0.13256869543487174,1.851,0.08561643835616438,Residential,1.1143441534410161
MAC004738,1385.088,0.07905753424657534,0.11391409996364703,1.086,0.0,Residential,1.4229029289460033
MAC004739,1026.8410000000001,0.05861968373579952,0.05524942835836307,0.886,0.017123287671232876,Residential,0.9266977765799139
MAC004740,2703.6670001,0.1543188926997717,0.17030095373042106,2.615,0.0,Commercial,1.0964600041258947
MAC004741,5442.6200006,0.31068729310423565,0.2902730832452811,1.96,0.01141552511415525,Industrial,0.9312958521803033
MAC004742,5603.8980001,0.3198937093332572,0.24515521870071702,1.962,0.01141552511415525,Industrial,0.7639763933362631
MAC004743,923.4889999000001,0.05271356812032651,0.06513027266337229,1.2539999,0.005707762557077625,Residential,1.2125478709116966
MAC004745,1519.984,0.08675707762557078,0.058056958497277045,0.854,0.0,Residential,0.6615644010502046
MAC004747,1033.9020003,0.05901940862541386,0.11339417621369847,1.3200001,0.01141552511415525,Residential,1.8892917942827625
MAC004748,2942.8640014000002,0.1679716895776256,0.20423505366322195,2.109,0.0,Commercial,1.208693918926557
MAC004749,3930.3209999,0.22433339040525113,0.14854407330968858,1.777,0.0,Commercial,0.659219093284574
MAC004752,3425.58,0.19554629523918254,0.07204947141946484,0.986,0.01141552511415525,Commercial,0.3665776113041758
MAC004754,6645.595000000001,0.37933643472800965,0.24906624195021854,2.118,0.005707762557077625,Industrial,0.6548576975759198
MAC004758,1708.3840001,0.09752163489553603,0.1374662745336222,1.656,0.01141552511415525,Residential,1.3952902291905707
MAC004759,2021.7130001,0.11540775203219546,0.09848031689699424,1.205,0.01141552511415525,Residential,0.8459944907256439
MAC004760,470.344,0.026846118721461188,0.03610378290935893,0.734,0.0,Residential,1.2965463255578775
MAC004761,2627.104,0.1500002283887176,0.1768731255389432,2.0179999,0.03424657534246575,Commercial,1.1713434305782728
MAC004763,6996.14,0.3993686493891997,0.36012435495999096,1.823,0.01141552511415525,Industrial,0.8994819037639306
MAC004764,2049.1319995,0.11696626516924481,0.100476397388081,1.832,0.005707762557077625,Residential,0.8517383952431545
MAC004766,4045.4580005999997,0.23114261230716487,0.23713683827963966,2.3759999,0.10273972602739725,Commercial,1.0215136114944143
MAC004769,9367.6370055,0.5986858187192433,0.7506704135122042,4.1420002,10.690639269406391,Industrial,1.251772828504467
MAC004771,1451.6740000000002,0.08286756479050121,0.07078909928533046,1.102,0.01141552511415525,Residential,0.84405812261462
MAC004772,1655.539,0.09451041845064793,0.03413594096648758,0.765,0.017123287671232876,Residential,0.3574054173380706
MAC004773,4815.5020002,0.2749201872687828,0.1313550344180262,1.374,0.0228310502283105,Industrial,0.47606170363340977
MAC004774,2634.9030002,0.15041976366957813,0.12240064105358822,1.632,0.017123287671232876,Commercial,0.808353137577772
MAC004775,3753.8329999000002,0.21428433610571984,0.2174717449463006,1.5650001,0.01141552511415525,Commercial,1.0101605573361667
MAC004776,1227.7200000000003,0.07007534246575343,0.06410993101856732,1.081,0.0,Residential,0.9019996076622172
MAC004777,2663.0359999,0.15202580349945768,0.15996025216396037,1.536,0.017123287671232876,Commercial,1.045315551403246
MAC004778,12609.483005000002,0.7202126459332877,0.6011185455542237,4.5549998,0.0684931506849315,Industrial,0.8334830912127784
MAC004779,1823.1849993000003,0.1040690107483304,0.13382496838736985,1.572,0.005707762557077625,Residential,1.273686384160578
MAC004780,3732.1549996999997,0.21304686606347756,0.22028841705823907,2.5899999,0.01141552511415525,Commercial,1.0291597401520025
MAC004781,786.0320000000002,0.04488789903489236,0.04739939972535072,2.4660001,0.05136986301369863,Residential,1.0329389822207602
MAC004782,1652.4000006,0.09431506852739727,0.15230193896113545,2.382,0.0,Residential,1.597878922128225
MAC004784,2295.1839999999997,0.13102608894217044,0.11865770714452457,1.414,0.017123287671232876,Residential,0.8987443928335904
MAC004785,3676.0230008,0.20984261906610344,0.26193081720557443,2.654,0.01141552511415525,Commercial,1.242304892463197
MAC004786,3127.1239999000004,0.1784888127796804,0.13263061593321696,1.66,0.0,Commercial,0.7389352789135604
MAC004787,3397.6510004,0.19397413795387075,0.11413806063811065,1.178,0.0228310502283105,Commercial,0.5854010272127207
MAC004788,1843.2650006,0.10520918953196347,0.13411288138662694,2.1619999,0.0,Residential,1.2627238940211092
MAC004790,2020.5750000000003,0.11533620640447516,0.043705817965670114,0.673,0.005707762557077625,Residential,0.37568543204610516
MAC004791,1949.4939999000003,0.11127884011073694,0.12458184944925743,1.756,0.005707762557077625,Residential,1.1095754937117843
MAC004792,2040.6339998,0.11650114180178123,0.12869514582671043,1.692,0.0228310502283105,Residential,1.095267193605769
MAC004793,2788.2130001,0.1591536617443918,0.1272873983476449,1.41,0.005707762557077625,Commercial,0.7947829413404106
MAC004794,2549.2249998,0.14551201551458418,0.18211531751167861,2.701,0.005707762557077625,Commercial,1.2430060215337793
MAC004796,2784.435,0.1589470830003425,0.12160566692529719,0.994,0.01141552511415525,Commercial,0.7602868689079925
MAC004799,2988.2590005,0.170572464210286,0.1733141513548296,3.5840001,0.005707762557077625,Commercial,1.0101513209159771
MAC004800,2148.8980001,0.12268900942620611,0.13157737122475907,1.395,0.028538812785388126,Residential,1.063775769853337
MAC004801,2032.758,0.11603824637515699,0.10703709381178034,1.174,0.01141552511415525,Residential,0.9145479971451491
MAC004803,1514.9879999999998,0.08653612840578054,0.0954507755848001,1.355,0.07420091324200913,Residential,1.090415778298197
MAC004804,2238.5679999000004,0.12778673363968493,0.13317760001827136,2.4159999,0.01141552511415525,Residential,1.0340940891541752
MAC004805,3176.5889995,0.18189355242212552,0.1605954583089866,2.5840001,0.31963470319634707,Commercial,0.8780815735829002
MAC004806,6478.9659994,0.36984621528713324,0.37611632706030196,3.826,0.01141552511415525,Industrial,1.0142110437047018
MAC004807,1774.6849999999997,0.10129480593607304,0.08019802903669246,1.05,0.0,Residential,0.7839892583286243
MAC004808,3663.9710004,0.2091546409635803,0.14019137599088843,1.534,0.01141552511415525,Commercial,0.6670867478733602
MAC004809,5871.664999600001,0.33514069632420096,0.19944944106968734,1.485,0.0,Industrial,0.5933510677246957
MAC004812,2178.2899999,0.12438131673042883,0.12853956685755524,1.27,0.039954337899543384,Residential,1.0251891606300219
MAC004813,744.142,0.042476282892859187,0.06656261302794392,1.058,0.005707762557077625,Residential,1.5310097505800473
MAC004815,6129.185000699999,0.3498393265239726,0.1460761553276207,1.7690001,0.0,Industrial,0.41636197622115606
MAC004816,841.5340000000001,0.04803550430960672,0.04008321484276823,0.857,0.005707762557077625,Residential,0.8174324993108184
MAC004817,1297.328,0.07404840182648402,0.07721557810653384,0.988,0.0,Residential,1.0288770477092963
MAC004819,2176.0969995999994,0.12422063018609428,0.1700761367667973,1.847,0.01141552511415525,Residential,1.3582117939675105
MAC004820,2077.114,0.11857703944739396,0.07664288287946983,1.025,0.017123287671232876,Residential,0.6409498281079927
MAC004823,5217.518998,0.2978035957762557,0.29523222180825776,3.8559999,0.0,Industrial,0.988047754382875
MAC004824,2509.7319997,0.14325772017238428,0.1492690430588855,1.5369999,0.005707762557077625,Commercial,1.0347386807479892
MAC004826,6758.8469961,0.3858009587362292,0.48946399739306384,5.2119999,0.005707762557077625,Industrial,1.265415677852142
MAC004828,427.7369999,0.02445469097821737,0.03642118353124865,1.0089999,0.16552511415525115,Residential,1.4308240301332185
MAC004829,2582.0559997,0.1475291966460976,0.23768129465041327,3.2809999,0.10273972602739725,Commercial,1.6002328162909243
MAC004830,681.6640000000001,0.03891442598618485,0.04462925139621576,0.713,0.017123287671232876,Residential,1.118123342464271
MAC004831,1149.7570000000003,0.06562539954337901,0.05394443408852128,0.957,0.0,Residential,0.8096677011805189
MAC004833,987.2470000000002,0.05634971461187216,0.07685559499343553,0.583,0.0,Residential,1.3401216643112186
MAC004834,1215.3370000000002,0.06937646991665716,0.04058985802891388,0.344,0.01141552511415525,Residential,0.5767532539921671
MAC004835,2070.063,0.11816102517266967,0.15068318839382605,1.263,0.005707762557077625,Residential,1.2645341727756987
MAC004836,2800.027,0.15982801529767682,0.12098235658309955,1.5039999,0.005707762557077625,Commercial,0.7522467796370745
MAC004839,1138.661,0.06499948624272177,0.0649201805683648,1.153,0.01141552511415525,Residential,0.9836467564249259
MAC004840,5335.4619998,0.30453550227168946,0.2843558182999151,3.027,0.0,Industrial,0.9306801212484273
MAC004841,4388.6099996,0.25052003651101723,0.1226333852216396,2.4319999,0.01141552511415525,Industrial,0.4875690498568607
MAC004842,3614.3700003000004,0.20651182723688724,0.21998069654559727,3.2249999,0.10273972602739725,Commercial,1.0600875115155535
MAC004843,7118.5359994,0.406332324870141,0.3939777898733417,3.592,0.005707762557077625,Industrial,0.9672146446981423
MAC004844,2835.9309992,0.16186820771689497,0.2194866886206979,2.527,0.0,Commercial,1.3476337199106394
MAC004845,1341.358,0.0765833856694262,0.05374073954832042,0.905,0.028538812785388126,Residential,0.6926836085409249
MAC004847,4395.914999500001,0.2509800170996289,0.2668889829437309,4.3140001,0.028538812785388126,Industrial,1.0591672546724498
MAC004848,2285.4580006,0.13045596213254182,0.13692415480932768,1.783,0.005707762557077625,Residential,1.0415971446869219
MAC004849,1669.336,0.09529261331202192,0.1316129972753861,1.681,0.01141552511415525,Residential,1.3668026315675297
MAC004850,1612.9090001999998,0.09206101599315067,0.11528266640556477,1.89,0.0,Residential,1.2387858135360312
MAC004852,7253.6889993,0.4140706130437265,0.48036978942952296,2.7750001,0.01141552511415525,Industrial,1.1573206445692588
MAC004853,2742.4809991,0.15665053973267837,0.154723469806697,2.099,0.07420091324200913,Commercial,0.981433175357695
MAC004856,2366.7619999999997,0.13512771909791604,0.08451553197585981,1.456,0.028538812785388126,Commercial,0.6208546836450567
MAC004857,3121.7219993,0.17819065011130772,0.18773102713417117,2.1029999,0.005707762557077625,Commercial,1.047660840660818
MAC004858,11070.5199974,0.6323120857550835,0.5722262502579624,4.6700001,0.0684931506849315,Industrial,0.903545444858691
MAC004859,4816.2970009,0.27493418203562053,0.3120524202072143,3.8280001,0.01141552511415525,Industrial,1.1308943962837168
MAC004860,1469.9959999999999,0.08390867058622067,0.051469801046207596,0.98,0.005707762557077625,Residential,0.6061783878001303
MAC004861,4459.113001199999,0.2545591711594451,0.37098314300407564,3.642,0.017123287671232876,Industrial,1.4516526302733106
MAC004862,3137.4659999,0.17907910958333334,0.16959850888526148,1.656,0.0,Commercial,0.9418000193230528
MAC004863,15012.588004000001,0.8569807057883321,1.1490850640352785,4.8410001,0.01141552511415525,Industrial,1.3392900985803324
MAC004864,2539.5759997,0.14497779298395844,0.16327287609425598,1.4809999,0.017123287671232876,Commercial,1.1184774941226718
MAC004865,5288.3149988000005,0.3018789244662633,0.33575049087861664,2.4330001,0.01141552511415525,Industrial,1.1085303854346418
MAC004866,4888.7539977,0.2790543979507963,0.46875499014658445,3.2479999,0.005707762557077625,Industrial,1.673799781672922
MAC004867,2148.4900000000002,0.12263770763171415,0.1029754014285407,1.446,0.005707762557077625,Residential,0.83288022239363
MAC004868,4683.4179992,0.2673488982303916,0.2857515309408152,2.536,0.01141552511415525,Industrial,1.0648507701175003
MAC004869,2936.1949998,0.167658025455376,0.1935595749793107,1.839,0.039954337899543384,Commercial,1.1476452096287777
MAC004870,3148.8450003,0.20315129034193546,0.2522982358907261,2.381,11.529680365296803,Commercial,1.2358395358077272
MAC004872,4705.0530002,0.2687066247972587,0.2114428152645542,2.615,0.05707762557077625,Industrial,0.7839733837591047
MAC004873,7551.474003400001,0.48940207410239794,0.31747963556705183,2.9130001,11.929223744292237,Industrial,0.6473864046112513
MAC004874,3424.9559999000003,0.19551067472885034,0.1355909979669156,1.3150001,0.01141552511415525,Commercial,0.6899930406020283
MAC004875,1744.6679996000003,0.09958150682648403,0.11696440188488023,1.941,0.0,Residential,1.1628817819030965
MAC004876,8647.7020008,0.49378758641009535,0.7197342565320849,5.7940001,0.039954337899543384,Industrial,1.454632808705
MAC004877,13860.641006900001,0.791177636103659,0.8072040424950774,5.1560001,0.005707762557077625,Industrial,1.0189684809398636
MAC004878,5006.890999300001,0.28579776238940585,0.24925379780125018,2.404,0.005707762557077625,Industrial,0.8690925470430291
MAC004879,4242.2610015,0.24213818501712328,0.2793719393087585,2.7449999,0.0,Industrial,1.1490253548165763
MAC004881,3425.946,0.19576834285714284,0.16790301084933962,2.23,0.1141552511415525,Commercial,0.8533029673947097
MAC004882,3376.0060012,0.19272740772963406,0.15280987926466333,1.625,0.017123287671232876,Commercial,0.7887881278932136
MAC004884,9364.0019993,0.5344749999600457,0.7983713129036414,4.3239999,0.0,Industrial,1.4909590792533949
MAC004885,952.6770003000001,0.05438895868348939,0.1194623701107816,1.165,0.0228310502283105,Residential,2.1567903233824746
MAC004886,6318.0899995,0.3606627468603722,0.31383320756077965,2.802,0.01141552511415525,Industrial,0.8677509925619787
MAC004887,2555.6409999,0.14586992008561644,0.1750994495871611,2.55,0.0,Commercial,1.1922076997460644
MAC004889,2796.3930007,0.15967526983954775,0.16210797842689617,1.854,0.039954337899543384,Commercial,1.008916795900073
MAC004890,6453.2969986,0.3684440193320011,0.28939028265251204,3.431,0.028538812785388126,Industrial,0.7833129446127297
MAC004891,1238.9499996999998,0.07075671043403768,0.12372955159512106,1.318,0.05707762557077625,Residential,1.724292415952643
MAC004892,3691.1249987,0.21069267644842743,0.2795058894879196,5.2589998,0.005707762557077625,Commercial,1.3203380210274436
MAC004894,6686.8349987,0.3817340297254096,0.38713711354404157,4.8319998,0.017123287671232876,Industrial,1.011504291431287
MAC004895,6034.5480013,0.3444573321137051,0.34800639755889007,2.9809999,0.005707762557077625,Industrial,1.0073788141348408
MAC004897,6054.1610004,0.3455571347260274,0.8171169709336321,5.9419999,0.0,Industrial,2.3578131541848313
MAC004898,2405.3410000000003,0.13730682726338625,0.1404642746927428,1.2539999,0.01141552511415525,Commercial,1.0155989944389947
MAC004899,2776.5210003,0.15851341632221969,0.1826181984041217,2.1370001,0.0228310502283105,Commercial,1.1448453842605313
MAC004900,8693.2449993,0.49655823380933334,0.47022967901864243,4.2870002,0.07420091324200913,Industrial,0.9450746607458147
MAC004901,7647.1950068999995,0.4364837332705479,0.7811384276933792,6.3629999,0.0,Industrial,1.785525651099601
MAC004902,7932.5969952,0.4527738010958904,0.8912761494272142,5.421,0.0,Industrial,1.964141929910299
MAC004903,6389.8879984,0.3647196346118721,0.7160613408029317,5.5149999,0.0,Industrial,1.9579515919698085
MAC004904,664.081,0.03790416666666667,0.05073354491110833,0.674,0.0,Residential,1.3040645580664023
MAC004905,2042.213,0.11659794461889808,0.13171419316610455,1.118,0.028538812785388126,Residential,1.120038225097839
MAC004906,982.5359999000002,0.0560840230549689,0.07276828510998946,1.2359999,0.005707762557077625,Residential,1.274757475308239
MAC004907,1743.3320003000001,0.1111039449557071,0.14261355252761784,1.512,10.439497716894977,Residential,1.2721546292056471
MAC004908,11283.6779934,0.6440455475684932,0.7179884369292966,4.4099998,0.0,Industrial,1.113081765521462
MAC004909,5595.5179983,0.31947005414216384,0.3795857136602242,1.973,0.028538812785388126,Industrial,1.1844654711227278
MAC004911,3935.1950004,0.22462440780866488,0.26021537596498867,2.1960001,0.005707762557077625,Commercial,1.1533121726159068
MAC004912,2810.5160000000005,0.1604450533767198,0.09497921683574015,1.171,0.017123287671232876,Commercial,0.5883067635037001
MAC004913,2785.0679999000004,0.15899229319518185,0.20668910505700294,1.164,0.017123287671232876,Commercial,1.2918691327516227
MAC004914,2541.0550001,0.14503738585045664,0.10196342214925962,1.397,0.0,Commercial,0.6982008172460092
MAC004915,964.9820001,0.05507888128424658,0.08513833954865781,1.2640001,0.0,Residential,1.518188979504027
MAC004916,1677.2659998999998,0.09573436072488584,0.08392042197426344,1.329,0.0,Residential,0.8675347761167777
MAC004918,2093.757,0.11952032195456103,0.11483726202653273,1.319,0.01141552511415525,Residential,0.9528456293854662
MAC004919,3950.1229986000003,0.225566639938328,0.2881316609523243,3.1530001,0.045662100456621,Commercial,1.2717302998833122
MAC004920,2400.8159992,0.1370406986243507,0.2668757756946547,2.767,0.005707762557077625,Commercial,1.9333122648191032
MAC004922,7762.372000199999,0.4430577625684931,0.4107587636479549,4.2129998,0.0,Industrial,0.9250120103116043
MAC004923,9652.782001,0.5511780963284417,0.4054918872185981,2.6789999,0.039954337899543384,Industrial,0.7343498228466617
MAC004924,2064.2080005000003,0.11849644090126293,0.11434480920478972,1.637,0.5707762557077625,Residential,0.9568888273356201
MAC004925,5494.9900004,0.3136588846623666,0.3136805239828582,2.8840001,0.005707762557077625,Industrial,0.9968907260300048
MAC004927,2771.2930000000006,0.15817882420091328,0.2058155409681533,2.0079999,0.0,Commercial,1.292983171608152
MAC004928,3907.5219985,0.22303207753995433,0.238981121018951,2.1900001,0.0,Commercial,1.0667272456835144
MAC004929,4474.1589986,0.25537437206621005,0.24887787059097544,3.23,0.0,Industrial,0.970759552076841
MAC004930,3749.566,0.21401632420091324,0.08253028106881471,0.941,0.0,Commercial,0.38383262933886664
MAC004931,837.614,0.047841786611834594,0.06953588716696514,1.265,0.0684931506849315,Residential,1.423696633368368
MAC004933,1942.247,0.11085884703196347,0.08996081683741211,1.113,0.0,Residential,0.8042351519295203
MAC004934,3413.3219996,0.19482431504566208,0.13583335908045496,1.482,0.0,Commercial,0.6936490958683118
MAC004935,1770.0820003,0.10105514959465631,0.09244927515640101,1.319,0.0228310502283105,Residential,0.9058756517783962
MAC004936,3281.1660002999997,0.18734532375813634,0.19623043901804194,1.876,0.03424657534246575,Commercial,1.0418652032477922
MAC004938,1969.5029998999998,0.11243380715305132,0.12068225271025342,1.575,0.017123287671232876,Residential,1.063900222862326
MAC004940,2733.8979997,0.15607113088428384,0.16776297701062087,2.309,0.017123287671232876,Commercial,1.0680700907044072
MAC004941,1232.0310001999999,0.07032541812888862,0.09726626992621701,1.277,0.005707762557077625,Residential,1.3636971570282554
MAC004943,2289.0649998999997,0.1306916928290037,0.16822883855713205,2.3889999,0.028538812785388126,Residential,1.2774445748493062
MAC004944,6775.810002599999,0.3867913005251741,0.46633050710486484,4.1750002,0.01141552511415525,Industrial,1.2025295731836363
MAC004945,3568.7429997000004,0.20370700380729495,0.2615866905680476,2.4820001,0.005707762557077625,Commercial,1.2778590165595776
MAC004946,2383.7799999999997,0.13615375828192824,0.108107390960191,1.27,0.0684931506849315,Commercial,0.7882204054370089
MAC004947,4690.860999299999,0.2677584907414806,0.305694381857715,2.937,0.005707762557077625,Industrial,1.1374315319837212
MAC004950,6012.207,0.3431820880187226,0.1252047970945273,3.55,0.005707762557077625,Industrial,0.3637748780457062
MAC004951,1226.4890000000003,0.07000507990867581,0.08180646669723952,0.702,0.0,Residential,1.15212132431167
MAC004953,4817.973999299999,0.27499851594178076,0.25476219527306865,2.559,0.0,Industrial,0.9230563954438374
MAC004954,7673.9899972,0.4380131276940639,1.05200342424398,4.994,0.0,Industrial,2.396291495358408
MAC004957,900.1820000000001,0.05138025114155252,0.07825612103043891,1.062,0.0,Residential,1.4940004930285533
MAC004958,10482.4070013,0.5983792100296838,0.7225700272502716,4.8000002,0.01141552511415525,Industrial,1.2055306810099184
MAC004959,3974.3080011999996,0.22689586670472708,0.2705491224204729,2.789,0.0228310502283105,Commercial,1.18716116414261
MAC004960,4176.2389997,0.23843785325149872,0.1563147503197342,1.275,0.028538812785388126,Industrial,0.6528405939036951
MAC004962,1742.7679999,0.09975775614768173,0.08483548498691805,1.1,0.28538812785388123,Residential,0.8419747345561543
MAC004963,1785.2770001000001,0.1018993721518265,0.10249390526103808,1.099,0.0,Residential,0.9960595785736169
MAC004964,4426.0900016,0.2526451282379131,0.17060660151450954,2.2309999,0.005707762557077625,Industrial,0.6726192720503767
MAC004966,1357.6899999000002,0.07749814486557453,0.10776315652978495,1.881,0.005707762557077625,Residential,1.3728115067473987
MAC004967,2387.661,0.13629757963237812,0.11072917786931095,0.878,0.01141552511415525,Commercial,0.806490385087592
MAC004970,8615.333997400001,0.49182702502711656,0.7939891614338043,5.1469998,0.017123287671232876,Industrial,1.6110909530379691
MAC004971,2199.4349999,0.12554569324162337,0.1979320689638763,1.887,0.005707762557077625,Residential,1.5641154107548287
MAC004972,2723.8050001,0.15547719619270506,0.08707915440097995,1.181,0.005707762557077625,Commercial,0.5564974099723776
MAC004973,2346.7880005,0.1339490867865297,0.18930477252568484,2.2939999,0.0,Commercial,1.4027866140742258
MAC004974,3054.3990000999997,0.17433784247146117,0.11680035063868734,1.464,0.0,Commercial,0.6661445640732024
MAC004975,1559.4759996999999,0.08901118719748857,0.16574126165749636,1.913,0.0,Residential,1.841340691283769
MAC004978,5027.3919989,0.2869679775615046,0.4143202005405077,3.7079999,0.005707762557077625,Industrial,1.4387717830605544
MAC004980,5047.3419982000005,0.2880902967009133,0.46298339278145545,4.0799999,0.0,Industrial,1.6015182732350517
MAC004981,2372.152,0.13539680365296805,0.05410445393560685,0.815,0.0,Commercial,0.39666951487561136
MAC004982,1169.0290001,0.06673682708797168,0.1814747495717965,2.4820001,0.017123287671232876,Residential,2.6791150010039626
MAC004983,5777.7589972999995,0.32978076468607304,0.8143262075074239,6.3920002,0.0,Industrial,2.4618305973149885
MAC004984,4579.890000200001,0.26140924658675807,0.151019898207064,1.7410001,0.0,Industrial,0.5755128684351967
MAC004985,4481.628000500001,0.25581528628917183,0.2318831867376909,2.6370001,0.005707762557077625,Industrial,0.9029181638221971
MAC004986,2038.5759999,0.11644347974524476,0.15630953954311774,2.424,0.07420091324200913,Residential,1.3309341640947645
MAC004987,5996.8550006,0.3423448650225495,0.16554848503972705,1.817,0.017123287671232876,Industrial,0.48216385886200597
MAC004989,3755.4710012,0.21436560312803243,0.313751198354768,1.949,0.005707762557077625,Commercial,1.4568305885329629
MAC004992,2300.4429999999993,0.1313038242009132,0.13590351203633755,1.279,0.0,Residential,1.0272077383791867
MAC004993,15672.4309949,0.8949538028152124,0.9368824614993546,7.322,0.045662100456621,Industrial,1.045681661884283
MAC004994,2073.8279998000003,0.11837593468805299,0.11460519095422149,1.755,0.005707762557077625,Residential,0.9600359674979873
MAC004996,11572.102996299998,0.6605835709727137,0.6364667656433448,4.678,0.01141552511415525,Industrial,0.9620353248910941
MAC004998,2521.5590002999998,0.14394924931780553,0.14992110780917545,1.7690001,0.017123287671232876,Commercial,1.0343006846518326
MAC004999,3764.2929999000003,0.21489370325398185,0.26536333178944677,2.348,0.017123287671232876,Commercial,1.2291388205855536
MAC005000,3273.096,0.18682054794520547,0.18056657598061654,0.928,0.0,Commercial,0.9613781769675956
MAC005001,9387.667996600001,0.5358563843027571,0.42351759599915684,3.806,0.005707762557077625,Industrial,0.7888843429685592
MAC005002,2950.5519999000003,0.1684105022773973,0.21287336186810632,3.313,0.0,Commercial,1.2565535135451154
MAC005003,2135.7289999,0.12190234017694064,0.10516710442752268,1.0599999,0.0,Residential,0.8556965170566744
MAC005004,1072.3860000000002,0.06120924657534248,0.0731469604186377,1.15,0.0,Residential,1.1758213520565373
MAC005005,2643.8860003,0.15092396393994748,0.18941968282069163,2.1329999,0.01141552511415525,Commercial,1.2468058225203067
MAC005007,1682.5919995000002,0.09603835613584476,0.13129165630371253,1.728,0.0,Residential,1.3529872262048248
MAC005008,6367.8619996,0.36350393878296605,0.5601953534529635,3.573,0.01141552511415525,Industrial,1.536870507691596
MAC005009,12688.410995799999,0.7242243719063927,0.9731832665033172,5.763,0.0,Industrial,1.3419064557153761
MAC005010,965.8890000000001,0.055133797591186716,0.0594897147928986,1.161,0.005707762557077625,Residential,1.0597842537957698
MAC005014,2286.3670002999997,0.13051529856718802,0.33310021953461977,1.641,0.01141552511415525,Residential,2.532786855701406
MAC005015,4180.3959995000005,0.23994925952818277,0.2736729237731272,3.3599999,0.5593607305936072,Industrial,1.135811433116759
MAC005016,2272.7409993999995,0.12973006446714994,0.17578456936684042,2.2320001,0.005707762557077625,Residential,1.3446376706332295
MAC005018,1613.9959998,0.09212305934931507,0.1171614570768785,1.326,0.0,Residential,1.2581358247412457
MAC005019,2774.0250001,0.15837996003996574,0.18946417332886678,1.987,0.028538812785388126,Commercial,1.1887578167377957
MAC005020,6339.732998,0.36231186409875415,0.22133958182238442,2.2909999,0.12557077625570776,Industrial,0.6092275086348974
MAC005021,7051.3930011,0.4024997431988127,0.6917510347388561,4.4429998,0.005707762557077625,Industrial,1.7143778810238697
MAC005024,1985.5350001000002,0.11333609224841601,0.12403649241590074,1.778,0.005707762557077625,Residential,1.0848411028987142
MAC005025,1599.1570004999999,0.09128129462298075,0.11954463655432443,1.351,0.005707762557077625,Residential,1.2954373585972028
MAC005026,7525.228,0.4296938274424713,0.15427832374577527,1.707,0.039954337899543384,Industrial,0.35820881079699834
MAC005027,4102.74,0.23422813427723224,0.17873338485897716,2.4530001,0.0228310502283105,Industrial,0.7598299642521834
MAC005028,5558.844001400001,0.3173218404726567,0.23828861316647135,2.3410001,0.01141552511415525,Industrial,0.7485776433456501
MAC005029,9582.1310008,0.5470189530627391,0.6608874631890841,5.1209998,0.017123287671232876,Industrial,1.2059573113220838
MAC005030,2451.3549999,0.13994148540846035,0.09114822116073351,1.164,0.017123287671232876,Commercial,0.6467096674664543
MAC005032,2732.8680001000002,0.15601233088428385,0.13064258245748514,2.0710001,0.017123287671232876,Commercial,0.8320530096057686
MAC005033,385.66700000000003,0.02201421314001941,0.07510770113036765,1.031,0.005707762557077625,Residential,3.2635354801578194
MAC005035,3835.2999998,0.2189223129059878,0.1665305928062324,1.627,0.005707762557077625,Commercial,0.7572246335796803
MAC005036,4475.121001699999,0.25542928091894973,0.33173076707344057,2.868,0.0,Industrial,1.2936540081719121
MAC005037,1816.2790002000002,0.10482362787556992,0.10838515418326078,1.232,1.1015981735159819,Residential,1.0242056179618295
MAC005038,1142.5090001,0.06521542326046008,0.10139770874990219,1.926,0.005707762557077625,Residential,1.531330674290968
MAC005040,977.6629999,0.0558154258906143,0.0620247591213719,1.0039999,0.0228310502283105,Residential,1.0916887121604444
MAC005041,12413.6439961,0.7085413239783105,1.136040804505616,6.8909998,0.0,Industrial,1.6010918125754476
MAC005042,5626.5550003,0.3211503995605023,0.23400414107797274,2.4890001,0.0,Industrial,0.7263816571303833
MAC005043,4743.6509992,0.27131382974147794,0.23695151666152833,1.969,0.2054794520547945,Industrial,0.8701413251265243
MAC005044,7841.751999,0.4476396848384519,0.5560756949761342,3.9790001,0.01141552511415525,Industrial,1.2394705902496528
MAC005045,1617.293,0.09231651349962897,0.090328513361325,1.4170001,0.005707762557077625,Residential,0.9679799423891265
MAC005046,844.0780000000002,0.04818071807751585,0.04746535372253615,0.63,0.005707762557077625,Residential,0.9651212015189359
MAC005048,3377.6699988000005,0.19280038808151154,0.2381615451653621,2.4590001,0.005707762557077625,Commercial,1.2289012809674686
MAC005049,2628.2979999,0.15002557223015012,0.104542397766944,1.2539999,0.005707762557077625,Commercial,0.6922165314336984
MAC005050,6305.9089999,0.35992631277968035,0.3011350711343159,2.7379999,0.0,Industrial,0.8343394772609369
MAC005051,1545.1219999,0.08844430451631367,0.08802370670313384,1.062,0.28538812785388123,Residential,0.9841175151300915
MAC005052,6973.5809988,0.39808088816074894,0.3062184677224508,2.089,0.01141552511415525,Industrial,0.7673092769080605
MAC005053,1718.2150000000001,0.09810523010163298,0.07274748361208418,0.807,0.03424657534246575,Residential,0.7340428304084579
MAC005054,3816.2309994,0.21790846796094332,0.19237515853640932,1.844,0.039954337899543384,Commercial,0.8787926768129045
MAC005055,986.6700002,0.05631678083333334,0.09243182786349621,1.474,0.0,Residential,1.612648626102554
MAC005056,2284.1210001,0.14468366378032557,0.11472093297154379,1.352,9.891552511415524,Residential,0.7874660067894087
MAC005058,2535.2040002999997,0.14471168447399965,0.19299935865389242,2.2520001,0.005707762557077625,Commercial,1.3245290475543892
MAC005060,2398.6609995000003,0.13692550516611487,0.12880904062665957,2.0899999,0.01141552511415525,Commercial,0.9339029824217384
MAC005063,5523.5819999000005,0.31529094125806273,0.18263377785706028,1.515,0.005707762557077625,Industrial,0.5774233594254248
MAC005064,4280.0529991,0.24430920709515386,0.26282183999397657,2.043,0.005707762557077625,Industrial,1.071390035075323
MAC005065,2574.0849999999996,0.14699817257723713,0.1642143700618496,1.628,0.05136986301369863,Commercial,1.109570254836421
MAC005066,2481.3400002,0.14173416348889015,0.16949422300057573,1.999,0.07420091324200913,Commercial,1.1874818113448256
MAC005067,4180.4400002,0.23877313229380856,0.18293353717094074,2.0510001,0.0684931506849315,Industrial,0.7629442691134434
MAC005071,1647.5660000000003,0.09404452308921743,0.0627787644502288,0.656,0.005707762557077625,Residential,0.6605195376833964
MAC005072,3559.3040002000002,0.20315662101598175,0.15253737701342365,1.425,0.0,Commercial,0.747158609181148
MAC005073,4466.768,0.2549525114155251,0.11065535554607231,1.028,0.0,Industrial,0.43232768037360375
MAC005074,3334.7339985999997,0.1903386985502283,0.2174330905532854,2.5610001,0.0,Commercial,1.1363780155335752
MAC005075,4465.7819995,0.2549398869384027,0.2475849838323356,2.536,0.017123287671232876,Industrial,0.9673559943859869
MAC005078,3178.7590001000003,0.18143601598744294,0.11810857662991649,2.546,0.0,Commercial,0.6473972586533895
MAC005079,3446.1780000000003,0.19671088532450484,0.11202616459325206,1.488,0.005707762557077625,Commercial,0.5666160687580878
MAC005081,4236.680999900001,0.24188872394518987,0.14725787170547158,1.601,0.028538812785388126,Industrial,0.6062771021791102
MAC005082,2062.973,0.11775632170786003,0.09256815287118433,1.09,0.005707762557077625,Residential,0.7794797913908241
MAC005086,2524.8459999,0.1441368955814352,0.15035105822620523,1.423,0.017123287671232876,Commercial,1.0359258245388363
MAC005088,3157.2169999999996,0.18020644977168948,0.22956352522091591,2.596,0.0,Commercial,1.266861778430921
MAC005089,2802.2039997,0.15995228036417605,0.1976272854559332,2.8199999,0.005707762557077625,Commercial,1.2278626000748485
MAC005095,1263.9150003,0.07217422340680676,0.11465134221887824,1.317,0.045662100456621,Residential,1.5668269081788877
MAC005096,5490.471000899999,0.3133830479965753,0.2753050075237331,3.9289999,0.0,Industrial,0.8756992760205445
MAC005097,4368.0399996,0.2513835174723757,0.22169252658159344,2.043,0.821917808219178,Industrial,0.8783954229731286
MAC005098,2119.6490001,0.12107437025761125,0.11773457675329176,1.717,0.07420091324200913,Residential,0.9644495933490272
MAC005101,4567.8910011,0.2607243722089041,0.2140462915341747,2.734,0.0,Industrial,0.8178309483662701
MAC005103,7067.4470013,0.40348521359328615,0.5379629400200224,3.4890001,0.0228310502283105,Industrial,1.3299940812198625
MAC005104,1094.5030000000002,0.06248233144944912,0.0242703593193952,0.801,0.017123287671232876,Residential,0.38231676066783477
MAC005105,1290.2599997,0.07364918087219591,0.09581063079954051,1.345,0.005707762557077625,Residential,1.2834786621915428
MAC005107,6501.2899978,0.3713749570318748,0.49007112537036,3.6359999,0.07990867579908677,Industrial,1.3160689678935917
MAC005108,3611.2630002,0.20614584999429159,0.20928407401533888,1.582,0.01141552511415525,Commercial,1.010322311651941
MAC005109,1002.9369999,0.057248530161538906,0.08016334494432581,1.353,0.005707762557077625,Residential,1.3762294897744407
MAC005112,1339.444,0.07646101153099669,0.059674600907151945,0.533,0.01141552511415525,Residential,0.7703824121025407
MAC005113,3122.8259998,0.1782638428930243,0.22218745222206235,1.0779999,0.01141552511415525,Commercial,1.239443764209901
MAC005114,1660.1680000000001,0.09475844748858449,0.08146216094784281,1.09,0.0,Residential,0.8507046958708686
MAC005115,2740.4850005,0.16129038905891355,0.23840146706793539,2.1630001,3.019406392694064,Commercial,1.4689808093404257
MAC005116,3577.0960008,0.20435877518281537,0.23614114168686512,2.359,0.091324200913242,Commercial,1.1498955497599095
MAC005117,9606.348997699999,0.5484328041619091,0.484708992430555,4.4619999,0.0228310502283105,Industrial,0.8821988580931527
MAC005119,9183.2509971,0.5241581619349315,0.6354118232860527,5.6329999,0.0,Industrial,1.2099437261812604
MAC005120,2219.3210002,0.12668080371025744,0.1195766377449377,1.579,0.005707762557077625,Residential,0.9365279217406063
MAC005123,5971.1729989,0.340878746297882,0.4484479189596871,3.892,0.017123287671232876,Industrial,1.3117162848402117
MAC005125,1368.425,0.07811536705103322,0.06917558792760825,0.829,0.01141552511415525,Residential,0.8743634834303008
MAC005126,3086.6129998,0.17623689618590843,0.1428253390509833,1.387,0.03424657534246575,Commercial,0.8058442803081478
MAC005128,1316.3729999,0.07513973399737428,0.11301829108201883,1.6849999,0.005707762557077625,Residential,1.484353637036824
MAC005129,4644.2219998,0.2665569649199334,0.14628966896873788,1.587,0.5536529680365297,Industrial,0.5467608328286844
MAC005130,2026.4119999999998,0.11567599040986414,0.2549430006483667,1.8710001,0.01141552511415525,Residential,2.1850510953692583
MAC005131,779.0929997000001,0.04447131683886067,0.05518353206683285,1.434,0.005707762557077625,Residential,1.213589926642985
MAC005132,2370.0330001,0.1352835778354929,0.09794590814790703,1.24,0.005707762557077625,Commercial,0.7186919341531887
MAC005133,3863.721,0.2205571983103094,0.2886203326991837,4.2449999,0.01141552511415525,Commercial,1.3026899369568068
MAC005135,2193.8420002,0.1252264398767053,0.1241657263019941,1.78,0.005707762557077625,Residential,0.9836744696537109
MAC005136,1986.3429998000001,0.11339515897699379,0.08675427479032931,1.791,0.017123287671232876,Residential,0.7583736546734169
MAC005137,1651.9189999,0.09428761414954338,0.1561273784199417,1.978,0.0,Residential,1.6384855451928624
MAC005138,3716.9199992999997,0.2121650778754495,0.20786519016730806,2.6110001,0.005707762557077625,Commercial,0.9751371671149712
MAC005139,4575.6810004,0.26121373525147,0.19622066121095907,1.857,0.017123287671232876,Industrial,0.7483233516458556
MAC005140,1020.7610000000001,0.05828590190144465,0.08870003418791561,1.163,0.039954337899543384,Residential,1.4961404202869049
MAC005141,2551.9559999,0.14566790341343683,0.10549813654467181,1.39,0.005707762557077625,Commercial,0.7192994110462393
MAC005142,2459.3309999999997,0.14040482986983327,0.1274358568487667,2.1440001,0.0228310502283105,Commercial,0.9012129003378078
MAC005143,3042.6840002000004,0.17366917809360732,0.17803382538829926,1.503,0.0,Commercial,1.0192629708997014
MAC005144,5629.4529988,0.32133415142416805,0.27625744557881304,3.523,0.005707762557077625,Industrial,0.8570529816906635
MAC005145,1628.4389996,0.10226960997299504,0.10510227485236129,1.755,9.115296803652969,Residential,1.0177464103897118
MAC005151,3320.3810002,0.18951946348173515,0.20722996065308572,2.243,0.0,Commercial,1.0877101838624093
MAC005153,1371.665,0.07829138127853881,0.0927780029655189,1.103,0.0,Residential,1.1700893775529473
MAC005154,10473.0339969,0.6698026347467383,0.6501924526800229,6.5570002,10.753424657534246,Industrial,0.9692753412119546
MAC005155,4015.7879987,0.2294867134521973,0.2880829205515616,3.7550001,0.11986301369863014,Commercial,1.2498894892321404
MAC005156,4192.7349996,0.23932501852845484,0.21589948057170943,1.875,0.005707762557077625,Industrial,0.8983645643457908
MAC005163,3078.403,0.17573802591767995,0.2490824134497938,2.096,0.017123287671232876,Commercial,1.4093311960257495
MAC005165,5453.691000000001,0.31128373287671235,0.2791977343969583,2.0969999,0.0,Industrial,0.894051482685407
MAC005166,7463.6799995,0.4260091323915525,0.2846563416998623,3.04,0.0,Industrial,0.6666282290160538
MAC005167,1792.6890002,0.10232827217306924,0.1255122463846241,2.0420001,0.005707762557077625,Residential,1.2146941368998982
MAC005168,1833.5940002000002,0.10467511561340413,0.08982495427843067,1.3430001,0.017123287671232876,Residential,0.8500104661067153
MAC005169,1545.9430001,0.08825890614866408,0.12049372050586853,1.4809999,0.0228310502283105,Residential,1.3499349891783536
MAC005170,3084.8849999000004,0.17607791095319636,0.10833247079215341,1.753,0.0,Commercial,0.611778568026968
MAC005174,2714.6710000000003,0.15494697488584477,0.07755777672117344,1.114,0.0,Commercial,0.49733428159120585
MAC005176,1176.978,0.06718294423197671,0.061342600531867686,0.685,0.005707762557077625,Residential,0.8996766159461179
MAC005177,2216.7329998,0.126533078360637,0.17054569580862297,1.725,0.005707762557077625,Residential,1.337266362585205
MAC005178,6083.6550005,0.3472604030195787,0.4584758539403053,3.846,0.005707762557077625,Industrial,1.3164742530735842
MAC005181,1317.0550001000001,0.07519153916990182,0.11138757324753068,1.4680001,0.0228310502283105,Residential,1.4619415024435214
MAC005182,1400.5970000000002,0.07994731434442606,0.06239925657119893,0.869,0.005707762557077625,Residential,0.7708625922497411
MAC005183,1513.4959999999999,0.08638675799086758,0.11876016160613946,1.3279999,0.0,Residential,1.3590178230270378
MAC005185,3639.7780013,0.20777360436693687,0.28081980145630847,2.5179999,0.01141552511415525,Commercial,1.3450924617977302
MAC005187,1043.796,0.05957739726027397,0.07241965854552433,1.171,0.0,Residential,1.195489767154727
MAC005188,11248.0210021,0.6420836283879439,0.35421400880038834,3.336,0.01141552511415525,Industrial,0.5508055144994404
MAC005191,978.5040000000001,0.055850684931506855,0.08521808564118574,2.29,0.0,Residential,1.4989808081266858
MAC005192,2288.836,0.13064878132313487,0.08211510316221353,1.432,0.005707762557077625,Residential,0.6237437394931912
MAC005193,2352.701,0.13429425195502026,0.08458514172108005,1.099,0.005707762557077625,Commercial,0.6251939051276258
MAC005194,2958.9410000999997,0.1704066459398756,0.12981853601151055,2.4630001,0.8904109589041096,Commercial,0.7573716602391665
MAC005195,4168.3640004,0.23792031965753424,0.2382598464318024,2.424,0.0,Industrial,0.9972355920723756
MAC005196,3017.3610006000004,0.1722434638999886,0.268543439326667,2.678,0.01141552511415525,Commercial,1.5500927612581907
MAC005198,16525.834008499998,0.943578509107,1.5811738909259978,6.618,0.03424657534246575,Industrial,1.6739465017268198
MAC005199,4623.724989300001,0.26392630796849137,0.44700654457267325,3.217,0.005707762557077625,Industrial,1.6872863552148145
MAC005201,1405.4190002999999,0.08022255838232775,0.09441379694999821,1.512,0.005707762557077625,Residential,1.1624085577996344
MAC005202,5155.7509992,0.3294830648773006,0.40476795101784957,4.0380001,10.684931506849315,Industrial,1.2247766800641628
MAC005203,4178.3190003,0.23850214055025973,0.15289831538053197,1.903,0.005707762557077625,Industrial,0.6384006215111306
MAC005205,1284.797,0.08312609989648033,0.07733908633881745,0.883,11.78082191780822,Residential,0.9193233305001123
MAC005206,1332.1960004,0.07604292484730864,0.1254018901153244,2.6670001,0.005707762557077625,Residential,1.6276885952066122
MAC005208,3268.6440001,0.1865770877390262,0.12658413171968105,1.104,0.005707762557077625,Commercial,0.6748379199478567
MAC005210,2159.3490001,0.12325754895256578,0.12179655328340412,1.586,0.005707762557077625,Residential,0.9801943971218914
MAC005211,4286.2719992,0.24466419311604545,0.22051220651272838,2.477,0.005707762557077625,Industrial,0.8976163913662586
MAC005213,4075.7209998000003,0.2326457560248873,0.17906983776435842,2.359,0.005707762557077625,Industrial,0.7664159658234254
MAC005214,3039.1729998,0.17346877852739725,0.267742185147623,2.536,0.0,Commercial,1.5346137423984934
MAC005216,5726.7809972,0.32687106148401823,0.6149601866150008,3.3889999,0.0,Industrial,1.8756159321641641
MAC005217,1384.0219999000003,0.07900119869284779,0.09472660584073317,1.65,0.005707762557077625,Residential,1.184064831383606
MAC005218,1424.9759995,0.08135282025005709,0.1473886824873134,1.901,0.0228310502283105,Residential,1.7897223439316423
MAC005219,1906.7920001000002,0.10883515982305937,0.15366709330282918,1.938,0.0,Residential,1.3990701479415293
MAC005220,9050.540998899998,0.5165833903481735,0.6521837767803573,4.086,0.0,Industrial,1.2600554595495026
MAC005221,1288.506,0.07354906101946458,0.07743387058991812,1.247,0.005707762557077625,Residential,1.0386967928368718
MAC005222,6004.1980002,0.34272492723328957,0.3010859587448745,2.8870001,0.005707762557077625,Industrial,0.8759503163427086
MAC005223,3991.141,0.2278438659587829,0.21055181913462365,2.273,0.017123287671232876,Commercial,0.9200675676950247
MAC005224,4560.9360018,0.260357118495262,0.2560276550949371,2.2379999,0.01141552511415525,Industrial,0.9796085010769602
MAC005225,3809.4999996000006,0.21744962609738003,0.2600143681752774,2.306,0.005707762557077625,Commercial,1.1902715185210193
MAC005226,1344.0840004999998,0.07671712331621003,0.24954171161380212,3.234,0.0,Residential,3.210897431168214
MAC005227,3706.7909991000006,0.2116352268969455,0.2466207731185722,2.362,0.028538812785388126,Commercial,1.159830272328761
MAC005228,3697.3339985999996,0.2111073426173347,0.39064939104125557,2.7920001,0.03424657534246575,Commercial,1.841753266156517
MAC005229,1465.2759993000002,0.0837587743969361,0.15645649956454194,2.2049999,0.14840182648401826,Residential,1.845903278778387
MAC005230,4967.9800001,0.3146083212019505,0.1272951740875125,1.35,9.868721461187215,Industrial,0.403332756255369
MAC005231,1075.2250001,0.06137479308750499,0.08971973948595725,1.253,0.005707762557077625,Residential,1.4383973885106167
MAC005232,891.8139998,0.050905531126205834,0.09691631039307855,1.378,0.005707762557077625,Residential,1.8671672997128406
MAC005233,2419.7909996999997,0.13813169309852721,0.20451770516456566,2.6229999,0.01141552511415525,Commercial,1.4699577113586537
MAC005234,4391.419996999999,0.2506661337405102,0.8186435857062774,5.8340001,0.005707762557077625,Industrial,3.2528953083149856
MAC005235,9265.7429945,0.5288967974484845,0.6468678259920833,5.6669998,0.005707762557077625,Industrial,1.2207430373363795
MAC005236,2047.9059999,0.11688961186643836,0.11364323457151049,1.2029999,0.0,Residential,0.9639800553441574
MAC005237,3349.5359994,0.19119447453621782,0.17690380240701753,1.878,0.005707762557077625,Commercial,0.9204416663585255
MAC005238,4294.8179995,0.24651693258523705,0.23216749480398075,3.54,0.5593607305936072,Industrial,0.937986312205245
MAC005239,4076.2289997,0.23266147258561642,0.23891880257150996,2.5109999,0.0,Industrial,1.022499772545802
MAC005241,2392.7699997,0.13660481843457412,0.1251738002437235,1.494,0.0228310502283105,Commercial,0.9096614614788282
MAC005242,2530.7899999,0.1445174737265875,0.14054048505663616,2.1930001,0.045662100456621,Commercial,0.9657979997694119
MAC005243,5440.4229991,0.31054415201210117,0.2909770407757082,3.155,0.005707762557077625,Industrial,0.9339833179228024
MAC005244,7220.7129976,0.4121411528310502,0.39435099468545476,3.5220001,0.0,Industrial,0.9545187933546783
MAC005245,4435.8339994,0.2532157780226053,0.3467137911236281,2.96,0.01141552511415525,Industrial,1.3638563027854145
MAC005246,2944.6590001999994,0.16809333258362824,0.12890835417047053,2.5350001,0.01141552511415525,Commercial,0.762350307968036
MAC005247,4884.0980002,0.2788363781799497,0.22495783212917947,1.9680001,0.0228310502283105,Industrial,0.803890593468586
MAC005248,3065.9479997,0.1750569829679114,0.2200638477924914,2.3870001,0.03424657534246575,Commercial,1.2499580765427567
MAC005249,4422.8099998,0.2524579028369199,0.27340417863151023,3.5580001,0.005707762557077625,Industrial,1.0786966023601332
MAC005251,4011.2500010999997,0.23279264123382273,0.25954406376729194,2.381,1.649543378995434,Commercial,1.110146420338844
MAC005252,1101.7730000000001,0.06308462639564845,0.08634797505868438,1.647,0.3139269406392694,Residential,1.3474054529956296
MAC005253,3146.2350004,0.17961037851230233,0.21051737914548374,2.6889999,0.017123287671232876,Commercial,1.165588494302083
MAC005254,3342.7029991000004,0.19079355017694066,0.2356259896643841,3.7920001,0.0,Commercial,1.2285396951409757
MAC005257,2651.0130002,0.15132216451852276,0.1323702534996194,1.408,0.005707762557077625,Commercial,0.8690150505543981
MAC005258,3071.9109997999994,0.17535740380180384,0.2522511120368247,2.783,0.01141552511415525,Commercial,1.4303403576994855
MAC005259,9302.539998799999,0.5310275144879552,0.6349847373807024,3.848,0.01141552511415525,Industrial,1.1935186058785652
MAC005260,1822.259,0.1040399086497288,0.07904004211546084,1.155,0.028538812785388126,Residential,0.752476302878667
MAC005261,2287.56,0.13056849315068492,0.07503624704260742,0.992,0.0,Residential,0.5703207906825282
MAC005262,1493.7119997,0.0852721356225381,0.13921382915958935,1.77,0.017123287671232876,Residential,1.613659244146734
MAC005263,7101.029001600001,0.405309874520548,0.5993569502265552,2.8900001,0.0,Industrial,1.4751227765109223
MAC005264,7653.2569992,0.43685467202465894,0.35594774659582656,2.937,0.005707762557077625,Industrial,0.8129358194350395
MAC005265,1241.0500000000002,0.07086450065665506,0.07475890495781566,1.176,0.039954337899543384,Residential,1.0402758562950172
MAC005267,7322.5140033,0.41795171251712326,0.699443463517886,4.9320002,0.0,Industrial,1.669508543873773
MAC005268,3266.3810005,0.18643727171803653,0.16576977687506747,1.648,0.0,Commercial,0.8844013538803336
MAC005269,4933.374999500001,0.28323429782409004,0.18713444701099297,2.237,0.5821917808219178,Industrial,0.6583809499542125
MAC005270,4840.910999600001,0.27630770545662103,0.23784480183574203,2.197,0.0,Industrial,0.8576927260066628
MAC005272,871.524,0.04976440358590761,0.06908000552701896,0.91,0.039954337899543384,Residential,1.3607961612336528
MAC005273,1137.989,0.0649537100456621,0.056465320402674435,0.628,0.0,Residential,0.8561356194152154
MAC005275,8698.8139965,0.49650764820205473,0.3961488889402023,3.5109999,0.0,Industrial,0.7962669325222369
MAC005276,5893.073000099999,0.33636261416095886,0.5458954515333311,3.744,0.0,Industrial,1.6181266940055168
MAC005277,1845.7589999000002,0.10535154109018266,0.13937521533065408,1.7130001,0.0,Residential,1.3105142991060978
MAC005280,5161.9510009,0.2946319064440639,0.26955318065332057,3.4549999,0.0,Industrial,0.9117864979310761
MAC005282,3311.9360008999997,0.18903744297374428,0.28975529113692855,2.405,0.0,Commercial,1.524727372683926
MAC005283,5083.739000799999,0.2902008791414545,0.295087709173891,3.8740001,0.01141552511415525,Industrial,1.0133475903091227
MAC005285,2712.4199994,0.15528825782332398,0.2147810981327677,2.171,0.3025114155251142,Commercial,1.3742625397716501
MAC005288,5240.306000400001,0.2991042237671233,0.22269132097697628,2.096,0.0,Industrial,0.7420466069473971
MAC005289,970.2979999,0.05538546720132428,0.08389524839456824,1.0829999,0.005707762557077625,Residential,1.4878877937646646
MAC005293,5780.361999299999,0.329929337859589,0.3838665208954985,3.04,0.0,Industrial,1.1599652160739233
MAC005294,1215.5040000000001,0.06937808219178083,0.09322386588646688,1.298,0.0,Residential,1.3246150361476332
MAC005295,4072.2030009,0.23245821445941317,0.21167892276743555,2.0139999,0.01141552511415525,Industrial,0.9067101076635538
MAC005296,1688.8120001000002,0.09639888122038931,0.10358121219251584,1.344,0.005707762557077625,Residential,1.063474353038383
MAC005297,2884.3260000999994,0.16463047945776252,0.14542770943194971,1.604,0.0,Commercial,0.8780250465255417
MAC005298,2871.1640015999997,0.16388857820651861,0.23168425946872306,2.3989999,0.005707762557077625,Commercial,1.4050958652730003
MAC005299,6021.4420015999995,0.3437092300702095,0.2382020598656557,1.823,0.005707762557077625,Industrial,0.6910231554204085
MAC005300,1482.906,0.08464075342465753,0.0686304115712133,1.312,0.0,Residential,0.801375616476692
MAC005301,6120.2389999,0.3493486500313945,0.5479914339835815,4.402,0.005707762557077625,Industrial,1.564131712608216
MAC005302,11424.443997200002,0.6521918135068792,0.4714653613491911,3.7880001,0.017123287671232876,Industrial,0.7217870028376064
MAC005303,4365.9749995,0.2492137107997032,0.2516564878730722,2.77,0.005707762557077625,Industrial,1.005766179114477
MAC005304,1036.89,0.059200114187839,0.061694362270361826,0.966,0.028538812785388126,Residential,1.0248213496383147
MAC005305,3228.4169991999997,0.18429141449937206,0.22583710255492298,2.8789999,0.01141552511415525,Commercial,1.2188211912845446
MAC005307,7276.144,0.41532872880872196,0.7041001147746487,4.3280001,0.005707762557077625,Industrial,1.6912119343513774
MAC005309,6933.556997299999,0.3957509701655251,0.47169457168773465,2.911,0.0,Industrial,1.1888933037540979
MAC005311,1466.8960006000002,0.08372694067351599,0.25580689650935434,3.8050001,0.0,Residential,3.01919194149913
MAC005312,2432.6129997999997,0.13885569951481247,0.24543790698214116,3.276,0.005707762557077625,Commercial,1.75493675147752
MAC005313,247.728,0.014142147628018497,0.055689314315732964,1.46,0.017123287671232876,Residential,3.6777685493362524
MAC005314,4414.4550002999995,0.25199537620162116,0.22198094273224095,2.0450001,0.01141552511415525,Industrial,0.8774110660241329
MAC005315,5803.5499975,0.3312528537385845,0.2680383557005157,2.4809999,0.0,Industrial,0.8067300331193166
MAC005316,6775.5090024,0.4291012667764408,0.38940841935225295,3.3169999,9.874429223744292,Industrial,0.905387752681651
MAC005317,1573.5199999000001,0.0898127853824201,0.12095875574081467,1.179,0.0,Residential,1.3319573365297344
MAC005318,14700.077990000002,0.8401484820254902,0.8875012639902957,7.1700001,0.1312785388127854,Industrial,1.0551065393985943
MAC005319,1997.8779996,0.11406017353277004,0.19873261155763605,2.3110001,0.0228310502283105,Residential,1.7272059084895734
MAC005320,5576.6170007,0.3183000571175799,0.3762069339198669,3.033,0.0,Industrial,1.1782238228079347
MAC005323,2793.9310001,0.15947094749429222,0.15279825070958208,2.2490001,0.0,Commercial,0.952186380746689
MAC005325,3706.5869998999997,0.21157526113933442,0.19064394158963166,1.859,0.005707762557077625,Commercial,0.8968303299633362
MAC005326,2543.6549983,0.1452023631864368,0.24698561464904156,2.648,0.01141552511415525,Commercial,1.6893407826389664
MAC005327,12491.3419976,0.7130982472797853,0.541658272810199,3.869,0.017123287671232876,Industrial,0.7585206585697948
MAC005328,1365.3699998,0.07793207761415524,0.11495678397625685,2.473,0.0,Residential,1.4564013446877917
MAC005329,4509.7020001,0.2574177749928649,0.2247415003114047,2.3789999,0.005707762557077625,Industrial,0.8696828239373625
MAC005330,2234.6870005,0.1275579085849649,0.16515172218367383,1.779,0.005707762557077625,Residential,1.2846484825515327
MAC005331,3080.5960007000003,0.21609118972362518,0.15819926936512857,2.0380001,18.63013698630137,Commercial,0.728722660585762
MAC005332,2440.8469993000003,0.13932570348193393,0.18205541823687996,3.5799999,0.005707762557077625,Commercial,1.2973775560677554
MAC005333,3509.4820006,0.20034720560598276,0.26975192517991287,1.892,0.017123287671232876,Commercial,1.3397351324944216
MAC005334,887.317,0.05065462122509562,0.09757140786881559,1.244,0.017123287671232876,Residential,1.888919240035236
MAC005335,12731.1839938,0.7276625510859625,0.6888547088163877,4.2389998,0.136986301369863,Industrial,0.9453686178735998
MAC005336,3948.3889984999996,0.22537753287858894,0.49271907134482595,3.73,0.005707762557077625,Commercial,2.176536978203935
MAC005337,3227.9789994,0.18426641165658178,0.33769903944021046,1.753,0.01141552511415525,Commercial,1.8227753019051542
MAC005338,3448.4390006000003,0.19685118167599042,0.2311843466418066,2.688,0.01141552511415525,Commercial,1.1684759458268184
MAC005339,1107.0140000000001,0.06319294440004568,0.06810140054573048,1.131,0.01141552511415525,Residential,1.060886070614359
MAC005340,6305.700996299999,0.3599555312421509,0.6035007360305161,3.348,0.01141552511415525,Industrial,1.6719531460113606
MAC005343,2278.255,0.13003738584474886,0.13451732786816162,0.837,0.0,Residential,1.026556863913141
MAC005344,4361.1699976,0.24895364753967347,0.5372405303889024,5.0029998,0.01141552511415525,Industrial,2.1493606341697005
MAC005345,4882.8240031000005,0.2787000001769407,0.5673928154230686,3.299,0.0,Industrial,2.028576385642227
MAC005346,11751.654000699999,0.6707947942633711,0.41381714943005,3.2079999,0.005707762557077625,Industrial,0.6159874309294167
MAC005348,4398.3970007,0.251064387276671,0.45622069552897476,3.8180001,0.005707762557077625,Industrial,1.8099371373244313
MAC005350,5311.8779989,0.3032239981105149,0.43321597467592704,3.244,0.01141552511415525,Industrial,1.4240032915435994
MAC005351,1385.602,0.07909138649466295,0.10835541480666949,1.557,0.005707762557077625,Residential,1.3528972283915945
MAC005353,16188.343994299998,1.0353251467319007,1.1645093041521422,6.9910002,10.753424657534246,Industrial,1.1236910614631674
MAC005355,7938.2859978,0.4532019866293674,0.4912000557125691,3.5120001,0.0228310502283105,Industrial,1.0814573035176802
MAC005356,12066.349996699999,0.6887186071175798,0.568631309073472,3.888,0.0,Industrial,0.824439565941034
MAC005357,2866.237,0.1636073406016325,0.09358265134356775,1.164,0.005707762557077625,Commercial,0.5685205228486611
MAC005358,2124.0550003000003,0.1212706251955467,0.11047894682305916,1.813,0.028538812785388126,Residential,0.9035608237577163
MAC005360,2857.3940001,0.163102574353559,0.12045831696061676,1.283,0.005707762557077625,Commercial,0.7340428231253053
MAC005361,3691.8739984999997,0.21357595733541593,0.3892337769182977,5.7909999,1.3356164383561644,Commercial,1.8139673323692278
MAC005362,1765.507,0.10078245233474141,0.12303521949143506,1.37,0.01141552511415525,Residential,1.2088058075747448
MAC005363,5434.7620008,0.3102387259276173,0.2931936870931196,2.3670001,0.01141552511415525,Industrial,0.9420218715369811
MAC005364,4761.0439999,0.27179562709938915,0.28361904816519456,1.933,0.017123287671232876,Industrial,1.0396759331551237
MAC005365,4413.7539992,0.2519409783206804,0.2502948720859872,2.1240001,0.005707762557077625,Industrial,0.9895386415745635
MAC005366,6246.7869983,0.3565721215994064,0.40537415989100734,5.6469998,0.005707762557077625,Industrial,1.133685025772659
MAC005367,3086.1129998,0.1763392377464145,0.16846537290744068,1.851,0.1084474885844749,Commercial,0.9499610748769375
MAC005369,1911.3329999000002,0.10910680442402101,0.10370663316627209,1.1289999,0.01141552511415525,Residential,0.9418730632386543
MAC005371,6289.0020015,0.35896130145547944,0.3050553056598568,3.072,0.0,Industrial,0.8474669483257952
MAC005372,2512.6059999999998,0.14343814580122166,0.12649690290231766,0.988,0.017123287671232876,Commercial,0.8757859788397239
MAC005373,3127.1590003,0.17854176421924065,0.1944130017252962,2.5439999,0.028538812785388126,Commercial,1.0828288480439352
MAC005374,1453.171,0.08295301975111315,0.1355059658254194,1.541,0.01141552511415525,Residential,1.614068990336976
MAC005375,3793.3700004,0.21654127185751798,0.19969387523320298,2.46,0.01141552511415525,Commercial,0.9179585718520372
MAC005376,4982.0639979,0.2843806152120555,0.6430542622043863,3.9449999,0.005707762557077625,Industrial,2.2533214518672096
MAC005377,3511.9740027000003,0.20048946752868643,0.4521321675512157,3.0550001,0.017123287671232876,Commercial,2.2439493890014117
MAC005378,8641.157002099999,0.49341386410666355,0.4251391334881037,3.0550001,0.039954337899543384,Industrial,0.8598851374369739
MAC005379,2271.9299984,0.12969857843237997,0.1768439260443069,2.563,0.017123287671232876,Residential,1.353066943538344
MAC005380,2230.749,0.12732585616438355,0.1642583125076268,1.567,0.0,Residential,1.280009480686529
MAC005381,2502.8700002,0.1432667429994276,0.11518858576870597,1.339,0.28538812785388123,Commercial,0.7984417154906103
MAC005382,7352.0140012,0.4196355023515982,0.3182686885953145,2.7720001,0.0,Industrial,0.7566377227219447
MAC005383,1995.255,0.11389741979678046,0.06422599119551455,0.614,0.01141552511415525,Residential,0.5589854960112361
MAC005385,8724.2540026,0.49795970334474887,0.8302561029950501,4.2270002,0.0,Industrial,1.6639742597036877
MAC005386,5077.1309992999995,0.28979058215182646,0.6282835654318613,3.309,0.0,Industrial,2.1606049301274286
MAC005387,3252.7829994000003,0.18571413071081933,0.2686555469004628,2.563,0.028538812785388126,Commercial,1.4388602827096861
MAC005388,5481.0300016,0.3132912261560446,0.47673353619619996,4.9850001,0.14269406392694062,Industrial,1.5168528311366327
MAC005389,2410.505,0.13758590182648403,0.09411434565816693,1.148,0.0,Commercial,0.6791047604250716
MAC005390,1022.0390000000002,0.05833888920600492,0.052384234852909675,1.317,0.005707762557077625,Residential,0.8827976990106607
MAC005392,3422.8900004999996,0.19538158573548717,0.1477174663993277,1.516,0.005707762557077625,Commercial,0.7521961178085873
MAC005393,12691.7839918,0.7244582448655745,0.9723465925725507,5.862,0.005707762557077625,Industrial,1.3403205483628131
MAC005394,2193.1729984,0.1251882526628232,0.14745745291742562,2.5469999,0.005707762557077625,Residential,1.1685513493196076
MAC005397,4296.3780011,0.24522705485730592,0.4998975872186247,3.3469999,0.0,Industrial,2.0302301366043083
MAC005398,6532.9869979,0.37288738572488583,0.851429797342808,4.934,0.0,Industrial,2.27723595352668
MAC005399,6790.690997399999,0.38761864246817734,0.5280799565990584,4.849,0.005707762557077625,Industrial,1.358864189440683
MAC005400,2345.3620003999995,0.13387533537302354,0.18119389179708634,1.711,0.005707762557077625,Commercial,1.3434175440302705
MAC005402,6083.522998799999,0.3472330478767123,0.3645777996173872,2.7079999,0.0,Industrial,1.0469362452539588
MAC005403,3378.380001,0.19285192379267038,0.2642686574287166,2.467,0.01141552511415525,Commercial,1.363250115130963
MAC005404,7453.0400003,0.42547468175486675,0.39235894188293824,2.6900001,0.017123287671232876,Industrial,0.9200052398619577
MAC005405,735.234,0.04196541095890411,0.05311905656960864,0.853,0.0,Residential,1.2363213893244585
MAC005406,29917.826006900003,1.7076384707134704,1.2601819090195423,9.1409998,0.0,Industrial,0.7375357225179019
MAC005407,7017.4529971,0.4005852835426419,0.3247459348172586,2.8329999,0.01141552511415525,Industrial,0.808659948772191
MAC005408,2492.7770002,0.14228179224885845,0.1260462859440393,1.479,0.0,Commercial,0.8797090262879758
MAC005409,3295.882,0.1881211187214612,0.13899998354556367,2.0009999,0.0,Commercial,0.7349786448243453
MAC005410,2306.0359998,0.13163057250984644,0.1429958384940766,1.812,0.005707762557077625,Commercial,1.0781514079904966
MAC005411,5579.8129996,0.3185552066453528,0.29071799114324176,2.516,0.0228310502283105,Industrial,0.9097582674216446
MAC005412,8922.2579979,0.50926130125,0.4084842972092625,3.8080001,0.0,Industrial,0.8005394416715282
MAC005414,1395.407,0.07966015870297424,0.07819949774832828,0.958,0.017123287671232876,Residential,0.9694934773968499
MAC005415,1238.149,0.07067867336453933,0.04428076324705229,0.582,0.01141552511415525,Residential,0.6177676171802413
MAC005416,1846.3349998,0.10539043323249045,0.11166225983994507,1.378,0.005707762557077625,Residential,1.0495516979044002
MAC005417,3207.6310002,0.18310486358031738,0.1792839220805133,2.243,0.01141552511415525,Commercial,0.9738141545744613
MAC005418,2742.495,0.156535102739726,0.11524272362180535,1.283,0.0,Commercial,0.7315367915949841
MAC005419,1097.056,0.06262450051375729,0.08502726022356492,1.155,0.01141552511415525,Residential,1.3363917914794443
MAC005420,1590.3290001,0.09078256650873387,0.08850662824235246,1.2819999,0.01141552511415525,Residential,0.9643076197256951
MAC005421,9280.115999900001,0.5297474597499715,0.3308835374551013,2.8410001,0.01141552511415525,Industrial,0.6234293379585394
MAC005422,7497.6299988,0.4279713453279297,0.8725355763526532,4.836,0.005707762557077625,Industrial,2.0340183227987834
MAC005423,11660.2150033,0.6710528892322744,0.6205459800570852,4.5510001,0.821917808219178,Industrial,0.9233588457092587
MAC005424,5835.3569985,0.3340024611355962,0.32830110702445525,2.8039999,0.2796803652968036,Industrial,0.9799961048392761
MAC005425,3437.5100003999996,0.1962385111834218,0.18631306607255987,1.944,0.017123287671232876,Commercial,0.9446079518380575
MAC005426,1626.2270001,0.09288479552775873,0.07966108840709274,1.186,0.0684931506849315,Residential,0.8484982894119368
MAC005428,4822.016000199999,0.27527636011874174,0.2933693243591996,4.0949998,0.017123287671232876,Industrial,1.0618690800512625
MAC005430,4040.0819991000003,0.2306246146306656,0.18913159939433805,1.4630001,0.01141552511415525,Commercial,0.8165436117224228
MAC005431,2306.503001,0.13165722935099036,0.1955818041923763,3.6559999,0.005707762557077625,Commercial,1.474339582917847
MAC005433,1569.9809993000001,0.08961078763127854,0.11677533849865898,1.396,0.0,Residential,1.2887575701676002
MAC005435,3231.2969997,0.1844663469600959,0.16056402797292102,1.944,0.017123287671232876,Commercial,0.8657313340380142
MAC005436,2365.5029997000006,0.13505583783614047,0.13584843855570441,1.8049999,0.028538812785388126,Commercial,0.9984756311545717
MAC005437,1266.9440000000002,0.07231828300702096,0.11868130066542236,1.107,0.005707762557077625,Residential,1.6187135840873064
MAC005438,2231.8840001000003,0.12741245647656563,0.09155271231341609,1.633,0.017123287671232876,Residential,0.7129581882122458
MAC005439,1874.9529999000001,0.1070178652910959,0.1906658391794442,2.0039999,0.0,Residential,1.765132449763022
MAC005440,4163.6779995,0.23781574134681288,0.24294030879617223,2.4319999,0.0684931506849315,Industrial,1.0172709195218819
MAC005441,6313.637,0.3603879787659113,0.23239234167213255,1.7079999,0.005707762557077625,Industrial,0.6430549861279821
MAC005442,12721.811998999998,0.7261722700496602,0.6384432880126187,4.8099999,0.005707762557077625,Industrial,0.8779807953471851
MAC005443,1828.4419999,0.10436908498772761,0.11835895139325965,2.201,0.005707762557077625,Residential,1.1232796736067792
MAC005444,1467.0800001000002,0.08374222273531595,0.08702142101693472,1.461,0.005707762557077625,Residential,1.026895663201302
MAC005446,7076.0320005,0.403952274961466,0.517953849715307,3.3629999,0.017123287671232876,Industrial,1.2790491169967964
MAC005447,9441.3820019,0.5392302245645096,0.454220944939686,4.086,0.06278538812785388,Industrial,0.8407914335149289
MAC005450,2082.3279998,0.11885433788812784,0.11775956928120765,1.7079999,0.0,Residential,0.982522379716657
MAC005451,5808.2729997,0.331522431489726,0.23223643415904138,2.4230001,0.0,Industrial,0.6984083242703488
MAC005452,4162.1580002,0.23757965638449682,0.14682484557596234,1.571,0.005707762557077625,Industrial,0.6154122602110647
MAC005453,967.743,0.0552427788560338,0.07696283434701967,0.964,0.01141552511415525,Residential,1.3684038362333335
MAC005455,861.326,0.04916244292237443,0.05652335991092275,0.993,0.0,Residential,1.1268063638445946
MAC005456,2609.677,0.1544736000947082,0.16789653274903635,1.503,3.573059360730593,Commercial,1.0799038077638943
MAC005457,2452.1049996,0.13996033102739727,0.15686631264458928,1.7819999,0.0,Commercial,1.112840126731119
MAC005458,4362.6189991,0.24900793373858449,0.15954259067701695,1.659,0.0,Industrial,0.6381501110434331
MAC005459,11630.625996300001,0.6638864088304127,0.44930199143804317,4.6719999,0.005707762557077625,Industrial,0.6757575210905583
MAC005460,2960.2799997,0.16897539812203893,0.11359016575018138,1.3789999,0.005707762557077625,Commercial,0.6682741561730358
MAC005461,3279.9900002000004,0.18721404110730597,0.1575099715685869,1.698,0.0,Commercial,0.8368662116913274
MAC005462,1601.6079996,0.09142119981734118,0.1327398298527904,1.732,0.005707762557077625,Residential,1.4362487190723978
MAC005463,2309.4860000000003,0.1318199771689498,0.14995366339358807,2.6470001,0.0,Commercial,1.1289993161408531
MAC005464,4875.8860014,0.2785743016282923,0.14618185415935547,1.751,0.09703196347031963,Industrial,0.522873001230676
MAC005466,1739.544,0.09930037675533737,0.05682014051134716,0.755,0.01141552511415525,Residential,0.5664997714809036
MAC005467,2041.8359998,0.11882192736266295,0.11756914374237494,1.3329999,1.9178082191780823,Residential,0.9811989034905978
MAC005468,4722.6719998,0.26957429075860495,0.20662328692030343,1.938,0.005707762557077625,Industrial,0.7636471533973052
MAC005469,2197.9460005,0.12547502429068905,0.1745860143167258,2.28,0.017123287671232876,Residential,1.3803991364766128
MAC005471,1678.0090001,0.09579317235257179,0.12018732283363279,1.4859999,0.017123287671232876,Residential,1.241692155680642
MAC005472,288.17300000000006,0.016450108459869852,0.020941265853853815,0.479,0.01141552511415525,Residential,1.2000650828052217
MAC005475,3011.3999991,0.17188356159246576,0.20514660643970226,2.427,0.0,Commercial,1.186617192230742
MAC005476,4909.615000000001,0.28026115994976597,0.2159435509477567,1.77,0.01141552511415525,Industrial,0.7677688273287532
MAC005478,3188.9439999000006,0.18204852428498033,0.1807751247512454,1.747,0.017123287671232876,Commercial,0.9875803449243024
MAC005479,2535.253,0.14511207143265983,0.1786721468188533,1.682,0.2796803652968036,Commercial,1.2228431577687937
MAC005480,1120.7350000000001,0.06396889269406393,0.0775824024569178,0.904,0.0,Residential,1.1941469100027673
MAC005481,2762.7810002,0.1577289906485499,0.11412100766437383,1.628,0.0228310502283105,Commercial,0.7189676391066776
MAC005483,4630.151000000001,0.2820682911970759,0.11285370710939163,1.28,6.307077625570777,Industrial,0.39868014404630503
MAC005484,5444.7780013,0.31104130255926876,0.4169985895720991,3.415,0.08561643835616438,Industrial,1.336357033995187
MAC005485,2468.3740002000004,0.1416651744834711,0.2955710836741899,3.1459999,0.547945205479452,Commercial,2.0717816015318733
MAC005486,1487.024,0.08488548921109715,0.09025451642671513,1.38,0.01141552511415525,Residential,1.0508703770072194
MAC005487,2320.3709998,0.1324639492949706,0.16791962906070831,2.026,0.017123287671232876,Commercial,1.258164695018778
MAC005490,6087.9100002000005,0.3475429582805275,0.259578089642463,2.835,0.017123287671232876,Industrial,0.7447520699400834
MAC005491,1514.8799999,0.08647562506564677,0.14956173970044426,1.84,0.01141552511415525,Residential,1.7097533122879027
MAC005493,2085.0469999,0.11901632512700498,0.15701896081033126,1.472,0.005707762557077625,Residential,1.3083133535722657
MAC005496,2953.3460006,0.17940383918114444,0.19582298491786132,1.756,6.038812785388128,Commercial,1.0854701640868876
MAC005497,7904.3709998,0.45116272829908677,0.3614365440236744,2.984,0.0,Industrial,0.7993505908443636
MAC005499,3306.8769998999996,0.1887594611507506,0.1888062991130404,2.336,0.005707762557077625,Commercial,0.9949769986069207
MAC005500,3615.1379999,0.20634349314497719,0.12205207489740787,1.505,0.0,Commercial,0.5886467573499763
MAC005501,1865.8570003,0.10650476627090587,0.1289731309120865,2.723,0.005707762557077625,Residential,1.199696863551906
MAC005502,2920.367000200001,0.16670664460554863,0.21240793190257834,2.5840001,0.01141552511415525,Commercial,1.2665445212511917
MAC005503,2652.2570001,0.15140181528142482,0.18486476848012293,2.016,0.01141552511415525,Commercial,1.2130089667157316
MAC005504,4513.964000100001,0.2576757620790045,0.40456395692414315,4.7659998,0.01141552511415525,Industrial,1.5639809221885335
MAC005505,1851.5880008000001,0.10569027917118558,0.1320704332248408,1.479,0.005707762557077625,Residential,1.2378862840253002
MAC005506,3404.2249994,0.21964158974127362,0.21303403879076943,2.628,11.535388127853881,Commercial,0.9655207753015881
MAC005509,4409.165999299999,0.2517078266426899,0.21407664132105486,2.2869999,0.017123287671232876,Industrial,0.8471310293991935
MAC005511,3168.7940012000004,0.18088788681356321,0.19547286235258435,2.4460001,0.01141552511415525,Commercial,1.0746887314873577
MAC005512,888.754,0.05072796803652968,0.08379172256869477,1.094,0.0,Residential,1.6198533549495322
MAC005517,989.3410000000001,0.05647568215549721,0.045847060003022785,0.65,0.01141552511415525,Residential,0.7976775269754286
MAC005518,4600.655003000001,0.26259446364155253,0.29835805351665934,4.415,0.0,Industrial,1.1318828529053626
MAC005519,1495.041,0.0853577504995718,0.07320517482437582,0.639,0.028538812785388126,Residential,0.8476966387022645
MAC005520,2160.4080009,0.12331799765397568,0.14230579365277735,2.0780001,0.005707762557077625,Residential,1.144691809217106
MAC005521,3205.1499989999998,0.1829527940521719,0.3137751106570963,5.1430001,0.005707762557077625,Commercial,1.7057371282335876
MAC005523,3061.3729997,0.17475585110743236,0.17294061187123166,2.0810001,0.01141552511415525,Commercial,0.983982102339911
MAC005525,1604.889,0.09160325342465753,0.06587737200060811,1.271,0.0,Residential,0.7113937098787385
MAC005526,3781.4769996,0.21583772828767123,0.1732215975272503,1.666,0.0,Commercial,0.7988535892492062
MAC005527,2239.098,0.12780239726027398,0.14806390752405812,1.4450001,0.0,Residential,1.149543103804675
MAC005528,1745.375,0.09966737094563728,0.07552296548894608,0.788,0.045662100456621,Residential,0.7502228853252781
MAC005530,4207.4270002,0.24014994293378997,0.18128981872523273,1.767,0.0,Industrial,0.7517721817375987
MAC005531,1622.151,0.10627299528301887,0.07232260520421473,0.798,12.876712328767123,Residential,0.6741920929252105
MAC005532,4428.325000999999,0.25277270397853757,0.3033985917404383,3.089,0.005707762557077625,Industrial,1.1955525042050927
MAC005534,2355.182,0.1344358696272618,0.17436219634677744,2.9300001,0.005707762557077625,Commercial,1.287415193823071
MAC005539,5884.4460011,0.33587020554223745,0.25341726492795946,3.447,0.0,Industrial,0.7522697488786538
MAC005540,1726.3249999000002,0.09853453195776257,0.13307793247077104,1.761,0.0,Residential,1.3370026447428576
MAC005542,2352.6940005,0.13430151846671995,0.13815675454638948,1.869,0.01141552511415525,Commercial,1.0211027644924164
MAC005543,5846.1870002999985,0.33376267414364,0.1497184925135522,1.505,0.0228310502283105,Industrial,0.4472377121987948
MAC005544,1836.939,0.10486008676789588,0.06551339753202672,0.893,0.01141552511415525,Residential,0.6188677860775655
MAC005545,6663.7749972,0.3803741650322507,0.4872753639684287,2.8,0.005707762557077625,Industrial,1.277683201029683
MAC005546,2436.421,0.13907306353102344,0.10759108431773144,2.3139999,0.005707762557077625,Commercial,0.7681068836900402
MAC005547,2925.3019999,0.16702649308553155,0.11601881245636465,1.227,0.03424657534246575,Commercial,0.6904792829146704
MAC005548,1859.6670000000001,0.10615143558422285,0.14806557231456682,1.334,0.005707762557077625,Residential,1.3818347043813963
MAC005552,3300.9080002,0.18840799087899543,0.21924415805910275,2.2620001,0.0,Commercial,1.1575232757691218
MAC005553,12410.933002499998,0.708427022233004,0.4829753324559357,3.6630001,0.005707762557077625,Industrial,0.6807963572288447
MAC005554,2322.8200001,0.13261132679264673,0.13032782756284453,1.7460001,0.0228310502283105,Commercial,0.9754249934595897
MAC005555,2181.0999997,0.12452043843914135,0.10879304025964626,1.677,0.0228310502283105,Residential,0.8667356616380417
MAC005561,2681.7129999999997,0.15310950613759633,0.1582411613759379,1.886,0.028538812785388126,Commercial,1.0268098661912046
MAC005562,4037.4230000999996,0.23045967236143614,0.1825838949986559,1.8789999,0.005707762557077625,Commercial,0.7888367469627356
MAC005566,7632.1689987,0.435650950322507,0.39481124412216856,3.2490001,0.005707762557077625,Industrial,0.904180430228227
MAC005567,1900.4279993999999,0.10849668870746745,0.11690575088762367,1.528,0.0228310502283105,Residential,1.0676647145006397
